#2026 09 28 11:32:40.512#Z#DEBUG#2bb21052-bb30-11f1-a969-eeee0a843796.incident-management-db-deployer#flowable-async-job-executor-thread-22201#
[PollStageAppStatusExecution] 5417dcc0-8ec9-404c-9f48-6c83c38b999b [2026-09-28T11:31:54.690749] Added process: "web" (STDOUT, API)#
#2026 09 28 11:32:40.512#Z#DEBUG#2bb21052-bb30-11f1-a969-eeee0a843796.incident-management-db-deployer#flowable-async-job-executor-thread-22201#
[PollStageAppStatusExecution] 5417dcc0-8ec9-404c-9f48-6c83c38b999b [2026-09-28T11:31:54.699168] Created app with guid 5417dcc0-8ec9-404c-9f48-6c83c38b999b (STDOUT, API)#
#2026 09 28 11:32:40.512#Z#DEBUG#2bb21052-bb30-11f1-a969-eeee0a843796.incident-management-db-deployer#flowable-async-job-executor-thread-22201#
[PollStageAppStatusExecution] 5417dcc0-8ec9-404c-9f48-6c83c38b999b [2026-09-28T11:31:54.787048] Updating process: "web" (STDOUT, API)#
#2026 09 28 11:32:40.512#Z#DEBUG#2bb21052-bb30-11f1-a969-eeee0a843796.incident-management-db-deployer#flowable-async-job-executor-thread-22201#
[PollStageAppStatusExecution] 5417dcc0-8ec9-404c-9f48-6c83c38b999b [2026-09-28T11:31:54.840515] Scaling process: "web" (STDOUT, API)#
#2026 09 28 11:32:40.512#Z#DEBUG#2bb21052-bb30-11f1-a969-eeee0a843796.incident-management-db-deployer#flowable-async-job-executor-thread-22201#
[PollStageAppStatusExecution] 5417dcc0-8ec9-404c-9f48-6c83c38b999b [2026-09-28T11:32:20.490812] Uploading app package for app with guid 5417dcc0-8ec9-404c-9f48-6c83c38b999b (STDOUT, API)#
#2026 09 28 11:32:40.512#Z#DEBUG#2bb21052-bb30-11f1-a969-eeee0a843796.incident-management-db-deployer#flowable-async-job-executor-thread-22201#
[PollStageAppStatusExecution] 5417dcc0-8ec9-404c-9f48-6c83c38b999b [2026-09-28T11:32:20.658938] Updated app with guid 5417dcc0-8ec9-404c-9f48-6c83c38b999b ({"environment_variables"=>"[PRIVATE DATA HIDDEN]"}) (STDOUT, API)#
#2026 09 28 11:32:40.512#Z#DEBUG#2bb21052-bb30-11f1-a969-eeee0a843796.incident-management-db-deployer#flowable-async-job-executor-thread-22201#
[PollStageAppStatusExecution] 5417dcc0-8ec9-404c-9f48-6c83c38b999b [2026-09-28T11:32:30.528888] Creating build for app with guid 5417dcc0-8ec9-404c-9f48-6c83c38b999b (STDOUT, API)#
#2026 09 28 11:32:40.512#Z#DEBUG#2bb21052-bb30-11f1-a969-eeee0a843796.incident-management-db-deployer#flowable-async-job-executor-thread-22201#
[PollStageAppStatusExecution] 5417dcc0-8ec9-404c-9f48-6c83c38b999b [2026-09-28T11:32:31.029602] Downloading nodejs_buildpack... (STDOUT, STG)#
#2026 09 28 11:32:40.512#Z#DEBUG#2bb21052-bb30-11f1-a969-eeee0a843796.incident-management-db-deployer#flowable-async-job-executor-thread-22201#
[PollStageAppStatusExecution] 5417dcc0-8ec9-404c-9f48-6c83c38b999b [2026-09-28T11:32:31.078661] Downloaded nodejs_buildpack (STDOUT, STG)#
#2026 09 28 11:32:40.512#Z#DEBUG#2bb21052-bb30-11f1-a969-eeee0a843796.incident-management-db-deployer#flowable-async-job-executor-thread-22201#
[PollStageAppStatusExecution] 5417dcc0-8ec9-404c-9f48-6c83c38b999b [2026-09-28T11:32:31.078755] Cell 77283d80-dfa7-40ba-ba4e-265aef112085 creating container for instance 3f77af45-f22b-4bb0-bcaa-820c90358c07 (STDOUT, STG)#
#2026 09 28 11:32:40.512#Z#DEBUG#2bb21052-bb30-11f1-a969-eeee0a843796.incident-management-db-deployer#flowable-async-job-executor-thread-22201#
[PollStageAppStatusExecution] 5417dcc0-8ec9-404c-9f48-6c83c38b999b [2026-09-28T11:32:31.879226] Security group rules were updated (STDOUT, STG)#
#2026 09 28 11:32:40.512#Z#DEBUG#2bb21052-bb30-11f1-a969-eeee0a843796.incident-management-db-deployer#flowable-async-job-executor-thread-22201#
[PollStageAppStatusExecution] 5417dcc0-8ec9-404c-9f48-6c83c38b999b [2026-09-28T11:32:31.935676] Cell 77283d80-dfa7-40ba-ba4e-265aef112085 successfully created container for instance 3f77af45-f22b-4bb0-bcaa-820c90358c07 (STDOUT, STG)#
#2026 09 28 11:32:40.512#Z#DEBUG#2bb21052-bb30-11f1-a969-eeee0a843796.incident-management-db-deployer#flowable-async-job-executor-thread-22201#
[PollStageAppStatusExecution] 5417dcc0-8ec9-404c-9f48-6c83c38b999b [2026-09-28T11:32:32.300423] Downloading app package... (STDOUT, STG)#
#2026 09 28 11:32:40.512#Z#DEBUG#2bb21052-bb30-11f1-a969-eeee0a843796.incident-management-db-deployer#flowable-async-job-executor-thread-22201#
[PollStageAppStatusExecution] 5417dcc0-8ec9-404c-9f48-6c83c38b999b [2026-09-28T11:32:32.737126] Downloaded app package (2.3M) (STDOUT, STG)#
#2026 09 28 11:32:40.512#Z#DEBUG#2bb21052-bb30-11f1-a969-eeee0a843796.incident-management-db-deployer#flowable-async-job-executor-thread-22201#
[PollStageAppStatusExecution] 5417dcc0-8ec9-404c-9f48-6c83c38b999b [2026-09-28T11:32:32.896616] -----> Nodejs Buildpack version 1.9.4 (STDOUT, STG)#
#2026 09 28 11:32:40.512#Z#DEBUG#2bb21052-bb30-11f1-a969-eeee0a843796.incident-management-db-deployer#flowable-async-job-executor-thread-22201#
[PollStageAppStatusExecution] 5417dcc0-8ec9-404c-9f48-6c83c38b999b [2026-09-28T11:32:32.995828] -----> Bootstrapping python (STDOUT, STG)#
#2026 09 28 11:32:40.512#Z#DEBUG#2bb21052-bb30-11f1-a969-eeee0a843796.incident-management-db-deployer#flowable-async-job-executor-thread-22201#
[PollStageAppStatusExecution] 5417dcc0-8ec9-404c-9f48-6c83c38b999b [2026-09-28T11:32:32.995854] -----> Installing python 3.13.15 (STDOUT, STG)#
#2026 09 28 11:32:40.512#Z#DEBUG#2bb21052-bb30-11f1-a969-eeee0a843796.incident-management-db-deployer#flowable-async-job-executor-thread-22201#
[PollStageAppStatusExecution] 5417dcc0-8ec9-404c-9f48-6c83c38b999b [2026-09-28T11:32:32.995917] Copy [/tmp/buildpacks/5be6efbe8830cdb7/dependencies/6832464ec708e1392d482a6034aa2c94/python_3.13.15_linux_x64_cflinuxfs4_0c9cd9fd.tgz] (STDOUT, STG)#
#2026 09 28 11:32:40.512#Z#DEBUG#2bb21052-bb30-11f1-a969-eeee0a843796.incident-management-db-deployer#flowable-async-job-executor-thread-22201#
[PollStageAppStatusExecution] 5417dcc0-8ec9-404c-9f48-6c83c38b999b [2026-09-28T11:32:37.742470] -----> Installing binaries (STDOUT, STG)#
#2026 09 28 11:32:40.512#Z#DEBUG#2bb21052-bb30-11f1-a969-eeee0a843796.incident-management-db-deployer#flowable-async-job-executor-thread-22201#
[PollStageAppStatusExecution] 5417dcc0-8ec9-404c-9f48-6c83c38b999b [2026-09-28T11:32:37.742491] engines.node (package.json): ^24 (STDOUT, STG)#
#2026 09 28 11:32:40.512#Z#DEBUG#2bb21052-bb30-11f1-a969-eeee0a843796.incident-management-db-deployer#flowable-async-job-executor-thread-22201#
[PollStageAppStatusExecution] 5417dcc0-8ec9-404c-9f48-6c83c38b999b [2026-09-28T11:32:37.742495] engines.npm (package.json): unspecified (use default) (STDOUT, STG)#
#2026 09 28 11:32:40.512#Z#DEBUG#2bb21052-bb30-11f1-a969-eeee0a843796.incident-management-db-deployer#flowable-async-job-executor-thread-22201#
[PollStageAppStatusExecution] 5417dcc0-8ec9-404c-9f48-6c83c38b999b [2026-09-28T11:32:37.743207] -----> Installing node 24.19.0 (STDOUT, STG)#
#2026 09 28 11:32:40.512#Z#DEBUG#2bb21052-bb30-11f1-a969-eeee0a843796.incident-management-db-deployer#flowable-async-job-executor-thread-22201#
[PollStageAppStatusExecution] 5417dcc0-8ec9-404c-9f48-6c83c38b999b [2026-09-28T11:32:37.743551] Copy [/tmp/buildpacks/5be6efbe8830cdb7/dependencies/cf9035c55d85610a9158faa009b7a7b5/node_24.19.0_linux_x64_cflinuxfs4_9ab26efa.tgz] (STDOUT, STG)#
#2026 09 28 11:32:50.534#Z#DEBUG#2bb21052-bb30-11f1-a969-eeee0a843796.incident-management-db-deployer#flowable-async-job-executor-thread-41619#
[PollStageAppStatusExecution] 5417dcc0-8ec9-404c-9f48-6c83c38b999b [2026-09-28T11:32:40.426216] Using default npm version: 11.17.0 (STDOUT, STG)#
#2026 09 28 11:32:50.534#Z#DEBUG#2bb21052-bb30-11f1-a969-eeee0a843796.incident-management-db-deployer#flowable-async-job-executor-thread-41619#
[PollStageAppStatusExecution] 5417dcc0-8ec9-404c-9f48-6c83c38b999b [2026-09-28T11:32:40.426250] -----> Installing yarn 1.22.22 (STDOUT, STG)#
#2026 09 28 11:32:50.534#Z#DEBUG#2bb21052-bb30-11f1-a969-eeee0a843796.incident-management-db-deployer#flowable-async-job-executor-thread-41619#
[PollStageAppStatusExecution] 5417dcc0-8ec9-404c-9f48-6c83c38b999b [2026-09-28T11:32:40.426270] Copy [/tmp/buildpacks/5be6efbe8830cdb7/dependencies/e4fe26756e9984a665478d350474fa2e/yarn_1.22.22_linux_noarch_any-stack_b6132b86.tgz] (STDOUT, STG)#
#2026 09 28 11:32:50.534#Z#DEBUG#2bb21052-bb30-11f1-a969-eeee0a843796.incident-management-db-deployer#flowable-async-job-executor-thread-41619#
[PollStageAppStatusExecution] 5417dcc0-8ec9-404c-9f48-6c83c38b999b [2026-09-28T11:32:40.822805] Installed yarn 1.22.22 (STDOUT, STG)#
#2026 09 28 11:32:50.534#Z#DEBUG#2bb21052-bb30-11f1-a969-eeee0a843796.incident-management-db-deployer#flowable-async-job-executor-thread-41619#
[PollStageAppStatusExecution] 5417dcc0-8ec9-404c-9f48-6c83c38b999b [2026-09-28T11:32:40.822837] -----> Creating runtime environment (STDOUT, STG)#
#2026 09 28 11:32:50.534#Z#DEBUG#2bb21052-bb30-11f1-a969-eeee0a843796.incident-management-db-deployer#flowable-async-job-executor-thread-41619#
[PollStageAppStatusExecution] 5417dcc0-8ec9-404c-9f48-6c83c38b999b [2026-09-28T11:32:40.824881] NODE_ENV=production (STDOUT, STG)#
#2026 09 28 11:32:50.534#Z#DEBUG#2bb21052-bb30-11f1-a969-eeee0a843796.incident-management-db-deployer#flowable-async-job-executor-thread-41619#
[PollStageAppStatusExecution] 5417dcc0-8ec9-404c-9f48-6c83c38b999b [2026-09-28T11:32:40.824901] NODE_HOME=/tmp/contents28444222/deps/0/node (STDOUT, STG)#
#2026 09 28 11:32:50.534#Z#DEBUG#2bb21052-bb30-11f1-a969-eeee0a843796.incident-management-db-deployer#flowable-async-job-executor-thread-41619#
[PollStageAppStatusExecution] 5417dcc0-8ec9-404c-9f48-6c83c38b999b [2026-09-28T11:32:40.824904] NODE_MODULES_CACHE=true (STDOUT, STG)#
#2026 09 28 11:32:50.534#Z#DEBUG#2bb21052-bb30-11f1-a969-eeee0a843796.incident-management-db-deployer#flowable-async-job-executor-thread-41619#
[PollStageAppStatusExecution] 5417dcc0-8ec9-404c-9f48-6c83c38b999b [2026-09-28T11:32:40.824906] NODE_VERBOSE=false (STDOUT, STG)#
#2026 09 28 11:32:50.534#Z#DEBUG#2bb21052-bb30-11f1-a969-eeee0a843796.incident-management-db-deployer#flowable-async-job-executor-thread-41619#
[PollStageAppStatusExecution] 5417dcc0-8ec9-404c-9f48-6c83c38b999b [2026-09-28T11:32:40.824908] NPM_CONFIG_LOGLEVEL=error (STDOUT, STG)#
#2026 09 28 11:32:50.534#Z#DEBUG#2bb21052-bb30-11f1-a969-eeee0a843796.incident-management-db-deployer#flowable-async-job-executor-thread-41619#
[PollStageAppStatusExecution] 5417dcc0-8ec9-404c-9f48-6c83c38b999b [2026-09-28T11:32:40.824912] NPM_CONFIG_PRODUCTION=true (STDOUT, STG)#
#2026 09 28 11:32:50.534#Z#DEBUG#2bb21052-bb30-11f1-a969-eeee0a843796.incident-management-db-deployer#flowable-async-job-executor-thread-41619#
[PollStageAppStatusExecution] 5417dcc0-8ec9-404c-9f48-6c83c38b999b [2026-09-28T11:32:40.824998] -----> Building dependencies (STDOUT, STG)#
#2026 09 28 11:32:50.534#Z#DEBUG#2bb21052-bb30-11f1-a969-eeee0a843796.incident-management-db-deployer#flowable-async-job-executor-thread-41619#
[PollStageAppStatusExecution] 5417dcc0-8ec9-404c-9f48-6c83c38b999b [2026-09-28T11:32:40.825018] Prebuild detected (node_modules already exists) (STDOUT, STG)#
#2026 09 28 11:32:50.534#Z#DEBUG#2bb21052-bb30-11f1-a969-eeee0a843796.incident-management-db-deployer#flowable-async-job-executor-thread-41619#
[PollStageAppStatusExecution] 5417dcc0-8ec9-404c-9f48-6c83c38b999b [2026-09-28T11:32:40.825022] Rebuilding any native modules (STDOUT, STG)#
#2026 09 28 11:32:50.534#Z#DEBUG#2bb21052-bb30-11f1-a969-eeee0a843796.incident-management-db-deployer#flowable-async-job-executor-thread-41619#
[PollStageAppStatusExecution] 5417dcc0-8ec9-404c-9f48-6c83c38b999b [2026-09-28T11:32:41.421566] rebuilt dependencies successfully (STDOUT, STG)#
#2026 09 28 11:32:50.534#Z#DEBUG#2bb21052-bb30-11f1-a969-eeee0a843796.incident-management-db-deployer#flowable-async-job-executor-thread-41619#
[PollStageAppStatusExecution] 5417dcc0-8ec9-404c-9f48-6c83c38b999b [2026-09-28T11:32:41.498906] Installing any new modules (package.json + package-lock.json) (STDOUT, STG)#
#2026 09 28 11:32:50.534#Z#DEBUG#2bb21052-bb30-11f1-a969-eeee0a843796.incident-management-db-deployer#flowable-async-job-executor-thread-41619#
[PollStageAppStatusExecution] 5417dcc0-8ec9-404c-9f48-6c83c38b999b [2026-09-28T11:32:41.994645] up to date in 407ms (STDOUT, STG)#
#2026 09 28 11:32:50.534#Z#DEBUG#2bb21052-bb30-11f1-a969-eeee0a843796.incident-management-db-deployer#flowable-async-job-executor-thread-41619#
[PollStageAppStatusExecution] 5417dcc0-8ec9-404c-9f48-6c83c38b999b [2026-09-28T11:32:41.994876] 4 packages are looking for funding (STDOUT, STG)#
#2026 09 28 11:32:50.534#Z#DEBUG#2bb21052-bb30-11f1-a969-eeee0a843796.incident-management-db-deployer#flowable-async-job-executor-thread-41619#
[PollStageAppStatusExecution] 5417dcc0-8ec9-404c-9f48-6c83c38b999b [2026-09-28T11:32:41.994944] run `npm fund` for details (STDOUT, STG)#
#2026 09 28 11:32:50.534#Z#DEBUG#2bb21052-bb30-11f1-a969-eeee0a843796.incident-management-db-deployer#flowable-async-job-executor-thread-41619#
[PollStageAppStatusExecution] 5417dcc0-8ec9-404c-9f48-6c83c38b999b [2026-09-28T11:32:42.783069] Contrast Security no credentials found. Will not write environment files. (STDOUT, STG)#
#2026 09 28 11:33:00.670#Z#DEBUG#2bb21052-bb30-11f1-a969-eeee0a843796.incident-management-db-deployer#flowable-async-job-executor-thread-41625#
[PollStageAppStatusExecution] 5417dcc0-8ec9-404c-9f48-6c83c38b999b [2026-09-28T11:32:52.627176] Exit status 0 (STDOUT, STG)#
#2026 09 28 11:33:00.670#Z#DEBUG#2bb21052-bb30-11f1-a969-eeee0a843796.incident-management-db-deployer#flowable-async-job-executor-thread-41625#
[PollStageAppStatusExecution] 5417dcc0-8ec9-404c-9f48-6c83c38b999b [2026-09-28T11:32:52.627221] Uploading droplet, build artifacts cache... (STDOUT, STG)#
#2026 09 28 11:33:00.670#Z#DEBUG#2bb21052-bb30-11f1-a969-eeee0a843796.incident-management-db-deployer#flowable-async-job-executor-thread-41625#
[PollStageAppStatusExecution] 5417dcc0-8ec9-404c-9f48-6c83c38b999b [2026-09-28T11:32:52.627275] Uploading droplet... (STDOUT, STG)#
#2026 09 28 11:33:00.670#Z#DEBUG#2bb21052-bb30-11f1-a969-eeee0a843796.incident-management-db-deployer#flowable-async-job-executor-thread-41625#
[PollStageAppStatusExecution] 5417dcc0-8ec9-404c-9f48-6c83c38b999b [2026-09-28T11:32:52.627394] Uploading build artifacts cache... (STDOUT, STG)#
#2026 09 28 11:33:00.670#Z#DEBUG#2bb21052-bb30-11f1-a969-eeee0a843796.incident-management-db-deployer#flowable-async-job-executor-thread-41625#
[PollStageAppStatusExecution] 5417dcc0-8ec9-404c-9f48-6c83c38b999b [2026-09-28T11:32:52.658073] Uploaded build artifacts cache (215B) (STDOUT, STG)#
#2026 09 28 11:33:00.670#Z#DEBUG#2bb21052-bb30-11f1-a969-eeee0a843796.incident-management-db-deployer#flowable-async-job-executor-thread-41625#
[PollStageAppStatusExecution] 5417dcc0-8ec9-404c-9f48-6c83c38b999b [2026-09-28T11:32:53.473080] Creating droplet for app with guid 5417dcc0-8ec9-404c-9f48-6c83c38b999b (STDOUT, API)#
#2026 09 28 11:33:00.670#Z#DEBUG#2bb21052-bb30-11f1-a969-eeee0a843796.incident-management-db-deployer#flowable-async-job-executor-thread-41625#
[PollStageAppStatusExecution] 5417dcc0-8ec9-404c-9f48-6c83c38b999b [2026-09-28T11:32:58.544916] Uploaded droplet (59.3M) (STDOUT, STG)#
#2026 09 28 11:33:00.670#Z#DEBUG#2bb21052-bb30-11f1-a969-eeee0a843796.incident-management-db-deployer#flowable-async-job-executor-thread-41625#
[PollStageAppStatusExecution] 5417dcc0-8ec9-404c-9f48-6c83c38b999b [2026-09-28T11:32:58.574914] Uploading complete (STDOUT, STG)#
#2026 09 28 11:33:00.670#Z#DEBUG#2bb21052-bb30-11f1-a969-eeee0a843796.incident-management-db-deployer#flowable-async-job-executor-thread-41625#
[PollStageAppStatusExecution] 5417dcc0-8ec9-404c-9f48-6c83c38b999b [2026-09-28T11:33:00.298227] Staging complete for build 3f77af45-f22b-4bb0-bcaa-820c90358c07 (STDOUT, API)#
#2026 09 28 11:33:10.763#Z#DEBUG#2bb21052-bb30-11f1-a969-eeee0a843796.incident-management-db-deployer#flowable-async-job-executor-thread-41636#
[PollExecuteTaskStatusExecution] 5417dcc0-8ec9-404c-9f48-6c83c38b999b [2026-09-28T11:31:54.690749] Added process: "web" (STDOUT, API)#
#2026 09 28 11:33:10.763#Z#DEBUG#2bb21052-bb30-11f1-a969-eeee0a843796.incident-management-db-deployer#flowable-async-job-executor-thread-41636#
[PollExecuteTaskStatusExecution] 5417dcc0-8ec9-404c-9f48-6c83c38b999b [2026-09-28T11:31:54.699168] Created app with guid 5417dcc0-8ec9-404c-9f48-6c83c38b999b (STDOUT, API)#
#2026 09 28 11:33:10.763#Z#DEBUG#2bb21052-bb30-11f1-a969-eeee0a843796.incident-management-db-deployer#flowable-async-job-executor-thread-41636#
[PollExecuteTaskStatusExecution] 5417dcc0-8ec9-404c-9f48-6c83c38b999b [2026-09-28T11:31:54.787048] Updating process: "web" (STDOUT, API)#
#2026 09 28 11:33:10.763#Z#DEBUG#2bb21052-bb30-11f1-a969-eeee0a843796.incident-management-db-deployer#flowable-async-job-executor-thread-41636#
[PollExecuteTaskStatusExecution] 5417dcc0-8ec9-404c-9f48-6c83c38b999b [2026-09-28T11:31:54.840515] Scaling process: "web" (STDOUT, API)#
#2026 09 28 11:33:10.763#Z#DEBUG#2bb21052-bb30-11f1-a969-eeee0a843796.incident-management-db-deployer#flowable-async-job-executor-thread-41636#
[PollExecuteTaskStatusExecution] 5417dcc0-8ec9-404c-9f48-6c83c38b999b [2026-09-28T11:32:20.490812] Uploading app package for app with guid 5417dcc0-8ec9-404c-9f48-6c83c38b999b (STDOUT, API)#
#2026 09 28 11:33:10.763#Z#DEBUG#2bb21052-bb30-11f1-a969-eeee0a843796.incident-management-db-deployer#flowable-async-job-executor-thread-41636#
[PollExecuteTaskStatusExecution] 5417dcc0-8ec9-404c-9f48-6c83c38b999b [2026-09-28T11:32:20.658938] Updated app with guid 5417dcc0-8ec9-404c-9f48-6c83c38b999b ({"environment_variables"=>"[PRIVATE DATA HIDDEN]"}) (STDOUT, API)#
#2026 09 28 11:33:10.763#Z#DEBUG#2bb21052-bb30-11f1-a969-eeee0a843796.incident-management-db-deployer#flowable-async-job-executor-thread-41636#
[PollExecuteTaskStatusExecution] 5417dcc0-8ec9-404c-9f48-6c83c38b999b [2026-09-28T11:32:30.528888] Creating build for app with guid 5417dcc0-8ec9-404c-9f48-6c83c38b999b (STDOUT, API)#
#2026 09 28 11:33:10.763#Z#DEBUG#2bb21052-bb30-11f1-a969-eeee0a843796.incident-management-db-deployer#flowable-async-job-executor-thread-41636#
[PollExecuteTaskStatusExecution] 5417dcc0-8ec9-404c-9f48-6c83c38b999b [2026-09-28T11:32:31.029602] Downloading nodejs_buildpack... (STDOUT, STG)#
#2026 09 28 11:33:10.763#Z#DEBUG#2bb21052-bb30-11f1-a969-eeee0a843796.incident-management-db-deployer#flowable-async-job-executor-thread-41636#
[PollExecuteTaskStatusExecution] 5417dcc0-8ec9-404c-9f48-6c83c38b999b [2026-09-28T11:32:31.078661] Downloaded nodejs_buildpack (STDOUT, STG)#
#2026 09 28 11:33:10.763#Z#DEBUG#2bb21052-bb30-11f1-a969-eeee0a843796.incident-management-db-deployer#flowable-async-job-executor-thread-41636#
[PollExecuteTaskStatusExecution] 5417dcc0-8ec9-404c-9f48-6c83c38b999b [2026-09-28T11:32:31.078755] Cell 77283d80-dfa7-40ba-ba4e-265aef112085 creating container for instance 3f77af45-f22b-4bb0-bcaa-820c90358c07 (STDOUT, STG)#
#2026 09 28 11:33:10.763#Z#DEBUG#2bb21052-bb30-11f1-a969-eeee0a843796.incident-management-db-deployer#flowable-async-job-executor-thread-41636#
[PollExecuteTaskStatusExecution] 5417dcc0-8ec9-404c-9f48-6c83c38b999b [2026-09-28T11:32:31.879226] Security group rules were updated (STDOUT, STG)#
#2026 09 28 11:33:10.763#Z#DEBUG#2bb21052-bb30-11f1-a969-eeee0a843796.incident-management-db-deployer#flowable-async-job-executor-thread-41636#
[PollExecuteTaskStatusExecution] 5417dcc0-8ec9-404c-9f48-6c83c38b999b [2026-09-28T11:32:31.935676] Cell 77283d80-dfa7-40ba-ba4e-265aef112085 successfully created container for instance 3f77af45-f22b-4bb0-bcaa-820c90358c07 (STDOUT, STG)#
#2026 09 28 11:33:10.763#Z#DEBUG#2bb21052-bb30-11f1-a969-eeee0a843796.incident-management-db-deployer#flowable-async-job-executor-thread-41636#
[PollExecuteTaskStatusExecution] 5417dcc0-8ec9-404c-9f48-6c83c38b999b [2026-09-28T11:32:32.300423] Downloading app package... (STDOUT, STG)#
#2026 09 28 11:33:10.763#Z#DEBUG#2bb21052-bb30-11f1-a969-eeee0a843796.incident-management-db-deployer#flowable-async-job-executor-thread-41636#
[PollExecuteTaskStatusExecution] 5417dcc0-8ec9-404c-9f48-6c83c38b999b [2026-09-28T11:32:32.737126] Downloaded app package (2.3M) (STDOUT, STG)#
#2026 09 28 11:33:10.763#Z#DEBUG#2bb21052-bb30-11f1-a969-eeee0a843796.incident-management-db-deployer#flowable-async-job-executor-thread-41636#
[PollExecuteTaskStatusExecution] 5417dcc0-8ec9-404c-9f48-6c83c38b999b [2026-09-28T11:32:32.896616] -----> Nodejs Buildpack version 1.9.4 (STDOUT, STG)#
#2026 09 28 11:33:10.763#Z#DEBUG#2bb21052-bb30-11f1-a969-eeee0a843796.incident-management-db-deployer#flowable-async-job-executor-thread-41636#
[PollExecuteTaskStatusExecution] 5417dcc0-8ec9-404c-9f48-6c83c38b999b [2026-09-28T11:32:32.995828] -----> Bootstrapping python (STDOUT, STG)#
#2026 09 28 11:33:10.763#Z#DEBUG#2bb21052-bb30-11f1-a969-eeee0a843796.incident-management-db-deployer#flowable-async-job-executor-thread-41636#
[PollExecuteTaskStatusExecution] 5417dcc0-8ec9-404c-9f48-6c83c38b999b [2026-09-28T11:32:32.995854] -----> Installing python 3.13.15 (STDOUT, STG)#
#2026 09 28 11:33:10.763#Z#DEBUG#2bb21052-bb30-11f1-a969-eeee0a843796.incident-management-db-deployer#flowable-async-job-executor-thread-41636#
[PollExecuteTaskStatusExecution] 5417dcc0-8ec9-404c-9f48-6c83c38b999b [2026-09-28T11:32:32.995917] Copy [/tmp/buildpacks/5be6efbe8830cdb7/dependencies/6832464ec708e1392d482a6034aa2c94/python_3.13.15_linux_x64_cflinuxfs4_0c9cd9fd.tgz] (STDOUT, STG)#
#2026 09 28 11:33:10.764#Z#DEBUG#2bb21052-bb30-11f1-a969-eeee0a843796.incident-management-db-deployer#flowable-async-job-executor-thread-41636#
[PollExecuteTaskStatusExecution] 5417dcc0-8ec9-404c-9f48-6c83c38b999b [2026-09-28T11:32:37.742470] -----> Installing binaries (STDOUT, STG)#
#2026 09 28 11:33:10.764#Z#DEBUG#2bb21052-bb30-11f1-a969-eeee0a843796.incident-management-db-deployer#flowable-async-job-executor-thread-41636#
[PollExecuteTaskStatusExecution] 5417dcc0-8ec9-404c-9f48-6c83c38b999b [2026-09-28T11:32:37.742491] engines.node (package.json): ^24 (STDOUT, STG)#
#2026 09 28 11:33:10.764#Z#DEBUG#2bb21052-bb30-11f1-a969-eeee0a843796.incident-management-db-deployer#flowable-async-job-executor-thread-41636#
[PollExecuteTaskStatusExecution] 5417dcc0-8ec9-404c-9f48-6c83c38b999b [2026-09-28T11:32:37.742495] engines.npm (package.json): unspecified (use default) (STDOUT, STG)#
#2026 09 28 11:33:10.764#Z#DEBUG#2bb21052-bb30-11f1-a969-eeee0a843796.incident-management-db-deployer#flowable-async-job-executor-thread-41636#
[PollExecuteTaskStatusExecution] 5417dcc0-8ec9-404c-9f48-6c83c38b999b [2026-09-28T11:32:37.743207] -----> Installing node 24.19.0 (STDOUT, STG)#
#2026 09 28 11:33:10.764#Z#DEBUG#2bb21052-bb30-11f1-a969-eeee0a843796.incident-management-db-deployer#flowable-async-job-executor-thread-41636#
[PollExecuteTaskStatusExecution] 5417dcc0-8ec9-404c-9f48-6c83c38b999b [2026-09-28T11:32:37.743551] Copy [/tmp/buildpacks/5be6efbe8830cdb7/dependencies/cf9035c55d85610a9158faa009b7a7b5/node_24.19.0_linux_x64_cflinuxfs4_9ab26efa.tgz] (STDOUT, STG)#
#2026 09 28 11:33:10.764#Z#DEBUG#2bb21052-bb30-11f1-a969-eeee0a843796.incident-management-db-deployer#flowable-async-job-executor-thread-41636#
[PollExecuteTaskStatusExecution] 5417dcc0-8ec9-404c-9f48-6c83c38b999b [2026-09-28T11:32:40.426216] Using default npm version: 11.17.0 (STDOUT, STG)#
#2026 09 28 11:33:10.764#Z#DEBUG#2bb21052-bb30-11f1-a969-eeee0a843796.incident-management-db-deployer#flowable-async-job-executor-thread-41636#
[PollExecuteTaskStatusExecution] 5417dcc0-8ec9-404c-9f48-6c83c38b999b [2026-09-28T11:32:40.426250] -----> Installing yarn 1.22.22 (STDOUT, STG)#
#2026 09 28 11:33:10.764#Z#DEBUG#2bb21052-bb30-11f1-a969-eeee0a843796.incident-management-db-deployer#flowable-async-job-executor-thread-41636#
[PollExecuteTaskStatusExecution] 5417dcc0-8ec9-404c-9f48-6c83c38b999b [2026-09-28T11:32:40.426270] Copy [/tmp/buildpacks/5be6efbe8830cdb7/dependencies/e4fe26756e9984a665478d350474fa2e/yarn_1.22.22_linux_noarch_any-stack_b6132b86.tgz] (STDOUT, STG)#
#2026 09 28 11:33:10.764#Z#DEBUG#2bb21052-bb30-11f1-a969-eeee0a843796.incident-management-db-deployer#flowable-async-job-executor-thread-41636#
[PollExecuteTaskStatusExecution] 5417dcc0-8ec9-404c-9f48-6c83c38b999b [2026-09-28T11:32:40.822805] Installed yarn 1.22.22 (STDOUT, STG)#
#2026 09 28 11:33:10.764#Z#DEBUG#2bb21052-bb30-11f1-a969-eeee0a843796.incident-management-db-deployer#flowable-async-job-executor-thread-41636#
[PollExecuteTaskStatusExecution] 5417dcc0-8ec9-404c-9f48-6c83c38b999b [2026-09-28T11:32:40.822837] -----> Creating runtime environment (STDOUT, STG)#
#2026 09 28 11:33:10.764#Z#DEBUG#2bb21052-bb30-11f1-a969-eeee0a843796.incident-management-db-deployer#flowable-async-job-executor-thread-41636#
[PollExecuteTaskStatusExecution] 5417dcc0-8ec9-404c-9f48-6c83c38b999b [2026-09-28T11:32:40.824881] NODE_ENV=production (STDOUT, STG)#
#2026 09 28 11:33:10.764#Z#DEBUG#2bb21052-bb30-11f1-a969-eeee0a843796.incident-management-db-deployer#flowable-async-job-executor-thread-41636#
[PollExecuteTaskStatusExecution] 5417dcc0-8ec9-404c-9f48-6c83c38b999b [2026-09-28T11:32:40.824901] NODE_HOME=/tmp/contents28444222/deps/0/node (STDOUT, STG)#
#2026 09 28 11:33:10.764#Z#DEBUG#2bb21052-bb30-11f1-a969-eeee0a843796.incident-management-db-deployer#flowable-async-job-executor-thread-41636#
[PollExecuteTaskStatusExecution] 5417dcc0-8ec9-404c-9f48-6c83c38b999b [2026-09-28T11:32:40.824904] NODE_MODULES_CACHE=true (STDOUT, STG)#
#2026 09 28 11:33:10.764#Z#DEBUG#2bb21052-bb30-11f1-a969-eeee0a843796.incident-management-db-deployer#flowable-async-job-executor-thread-41636#
[PollExecuteTaskStatusExecution] 5417dcc0-8ec9-404c-9f48-6c83c38b999b [2026-09-28T11:32:40.824906] NODE_VERBOSE=false (STDOUT, STG)#
#2026 09 28 11:33:10.764#Z#DEBUG#2bb21052-bb30-11f1-a969-eeee0a843796.incident-management-db-deployer#flowable-async-job-executor-thread-41636#
[PollExecuteTaskStatusExecution] 5417dcc0-8ec9-404c-9f48-6c83c38b999b [2026-09-28T11:32:40.824908] NPM_CONFIG_LOGLEVEL=error (STDOUT, STG)#
#2026 09 28 11:33:10.764#Z#DEBUG#2bb21052-bb30-11f1-a969-eeee0a843796.incident-management-db-deployer#flowable-async-job-executor-thread-41636#
[PollExecuteTaskStatusExecution] 5417dcc0-8ec9-404c-9f48-6c83c38b999b [2026-09-28T11:32:40.824912] NPM_CONFIG_PRODUCTION=true (STDOUT, STG)#
#2026 09 28 11:33:10.764#Z#DEBUG#2bb21052-bb30-11f1-a969-eeee0a843796.incident-management-db-deployer#flowable-async-job-executor-thread-41636#
[PollExecuteTaskStatusExecution] 5417dcc0-8ec9-404c-9f48-6c83c38b999b [2026-09-28T11:32:40.824998] -----> Building dependencies (STDOUT, STG)#
#2026 09 28 11:33:10.764#Z#DEBUG#2bb21052-bb30-11f1-a969-eeee0a843796.incident-management-db-deployer#flowable-async-job-executor-thread-41636#
[PollExecuteTaskStatusExecution] 5417dcc0-8ec9-404c-9f48-6c83c38b999b [2026-09-28T11:32:40.825018] Prebuild detected (node_modules already exists) (STDOUT, STG)#
#2026 09 28 11:33:10.764#Z#DEBUG#2bb21052-bb30-11f1-a969-eeee0a843796.incident-management-db-deployer#flowable-async-job-executor-thread-41636#
[PollExecuteTaskStatusExecution] 5417dcc0-8ec9-404c-9f48-6c83c38b999b [2026-09-28T11:32:40.825022] Rebuilding any native modules (STDOUT, STG)#
#2026 09 28 11:33:10.764#Z#DEBUG#2bb21052-bb30-11f1-a969-eeee0a843796.incident-management-db-deployer#flowable-async-job-executor-thread-41636#
[PollExecuteTaskStatusExecution] 5417dcc0-8ec9-404c-9f48-6c83c38b999b [2026-09-28T11:32:41.421566] rebuilt dependencies successfully (STDOUT, STG)#
#2026 09 28 11:33:10.764#Z#DEBUG#2bb21052-bb30-11f1-a969-eeee0a843796.incident-management-db-deployer#flowable-async-job-executor-thread-41636#
[PollExecuteTaskStatusExecution] 5417dcc0-8ec9-404c-9f48-6c83c38b999b [2026-09-28T11:32:41.498906] Installing any new modules (package.json + package-lock.json) (STDOUT, STG)#
#2026 09 28 11:33:10.764#Z#DEBUG#2bb21052-bb30-11f1-a969-eeee0a843796.incident-management-db-deployer#flowable-async-job-executor-thread-41636#
[PollExecuteTaskStatusExecution] 5417dcc0-8ec9-404c-9f48-6c83c38b999b [2026-09-28T11:32:41.994645] up to date in 407ms (STDOUT, STG)#
#2026 09 28 11:33:10.764#Z#DEBUG#2bb21052-bb30-11f1-a969-eeee0a843796.incident-management-db-deployer#flowable-async-job-executor-thread-41636#
[PollExecuteTaskStatusExecution] 5417dcc0-8ec9-404c-9f48-6c83c38b999b [2026-09-28T11:32:41.994876] 4 packages are looking for funding (STDOUT, STG)#
#2026 09 28 11:33:10.764#Z#DEBUG#2bb21052-bb30-11f1-a969-eeee0a843796.incident-management-db-deployer#flowable-async-job-executor-thread-41636#
[PollExecuteTaskStatusExecution] 5417dcc0-8ec9-404c-9f48-6c83c38b999b [2026-09-28T11:32:41.994944] run `npm fund` for details (STDOUT, STG)#
#2026 09 28 11:33:10.764#Z#DEBUG#2bb21052-bb30-11f1-a969-eeee0a843796.incident-management-db-deployer#flowable-async-job-executor-thread-41636#
[PollExecuteTaskStatusExecution] 5417dcc0-8ec9-404c-9f48-6c83c38b999b [2026-09-28T11:32:42.783069] Contrast Security no credentials found. Will not write environment files. (STDOUT, STG)#
#2026 09 28 11:33:10.764#Z#DEBUG#2bb21052-bb30-11f1-a969-eeee0a843796.incident-management-db-deployer#flowable-async-job-executor-thread-41636#
[PollExecuteTaskStatusExecution] 5417dcc0-8ec9-404c-9f48-6c83c38b999b [2026-09-28T11:32:52.627176] Exit status 0 (STDOUT, STG)#
#2026 09 28 11:33:10.764#Z#DEBUG#2bb21052-bb30-11f1-a969-eeee0a843796.incident-management-db-deployer#flowable-async-job-executor-thread-41636#
[PollExecuteTaskStatusExecution] 5417dcc0-8ec9-404c-9f48-6c83c38b999b [2026-09-28T11:32:52.627221] Uploading droplet, build artifacts cache... (STDOUT, STG)#
#2026 09 28 11:33:10.764#Z#DEBUG#2bb21052-bb30-11f1-a969-eeee0a843796.incident-management-db-deployer#flowable-async-job-executor-thread-41636#
[PollExecuteTaskStatusExecution] 5417dcc0-8ec9-404c-9f48-6c83c38b999b [2026-09-28T11:32:52.627275] Uploading droplet... (STDOUT, STG)#
#2026 09 28 11:33:10.764#Z#DEBUG#2bb21052-bb30-11f1-a969-eeee0a843796.incident-management-db-deployer#flowable-async-job-executor-thread-41636#
[PollExecuteTaskStatusExecution] 5417dcc0-8ec9-404c-9f48-6c83c38b999b [2026-09-28T11:32:52.627394] Uploading build artifacts cache... (STDOUT, STG)#
#2026 09 28 11:33:10.764#Z#DEBUG#2bb21052-bb30-11f1-a969-eeee0a843796.incident-management-db-deployer#flowable-async-job-executor-thread-41636#
[PollExecuteTaskStatusExecution] 5417dcc0-8ec9-404c-9f48-6c83c38b999b [2026-09-28T11:32:52.658073] Uploaded build artifacts cache (215B) (STDOUT, STG)#
#2026 09 28 11:33:10.764#Z#DEBUG#2bb21052-bb30-11f1-a969-eeee0a843796.incident-management-db-deployer#flowable-async-job-executor-thread-41636#
[PollExecuteTaskStatusExecution] 5417dcc0-8ec9-404c-9f48-6c83c38b999b [2026-09-28T11:32:53.473080] Creating droplet for app with guid 5417dcc0-8ec9-404c-9f48-6c83c38b999b (STDOUT, API)#
#2026 09 28 11:33:10.764#Z#DEBUG#2bb21052-bb30-11f1-a969-eeee0a843796.incident-management-db-deployer#flowable-async-job-executor-thread-41636#
[PollExecuteTaskStatusExecution] 5417dcc0-8ec9-404c-9f48-6c83c38b999b [2026-09-28T11:32:58.544916] Uploaded droplet (59.3M) (STDOUT, STG)#
#2026 09 28 11:33:10.764#Z#DEBUG#2bb21052-bb30-11f1-a969-eeee0a843796.incident-management-db-deployer#flowable-async-job-executor-thread-41636#
[PollExecuteTaskStatusExecution] 5417dcc0-8ec9-404c-9f48-6c83c38b999b [2026-09-28T11:32:58.574914] Uploading complete (STDOUT, STG)#
#2026 09 28 11:33:10.764#Z#DEBUG#2bb21052-bb30-11f1-a969-eeee0a843796.incident-management-db-deployer#flowable-async-job-executor-thread-41636#
[PollExecuteTaskStatusExecution] 5417dcc0-8ec9-404c-9f48-6c83c38b999b [2026-09-28T11:33:00.247708] Cell 77283d80-dfa7-40ba-ba4e-265aef112085 stopping instance 3f77af45-f22b-4bb0-bcaa-820c90358c07 (STDOUT, STG)#
#2026 09 28 11:33:10.764#Z#DEBUG#2bb21052-bb30-11f1-a969-eeee0a843796.incident-management-db-deployer#flowable-async-job-executor-thread-41636#
[PollExecuteTaskStatusExecution] 5417dcc0-8ec9-404c-9f48-6c83c38b999b [2026-09-28T11:33:00.247744] Cell 77283d80-dfa7-40ba-ba4e-265aef112085 destroying container for instance 3f77af45-f22b-4bb0-bcaa-820c90358c07 (STDOUT, STG)#
#2026 09 28 11:33:10.764#Z#DEBUG#2bb21052-bb30-11f1-a969-eeee0a843796.incident-management-db-deployer#flowable-async-job-executor-thread-41636#
[PollExecuteTaskStatusExecution] 5417dcc0-8ec9-404c-9f48-6c83c38b999b [2026-09-28T11:33:00.298227] Staging complete for build 3f77af45-f22b-4bb0-bcaa-820c90358c07 (STDOUT, API)#
#2026 09 28 11:33:10.764#Z#DEBUG#2bb21052-bb30-11f1-a969-eeee0a843796.incident-management-db-deployer#flowable-async-job-executor-thread-41636#
[PollExecuteTaskStatusExecution] 5417dcc0-8ec9-404c-9f48-6c83c38b999b [2026-09-28T11:33:00.740341] Updated app with guid 5417dcc0-8ec9-404c-9f48-6c83c38b999b ({:droplet_guid=>"4c2a1ecd-5693-486a-9b6a-ee71f2b8be8e"}) (STDOUT, API)#
#2026 09 28 11:33:10.764#Z#DEBUG#2bb21052-bb30-11f1-a969-eeee0a843796.incident-management-db-deployer#flowable-async-job-executor-thread-41636#
[PollExecuteTaskStatusExecution] 5417dcc0-8ec9-404c-9f48-6c83c38b999b [2026-09-28T11:33:01.218049] Cell d1cc041a-d5a1-41d6-b9f6-6cda736ce3f0 creating container for instance af137d52-6dac-4b3e-a816-9f1cafaedd8b (STDOUT, CELL)#
#2026 09 28 11:33:10.764#Z#DEBUG#2bb21052-bb30-11f1-a969-eeee0a843796.incident-management-db-deployer#flowable-async-job-executor-thread-41636#
[PollExecuteTaskStatusExecution] 5417dcc0-8ec9-404c-9f48-6c83c38b999b [2026-09-28T11:33:01.999257] Security group rules were updated (STDOUT, CELL)#
#2026 09 28 11:33:10.764#Z#DEBUG#2bb21052-bb30-11f1-a969-eeee0a843796.incident-management-db-deployer#flowable-async-job-executor-thread-41636#
[PollExecuteTaskStatusExecution] 5417dcc0-8ec9-404c-9f48-6c83c38b999b [2026-09-28T11:33:02.073398] Cell d1cc041a-d5a1-41d6-b9f6-6cda736ce3f0 successfully created container for instance af137d52-6dac-4b3e-a816-9f1cafaedd8b (STDOUT, CELL)#
#2026 09 28 11:33:10.764#Z#DEBUG#2bb21052-bb30-11f1-a969-eeee0a843796.incident-management-db-deployer#flowable-async-job-executor-thread-41636#
[PollExecuteTaskStatusExecution] 5417dcc0-8ec9-404c-9f48-6c83c38b999b [2026-09-28T11:33:02.928854] Cell 77283d80-dfa7-40ba-ba4e-265aef112085 successfully destroyed container for instance 3f77af45-f22b-4bb0-bcaa-820c90358c07 (STDOUT, STG)#
#2026 09 28 11:33:10.764#Z#DEBUG#2bb21052-bb30-11f1-a969-eeee0a843796.incident-management-db-deployer#flowable-async-job-executor-thread-41636#
[PollExecuteTaskStatusExecution] 5417dcc0-8ec9-404c-9f48-6c83c38b999b [2026-09-28T11:33:08.900719] Invoking pre-start scripts. (STDOUT, APP/TASK/deploy)#
#2026 09 28 11:33:10.764#Z#DEBUG#2bb21052-bb30-11f1-a969-eeee0a843796.incident-management-db-deployer#flowable-async-job-executor-thread-41636#
[PollExecuteTaskStatusExecution] 5417dcc0-8ec9-404c-9f48-6c83c38b999b [2026-09-28T11:33:09.123908] Invoking start command. (STDOUT, APP/TASK/deploy)#
#2026 09 28 11:33:10.764#Z#DEBUG#2bb21052-bb30-11f1-a969-eeee0a843796.incident-management-db-deployer#flowable-async-job-executor-thread-41636#
[PollExecuteTaskStatusExecution] 5417dcc0-8ec9-404c-9f48-6c83c38b999b [2026-09-28T11:33:09.585622] > start (STDOUT, APP/TASK/deploy)#
#2026 09 28 11:33:10.764#Z#DEBUG#2bb21052-bb30-11f1-a969-eeee0a843796.incident-management-db-deployer#flowable-async-job-executor-thread-41636#
[PollExecuteTaskStatusExecution] 5417dcc0-8ec9-404c-9f48-6c83c38b999b [2026-09-28T11:33:09.585650] > node node_modules/@sap/hdi-deploy/deploy.js --use-hdb --parameter com.sap.hana.di.table/try_fast_table_migration=true (STDOUT, APP/TASK/deploy)#
#2026 09 28 11:33:10.764#Z#DEBUG#2bb21052-bb30-11f1-a969-eeee0a843796.incident-management-db-deployer#flowable-async-job-executor-thread-41636#
[PollExecuteTaskStatusExecution] 5417dcc0-8ec9-404c-9f48-6c83c38b999b [2026-09-28T11:33:09.754944] VCAP_SERVICES: (STDOUT, APP/TASK/deploy)#
#2026 09 28 11:33:10.764#Z#DEBUG#2bb21052-bb30-11f1-a969-eeee0a843796.incident-management-db-deployer#flowable-async-job-executor-thread-41636#
[PollExecuteTaskStatusExecution] 5417dcc0-8ec9-404c-9f48-6c83c38b999b [2026-09-28T11:33:09.755667] { (STDOUT, APP/TASK/deploy)#
#2026 09 28 11:33:10.764#Z#DEBUG#2bb21052-bb30-11f1-a969-eeee0a843796.incident-management-db-deployer#flowable-async-job-executor-thread-41636#
[PollExecuteTaskStatusExecution] 5417dcc0-8ec9-404c-9f48-6c83c38b999b [2026-09-28T11:33:09.755693] "hana": [ (STDOUT, APP/TASK/deploy)#
#2026 09 28 11:33:10.764#Z#DEBUG#2bb21052-bb30-11f1-a969-eeee0a843796.incident-management-db-deployer#flowable-async-job-executor-thread-41636#
[PollExecuteTaskStatusExecution] 5417dcc0-8ec9-404c-9f48-6c83c38b999b [2026-09-28T11:33:09.755696] { (STDOUT, APP/TASK/deploy)#
#2026 09 28 11:33:10.764#Z#DEBUG#2bb21052-bb30-11f1-a969-eeee0a843796.incident-management-db-deployer#flowable-async-job-executor-thread-41636#
[PollExecuteTaskStatusExecution] 5417dcc0-8ec9-404c-9f48-6c83c38b999b [2026-09-28T11:33:09.755700] "name": "incident-management-db", (STDOUT, APP/TASK/deploy)#
#2026 09 28 11:33:10.764#Z#DEBUG#2bb21052-bb30-11f1-a969-eeee0a843796.incident-management-db-deployer#flowable-async-job-executor-thread-41636#
[PollExecuteTaskStatusExecution] 5417dcc0-8ec9-404c-9f48-6c83c38b999b [2026-09-28T11:33:09.755714] "label": "hana", (STDOUT, APP/TASK/deploy)#
#2026 09 28 11:33:10.764#Z#DEBUG#2bb21052-bb30-11f1-a969-eeee0a843796.incident-management-db-deployer#flowable-async-job-executor-thread-41636#
[PollExecuteTaskStatusExecution] 5417dcc0-8ec9-404c-9f48-6c83c38b999b [2026-09-28T11:33:09.755718] "plan": "hdi-shared", (STDOUT, APP/TASK/deploy)#
#2026 09 28 11:33:10.764#Z#DEBUG#2bb21052-bb30-11f1-a969-eeee0a843796.incident-management-db-deployer#flowable-async-job-executor-thread-41636#
[PollExecuteTaskStatusExecution] 5417dcc0-8ec9-404c-9f48-6c83c38b999b [2026-09-28T11:33:09.755720] "credentials": { (STDOUT, APP/TASK/deploy)#
#2026 09 28 11:33:10.764#Z#DEBUG#2bb21052-bb30-11f1-a969-eeee0a843796.incident-management-db-deployer#flowable-async-job-executor-thread-41636#
[PollExecuteTaskStatusExecution] 5417dcc0-8ec9-404c-9f48-6c83c38b999b [2026-09-28T11:33:09.755724] "schema": "A9932762E51D46ECA64C0B8ECA56D3F1", (STDOUT, APP/TASK/deploy)#
#2026 09 28 11:33:10.764#Z#DEBUG#2bb21052-bb30-11f1-a969-eeee0a843796.incident-management-db-deployer#flowable-async-job-executor-thread-41636#
[PollExecuteTaskStatusExecution] 5417dcc0-8ec9-404c-9f48-6c83c38b999b [2026-09-28T11:33:09.755729] "database_id": "0a75f052-eed6-458e-8a4b-664d095515ed", (STDOUT, APP/TASK/deploy)#
#2026 09 28 11:33:10.764#Z#DEBUG#2bb21052-bb30-11f1-a969-eeee0a843796.incident-management-db-deployer#flowable-async-job-executor-thread-41636#
[PollExecuteTaskStatusExecution] 5417dcc0-8ec9-404c-9f48-6c83c38b999b [2026-09-28T11:33:09.755733] "user": "A9932762E51D46ECA64C0B8ECA56D3F1_BXVN0D01J2BASG8NAGPICTZKG_RT", (STDOUT, APP/TASK/deploy)#
#2026 09 28 11:33:10.764#Z#DEBUG#2bb21052-bb30-11f1-a969-eeee0a843796.incident-management-db-deployer#flowable-async-job-executor-thread-41636#
[PollExecuteTaskStatusExecution] 5417dcc0-8ec9-404c-9f48-6c83c38b999b [2026-09-28T11:33:09.755736] "hdi_user": "A9932762E51D46ECA64C0B8ECA56D3F1_BXVN0D01J2BASG8NAGPICTZKG_DT" (STDOUT, APP/TASK/deploy)#
#2026 09 28 11:33:10.764#Z#DEBUG#2bb21052-bb30-11f1-a969-eeee0a843796.incident-management-db-deployer#flowable-async-job-executor-thread-41636#
[PollExecuteTaskStatusExecution] 5417dcc0-8ec9-404c-9f48-6c83c38b999b [2026-09-28T11:33:09.755738] }, (STDOUT, APP/TASK/deploy)#
#2026 09 28 11:33:10.764#Z#DEBUG#2bb21052-bb30-11f1-a969-eeee0a843796.incident-management-db-deployer#flowable-async-job-executor-thread-41636#
[PollExecuteTaskStatusExecution] 5417dcc0-8ec9-404c-9f48-6c83c38b999b [2026-09-28T11:33:09.755740] "tags": [ (STDOUT, APP/TASK/deploy)#
#2026 09 28 11:33:10.764#Z#DEBUG#2bb21052-bb30-11f1-a969-eeee0a843796.incident-management-db-deployer#flowable-async-job-executor-thread-41636#
[PollExecuteTaskStatusExecution] 5417dcc0-8ec9-404c-9f48-6c83c38b999b [2026-09-28T11:33:09.755742] "hana", (STDOUT, APP/TASK/deploy)#
#2026 09 28 11:33:10.764#Z#DEBUG#2bb21052-bb30-11f1-a969-eeee0a843796.incident-management-db-deployer#flowable-async-job-executor-thread-41636#
[PollExecuteTaskStatusExecution] 5417dcc0-8ec9-404c-9f48-6c83c38b999b [2026-09-28T11:33:09.755748] "database", (STDOUT, APP/TASK/deploy)#
#2026 09 28 11:33:10.764#Z#DEBUG#2bb21052-bb30-11f1-a969-eeee0a843796.incident-management-db-deployer#flowable-async-job-executor-thread-41636#
[PollExecuteTaskStatusExecution] 5417dcc0-8ec9-404c-9f48-6c83c38b999b [2026-09-28T11:33:09.755750] "relational" (STDOUT, APP/TASK/deploy)#
#2026 09 28 11:33:10.764#Z#DEBUG#2bb21052-bb30-11f1-a969-eeee0a843796.incident-management-db-deployer#flowable-async-job-executor-thread-41636#
[PollExecuteTaskStatusExecution] 5417dcc0-8ec9-404c-9f48-6c83c38b999b [2026-09-28T11:33:09.755756] ] (STDOUT, APP/TASK/deploy)#
#2026 09 28 11:33:10.764#Z#DEBUG#2bb21052-bb30-11f1-a969-eeee0a843796.incident-management-db-deployer#flowable-async-job-executor-thread-41636#
[PollExecuteTaskStatusExecution] 5417dcc0-8ec9-404c-9f48-6c83c38b999b [2026-09-28T11:33:09.755759] } (STDOUT, APP/TASK/deploy)#
#2026 09 28 11:33:10.764#Z#DEBUG#2bb21052-bb30-11f1-a969-eeee0a843796.incident-management-db-deployer#flowable-async-job-executor-thread-41636#
[PollExecuteTaskStatusExecution] 5417dcc0-8ec9-404c-9f48-6c83c38b999b [2026-09-28T11:33:09.755762] ] (STDOUT, APP/TASK/deploy)#
#2026 09 28 11:33:10.764#Z#DEBUG#2bb21052-bb30-11f1-a969-eeee0a843796.incident-management-db-deployer#flowable-async-job-executor-thread-41636#
[PollExecuteTaskStatusExecution] 5417dcc0-8ec9-404c-9f48-6c83c38b999b [2026-09-28T11:33:09.755765] } (STDOUT, APP/TASK/deploy)#
#2026 09 28 11:33:10.764#Z#DEBUG#2bb21052-bb30-11f1-a969-eeee0a843796.incident-management-db-deployer#flowable-async-job-executor-thread-41636#
[PollExecuteTaskStatusExecution] 5417dcc0-8ec9-404c-9f48-6c83c38b999b [2026-09-28T11:33:10.240334] @sap/hdi-deploy, version 5.7.0 (mode default), server version 4.00.000.00.1788250082 (4.0.0.0), cloud version 2026.14.18, node version 24.19.0, HDI version 1016, container API version 1007 (STDOUT, APP/TASK/deploy)#
#2026 09 28 11:33:10.764#Z#DEBUG#2bb21052-bb30-11f1-a969-eeee0a843796.incident-management-db-deployer#flowable-async-job-executor-thread-41636#
[PollExecuteTaskStatusExecution] 5417dcc0-8ec9-404c-9f48-6c83c38b999b [2026-09-28T11:33:10.240502] Deployment started at 2026-09-28 11:33:10 (STDOUT, APP/TASK/deploy)#
#2026 09 28 11:33:10.764#Z#DEBUG#2bb21052-bb30-11f1-a969-eeee0a843796.incident-management-db-deployer#flowable-async-job-executor-thread-41636#
[PollExecuteTaskStatusExecution] 5417dcc0-8ec9-404c-9f48-6c83c38b999b [2026-09-28T11:33:10.240725] Using hdb@2.30.1 for connection (STDOUT, APP/TASK/deploy)#
#2026 09 28 11:33:10.764#Z#DEBUG#2bb21052-bb30-11f1-a969-eeee0a843796.incident-management-db-deployer#flowable-async-job-executor-thread-41636#
[PollExecuteTaskStatusExecution] 5417dcc0-8ec9-404c-9f48-6c83c38b999b [2026-09-28T11:33:10.265691] No ignore file at /home/vcap/app/.hdiignore. (STDOUT, APP/TASK/deploy)#
#2026 09 28 11:33:10.764#Z#DEBUG#2bb21052-bb30-11f1-a969-eeee0a843796.incident-management-db-deployer#flowable-async-job-executor-thread-41636#
[PollExecuteTaskStatusExecution] 5417dcc0-8ec9-404c-9f48-6c83c38b999b [2026-09-28T11:33:10.266388] Collecting files... (STDOUT, APP/TASK/deploy)#
#2026 09 28 11:33:10.764#Z#DEBUG#2bb21052-bb30-11f1-a969-eeee0a843796.incident-management-db-deployer#flowable-async-job-executor-thread-41636#
[PollExecuteTaskStatusExecution] 5417dcc0-8ec9-404c-9f48-6c83c38b999b [2026-09-28T11:33:10.272901] Collecting files... ok (0s 6ms) (STDOUT, APP/TASK/deploy)#
#2026 09 28 11:33:10.764#Z#DEBUG#2bb21052-bb30-11f1-a969-eeee0a843796.incident-management-db-deployer#flowable-async-job-executor-thread-41636#
[PollExecuteTaskStatusExecution] 5417dcc0-8ec9-404c-9f48-6c83c38b999b [2026-09-28T11:33:10.272929] 3 directories collected (STDOUT, APP/TASK/deploy)#
#2026 09 28 11:33:10.764#Z#DEBUG#2bb21052-bb30-11f1-a969-eeee0a843796.incident-management-db-deployer#flowable-async-job-executor-thread-41636#
[PollExecuteTaskStatusExecution] 5417dcc0-8ec9-404c-9f48-6c83c38b999b [2026-09-28T11:33:10.272940] 53 files collected (STDOUT, APP/TASK/deploy)#
#2026 09 28 11:33:10.764#Z#DEBUG#2bb21052-bb30-11f1-a969-eeee0a843796.incident-management-db-deployer#flowable-async-job-executor-thread-41636#
[PollExecuteTaskStatusExecution] 5417dcc0-8ec9-404c-9f48-6c83c38b999b [2026-09-28T11:33:10.272967] 0 reusable modules collected (STDOUT, APP/TASK/deploy)#
#2026 09 28 11:33:10.764#Z#DEBUG#2bb21052-bb30-11f1-a969-eeee0a843796.incident-management-db-deployer#flowable-async-job-executor-thread-41636#
[PollExecuteTaskStatusExecution] 5417dcc0-8ec9-404c-9f48-6c83c38b999b [2026-09-28T11:33:10.273087] Target service: incident-management-db (STDOUT, APP/TASK/deploy)#
#2026 09 28 11:33:20.810#Z#DEBUG#2bb21052-bb30-11f1-a969-eeee0a843796.incident-management-db-deployer#flowable-async-job-executor-thread-41642#
[PollExecuteTaskStatusExecution] 5417dcc0-8ec9-404c-9f48-6c83c38b999b [2026-09-28T11:33:10.452201] Could not determine status of last build: Could not find any information about the previous deployment. (STDOUT, APP/TASK/deploy)#
#2026 09 28 11:33:20.810#Z#DEBUG#2bb21052-bb30-11f1-a969-eeee0a843796.incident-management-db-deployer#flowable-async-job-executor-thread-41642#
[PollExecuteTaskStatusExecution] 5417dcc0-8ec9-404c-9f48-6c83c38b999b [2026-09-28T11:33:10.452384] Processing revoke files... (STDOUT, APP/TASK/deploy)#
#2026 09 28 11:33:20.810#Z#DEBUG#2bb21052-bb30-11f1-a969-eeee0a843796.incident-management-db-deployer#flowable-async-job-executor-thread-41642#
[PollExecuteTaskStatusExecution] 5417dcc0-8ec9-404c-9f48-6c83c38b999b [2026-09-28T11:33:10.452419] Processing revoke files... ok (0s 0ms) (STDOUT, APP/TASK/deploy)#
#2026 09 28 11:33:20.810#Z#DEBUG#2bb21052-bb30-11f1-a969-eeee0a843796.incident-management-db-deployer#flowable-async-job-executor-thread-41642#
[PollExecuteTaskStatusExecution] 5417dcc0-8ec9-404c-9f48-6c83c38b999b [2026-09-28T11:33:10.452604] Processing grants files... (STDOUT, APP/TASK/deploy)#
#2026 09 28 11:33:20.810#Z#DEBUG#2bb21052-bb30-11f1-a969-eeee0a843796.incident-management-db-deployer#flowable-async-job-executor-thread-41642#
[PollExecuteTaskStatusExecution] 5417dcc0-8ec9-404c-9f48-6c83c38b999b [2026-09-28T11:33:10.452847] Processing grants files... ok (0s 0ms) (STDOUT, APP/TASK/deploy)#
#2026 09 28 11:33:20.810#Z#DEBUG#2bb21052-bb30-11f1-a969-eeee0a843796.incident-management-db-deployer#flowable-async-job-executor-thread-41642#
[PollExecuteTaskStatusExecution] 5417dcc0-8ec9-404c-9f48-6c83c38b999b [2026-09-28T11:33:10.455424] Preprocessing files... (STDOUT, APP/TASK/deploy)#
#2026 09 28 11:33:20.810#Z#DEBUG#2bb21052-bb30-11f1-a969-eeee0a843796.incident-management-db-deployer#flowable-async-job-executor-thread-41642#
[PollExecuteTaskStatusExecution] 5417dcc0-8ec9-404c-9f48-6c83c38b999b [2026-09-28T11:33:10.455698] Preprocessing files... ok (0s 0ms) (STDOUT, APP/TASK/deploy)#
#2026 09 28 11:33:20.810#Z#DEBUG#2bb21052-bb30-11f1-a969-eeee0a843796.incident-management-db-deployer#flowable-async-job-executor-thread-41642#
[PollExecuteTaskStatusExecution] 5417dcc0-8ec9-404c-9f48-6c83c38b999b [2026-09-28T11:33:10.455838] Connecting to the container "A9932762E51D46ECA64C0B8ECA56D3F1"... (STDOUT, APP/TASK/deploy)#
#2026 09 28 11:33:20.810#Z#DEBUG#2bb21052-bb30-11f1-a969-eeee0a843796.incident-management-db-deployer#flowable-async-job-executor-thread-41642#
[PollExecuteTaskStatusExecution] 5417dcc0-8ec9-404c-9f48-6c83c38b999b [2026-09-28T11:33:10.526748] Connecting to the container "A9932762E51D46ECA64C0B8ECA56D3F1"... ok (0s 71ms) (STDOUT, APP/TASK/deploy)#
#2026 09 28 11:33:20.810#Z#DEBUG#2bb21052-bb30-11f1-a969-eeee0a843796.incident-management-db-deployer#flowable-async-job-executor-thread-41642#
[PollExecuteTaskStatusExecution] 5417dcc0-8ec9-404c-9f48-6c83c38b999b [2026-09-28T11:33:10.526776] Locking the container "A9932762E51D46ECA64C0B8ECA56D3F1"... (STDOUT, APP/TASK/deploy)#
#2026 09 28 11:33:20.810#Z#DEBUG#2bb21052-bb30-11f1-a969-eeee0a843796.incident-management-db-deployer#flowable-async-job-executor-thread-41642#
[PollExecuteTaskStatusExecution] 5417dcc0-8ec9-404c-9f48-6c83c38b999b [2026-09-28T11:33:10.704690] Locking the container "A9932762E51D46ECA64C0B8ECA56D3F1"... ok (0s 177ms) (STDOUT, APP/TASK/deploy)#
#2026 09 28 11:33:20.810#Z#DEBUG#2bb21052-bb30-11f1-a969-eeee0a843796.incident-management-db-deployer#flowable-async-job-executor-thread-41642#
[PollExecuteTaskStatusExecution] 5417dcc0-8ec9-404c-9f48-6c83c38b999b [2026-09-28T11:33:10.704719] Synchronizing files with the container "A9932762E51D46ECA64C0B8ECA56D3F1"... (STDOUT, APP/TASK/deploy)#
#2026 09 28 11:33:20.810#Z#DEBUG#2bb21052-bb30-11f1-a969-eeee0a843796.incident-management-db-deployer#flowable-async-job-executor-thread-41642#
[PollExecuteTaskStatusExecution] 5417dcc0-8ec9-404c-9f48-6c83c38b999b [2026-09-28T11:33:10.931359] Deleting files... (STDOUT, APP/TASK/deploy)#
#2026 09 28 11:33:20.810#Z#DEBUG#2bb21052-bb30-11f1-a969-eeee0a843796.incident-management-db-deployer#flowable-async-job-executor-thread-41642#
[PollExecuteTaskStatusExecution] 5417dcc0-8ec9-404c-9f48-6c83c38b999b [2026-09-28T11:33:11.058454] Deleting files... ok (STDOUT, APP/TASK/deploy)#
#2026 09 28 11:33:20.810#Z#DEBUG#2bb21052-bb30-11f1-a969-eeee0a843796.incident-management-db-deployer#flowable-async-job-executor-thread-41642#
[PollExecuteTaskStatusExecution] 5417dcc0-8ec9-404c-9f48-6c83c38b999b [2026-09-28T11:33:11.058481] Writing files... (STDOUT, APP/TASK/deploy)#
#2026 09 28 11:33:20.810#Z#DEBUG#2bb21052-bb30-11f1-a969-eeee0a843796.incident-management-db-deployer#flowable-async-job-executor-thread-41642#
[PollExecuteTaskStatusExecution] 5417dcc0-8ec9-404c-9f48-6c83c38b999b [2026-09-28T11:33:11.058485] Writing 56 items (STDOUT, APP/TASK/deploy)#
#2026 09 28 11:33:20.810#Z#DEBUG#2bb21052-bb30-11f1-a969-eeee0a843796.incident-management-db-deployer#flowable-async-job-executor-thread-41642#
[PollExecuteTaskStatusExecution] 5417dcc0-8ec9-404c-9f48-6c83c38b999b [2026-09-28T11:33:11.562602] Writing files... ok (STDOUT, APP/TASK/deploy)#
#2026 09 28 11:33:20.810#Z#DEBUG#2bb21052-bb30-11f1-a969-eeee0a843796.incident-management-db-deployer#flowable-async-job-executor-thread-41642#
[PollExecuteTaskStatusExecution] 5417dcc0-8ec9-404c-9f48-6c83c38b999b [2026-09-28T11:33:11.562655] Synchronizing files with the container "A9932762E51D46ECA64C0B8ECA56D3F1"... ok (0s 858ms) (STDOUT, APP/TASK/deploy)#
#2026 09 28 11:33:20.810#Z#DEBUG#2bb21052-bb30-11f1-a969-eeee0a843796.incident-management-db-deployer#flowable-async-job-executor-thread-41642#
[PollExecuteTaskStatusExecution] 5417dcc0-8ec9-404c-9f48-6c83c38b999b [2026-09-28T11:33:11.563150] added files: [ (STDOUT, APP/TASK/deploy)#
#2026 09 28 11:33:20.810#Z#DEBUG#2bb21052-bb30-11f1-a969-eeee0a843796.incident-management-db-deployer#flowable-async-job-executor-thread-41642#
[PollExecuteTaskStatusExecution] 5417dcc0-8ec9-404c-9f48-6c83c38b999b [2026-09-28T11:33:11.563176] "src/gen/.hdiconfig", (STDOUT, APP/TASK/deploy)#
#2026 09 28 11:33:20.810#Z#DEBUG#2bb21052-bb30-11f1-a969-eeee0a843796.incident-management-db-deployer#flowable-async-job-executor-thread-41642#
[PollExecuteTaskStatusExecution] 5417dcc0-8ec9-404c-9f48-6c83c38b999b [2026-09-28T11:33:11.563181] "src/gen/.hdinamespace", (STDOUT, APP/TASK/deploy)#
#2026 09 28 11:33:20.810#Z#DEBUG#2bb21052-bb30-11f1-a969-eeee0a843796.incident-management-db-deployer#flowable-async-job-executor-thread-41642#
[PollExecuteTaskStatusExecution] 5417dcc0-8ec9-404c-9f48-6c83c38b999b [2026-09-28T11:33:11.563186] "src/gen/AdminService.Addresses.hdbview", (STDOUT, APP/TASK/deploy)#
#2026 09 28 11:33:20.810#Z#DEBUG#2bb21052-bb30-11f1-a969-eeee0a843796.incident-management-db-deployer#flowable-async-job-executor-thread-41642#
[PollExecuteTaskStatusExecution] 5417dcc0-8ec9-404c-9f48-6c83c38b999b [2026-09-28T11:33:11.563189] "src/gen/AdminService.Customers.hdbview", (STDOUT, APP/TASK/deploy)#
#2026 09 28 11:33:20.810#Z#DEBUG#2bb21052-bb30-11f1-a969-eeee0a843796.incident-management-db-deployer#flowable-async-job-executor-thread-41642#
[PollExecuteTaskStatusExecution] 5417dcc0-8ec9-404c-9f48-6c83c38b999b [2026-09-28T11:33:11.563191] "src/gen/AdminService.Incidents.hdbview", (STDOUT, APP/TASK/deploy)#
#2026 09 28 11:33:20.810#Z#DEBUG#2bb21052-bb30-11f1-a969-eeee0a843796.incident-management-db-deployer#flowable-async-job-executor-thread-41642#
[PollExecuteTaskStatusExecution] 5417dcc0-8ec9-404c-9f48-6c83c38b999b [2026-09-28T11:33:11.563193] "src/gen/AdminService.Incidents_conversation.hdbview", (STDOUT, APP/TASK/deploy)#
#2026 09 28 11:33:20.810#Z#DEBUG#2bb21052-bb30-11f1-a969-eeee0a843796.incident-management-db-deployer#flowable-async-job-executor-thread-41642#
[PollExecuteTaskStatusExecution] 5417dcc0-8ec9-404c-9f48-6c83c38b999b [2026-09-28T11:33:11.563198] "src/gen/AdminService.Status.hdbview", (STDOUT, APP/TASK/deploy)#
#2026 09 28 11:33:20.810#Z#DEBUG#2bb21052-bb30-11f1-a969-eeee0a843796.incident-management-db-deployer#flowable-async-job-executor-thread-41642#
[PollExecuteTaskStatusExecution] 5417dcc0-8ec9-404c-9f48-6c83c38b999b [2026-09-28T11:33:11.563200] "src/gen/AdminService.Status_texts.hdbview", (STDOUT, APP/TASK/deploy)#
#2026 09 28 11:33:20.810#Z#DEBUG#2bb21052-bb30-11f1-a969-eeee0a843796.incident-management-db-deployer#flowable-async-job-executor-thread-41642#
[PollExecuteTaskStatusExecution] 5417dcc0-8ec9-404c-9f48-6c83c38b999b [2026-09-28T11:33:11.563212] "src/gen/AdminService.Urgency.hdbview", (STDOUT, APP/TASK/deploy)#
#2026 09 28 11:33:20.810#Z#DEBUG#2bb21052-bb30-11f1-a969-eeee0a843796.incident-management-db-deployer#flowable-async-job-executor-thread-41642#
[PollExecuteTaskStatusExecution] 5417dcc0-8ec9-404c-9f48-6c83c38b999b [2026-09-28T11:33:11.563214] "src/gen/AdminService.Urgency_texts.hdbview", (STDOUT, APP/TASK/deploy)#
#2026 09 28 11:33:20.810#Z#DEBUG#2bb21052-bb30-11f1-a969-eeee0a843796.incident-management-db-deployer#flowable-async-job-executor-thread-41642#
[PollExecuteTaskStatusExecution] 5417dcc0-8ec9-404c-9f48-6c83c38b999b [2026-09-28T11:33:11.563242] "src/gen/DRAFT.DraftAdministrativeData.hdbtable", (STDOUT, APP/TASK/deploy)#
#2026 09 28 11:33:20.810#Z#DEBUG#2bb21052-bb30-11f1-a969-eeee0a843796.incident-management-db-deployer#flowable-async-job-executor-thread-41642#
[PollExecuteTaskStatusExecution] 5417dcc0-8ec9-404c-9f48-6c83c38b999b [2026-09-28T11:33:11.563245] "src/gen/ProcessorService.Addresses.hdbview", (STDOUT, APP/TASK/deploy)#
#2026 09 28 11:33:20.810#Z#DEBUG#2bb21052-bb30-11f1-a969-eeee0a843796.incident-management-db-deployer#flowable-async-job-executor-thread-41642#
[PollExecuteTaskStatusExecution] 5417dcc0-8ec9-404c-9f48-6c83c38b999b [2026-09-28T11:33:11.563247] "src/gen/ProcessorService.Customers.hdbview", (STDOUT, APP/TASK/deploy)#
#2026 09 28 11:33:20.810#Z#DEBUG#2bb21052-bb30-11f1-a969-eeee0a843796.incident-management-db-deployer#flowable-async-job-executor-thread-41642#
[PollExecuteTaskStatusExecution] 5417dcc0-8ec9-404c-9f48-6c83c38b999b [2026-09-28T11:33:11.563250] "src/gen/ProcessorService.DraftAdministrativeData.hdbview", (STDOUT, APP/TASK/deploy)#
#2026 09 28 11:33:20.810#Z#DEBUG#2bb21052-bb30-11f1-a969-eeee0a843796.incident-management-db-deployer#flowable-async-job-executor-thread-41642#
[PollExecuteTaskStatusExecution] 5417dcc0-8ec9-404c-9f48-6c83c38b999b [2026-09-28T11:33:11.563255] "src/gen/ProcessorService.Incidents.hdbview", (STDOUT, APP/TASK/deploy)#
#2026 09 28 11:33:20.810#Z#DEBUG#2bb21052-bb30-11f1-a969-eeee0a843796.incident-management-db-deployer#flowable-async-job-executor-thread-41642#
[PollExecuteTaskStatusExecution] 5417dcc0-8ec9-404c-9f48-6c83c38b999b [2026-09-28T11:33:11.563260] "src/gen/ProcessorService.Incidents_conversation.hdbview", (STDOUT, APP/TASK/deploy)#
#2026 09 28 11:33:20.810#Z#DEBUG#2bb21052-bb30-11f1-a969-eeee0a843796.incident-management-db-deployer#flowable-async-job-executor-thread-41642#
[PollExecuteTaskStatusExecution] 5417dcc0-8ec9-404c-9f48-6c83c38b999b [2026-09-28T11:33:11.563264] "src/gen/ProcessorService.Incidents_conversation_drafts.hdbtable", (STDOUT, APP/TASK/deploy)#
#2026 09 28 11:33:20.810#Z#DEBUG#2bb21052-bb30-11f1-a969-eeee0a843796.incident-management-db-deployer#flowable-async-job-executor-thread-41642#
[PollExecuteTaskStatusExecution] 5417dcc0-8ec9-404c-9f48-6c83c38b999b [2026-09-28T11:33:11.563266] "src/gen/ProcessorService.Incidents_drafts.hdbtable", (STDOUT, APP/TASK/deploy)#
#2026 09 28 11:33:20.810#Z#DEBUG#2bb21052-bb30-11f1-a969-eeee0a843796.incident-management-db-deployer#flowable-async-job-executor-thread-41642#
[PollExecuteTaskStatusExecution] 5417dcc0-8ec9-404c-9f48-6c83c38b999b [2026-09-28T11:33:11.563269] "src/gen/ProcessorService.Status.hdbview", (STDOUT, APP/TASK/deploy)#
#2026 09 28 11:33:20.810#Z#DEBUG#2bb21052-bb30-11f1-a969-eeee0a843796.incident-management-db-deployer#flowable-async-job-executor-thread-41642#
[PollExecuteTaskStatusExecution] 5417dcc0-8ec9-404c-9f48-6c83c38b999b [2026-09-28T11:33:11.563272] "src/gen/ProcessorService.Status_texts.hdbview", (STDOUT, APP/TASK/deploy)#
#2026 09 28 11:33:20.810#Z#DEBUG#2bb21052-bb30-11f1-a969-eeee0a843796.incident-management-db-deployer#flowable-async-job-executor-thread-41642#
[PollExecuteTaskStatusExecution] 5417dcc0-8ec9-404c-9f48-6c83c38b999b [2026-09-28T11:33:11.563278] "src/gen/ProcessorService.Urgency.hdbview", (STDOUT, APP/TASK/deploy)#
#2026 09 28 11:33:20.810#Z#DEBUG#2bb21052-bb30-11f1-a969-eeee0a843796.incident-management-db-deployer#flowable-async-job-executor-thread-41642#
[PollExecuteTaskStatusExecution] 5417dcc0-8ec9-404c-9f48-6c83c38b999b [2026-09-28T11:33:11.563281] "src/gen/ProcessorService.Urgency_texts.hdbview", (STDOUT, APP/TASK/deploy)#
#2026 09 28 11:33:20.810#Z#DEBUG#2bb21052-bb30-11f1-a969-eeee0a843796.incident-management-db-deployer#flowable-async-job-executor-thread-41642#
[PollExecuteTaskStatusExecution] 5417dcc0-8ec9-404c-9f48-6c83c38b999b [2026-09-28T11:33:11.563285] "src/gen/cds.outbox.Messages.hdbtable", (STDOUT, APP/TASK/deploy)#
#2026 09 28 11:33:20.810#Z#DEBUG#2bb21052-bb30-11f1-a969-eeee0a843796.incident-management-db-deployer#flowable-async-job-executor-thread-41642#
[PollExecuteTaskStatusExecution] 5417dcc0-8ec9-404c-9f48-6c83c38b999b [2026-09-28T11:33:11.563288] "src/gen/data/sap.capire.incidents-Addresses.csv", (STDOUT, APP/TASK/deploy)#
#2026 09 28 11:33:20.810#Z#DEBUG#2bb21052-bb30-11f1-a969-eeee0a843796.incident-management-db-deployer#flowable-async-job-executor-thread-41642#
[PollExecuteTaskStatusExecution] 5417dcc0-8ec9-404c-9f48-6c83c38b999b [2026-09-28T11:33:11.563290] "src/gen/data/sap.capire.incidents-Addresses.hdbtabledata", (STDOUT, APP/TASK/deploy)#
#2026 09 28 11:33:20.810#Z#DEBUG#2bb21052-bb30-11f1-a969-eeee0a843796.incident-management-db-deployer#flowable-async-job-executor-thread-41642#
[PollExecuteTaskStatusExecution] 5417dcc0-8ec9-404c-9f48-6c83c38b999b [2026-09-28T11:33:11.563292] "src/gen/data/sap.capire.incidents-Customers.csv", (STDOUT, APP/TASK/deploy)#
#2026 09 28 11:33:20.810#Z#DEBUG#2bb21052-bb30-11f1-a969-eeee0a843796.incident-management-db-deployer#flowable-async-job-executor-thread-41642#
[PollExecuteTaskStatusExecution] 5417dcc0-8ec9-404c-9f48-6c83c38b999b [2026-09-28T11:33:11.563294] "src/gen/data/sap.capire.incidents-Customers.hdbtabledata", (STDOUT, APP/TASK/deploy)#
#2026 09 28 11:33:20.810#Z#DEBUG#2bb21052-bb30-11f1-a969-eeee0a843796.incident-management-db-deployer#flowable-async-job-executor-thread-41642#
[PollExecuteTaskStatusExecution] 5417dcc0-8ec9-404c-9f48-6c83c38b999b [2026-09-28T11:33:11.563297] "src/gen/data/sap.capire.incidents-Incidents.conversation.csv", (STDOUT, APP/TASK/deploy)#
#2026 09 28 11:33:20.810#Z#DEBUG#2bb21052-bb30-11f1-a969-eeee0a843796.incident-management-db-deployer#flowable-async-job-executor-thread-41642#
[PollExecuteTaskStatusExecution] 5417dcc0-8ec9-404c-9f48-6c83c38b999b [2026-09-28T11:33:11.563299] "src/gen/data/sap.capire.incidents-Incidents.conversation.hdbtabledata", (STDOUT, APP/TASK/deploy)#
#2026 09 28 11:33:20.810#Z#DEBUG#2bb21052-bb30-11f1-a969-eeee0a843796.incident-management-db-deployer#flowable-async-job-executor-thread-41642#
[PollExecuteTaskStatusExecution] 5417dcc0-8ec9-404c-9f48-6c83c38b999b [2026-09-28T11:33:11.563302] "src/gen/data/sap.capire.incidents-Incidents.csv", (STDOUT, APP/TASK/deploy)#
#2026 09 28 11:33:20.810#Z#DEBUG#2bb21052-bb30-11f1-a969-eeee0a843796.incident-management-db-deployer#flowable-async-job-executor-thread-41642#
[PollExecuteTaskStatusExecution] 5417dcc0-8ec9-404c-9f48-6c83c38b999b [2026-09-28T11:33:11.563305] "src/gen/data/sap.capire.incidents-Incidents.hdbtabledata", (STDOUT, APP/TASK/deploy)#
#2026 09 28 11:33:20.810#Z#DEBUG#2bb21052-bb30-11f1-a969-eeee0a843796.incident-management-db-deployer#flowable-async-job-executor-thread-41642#
[PollExecuteTaskStatusExecution] 5417dcc0-8ec9-404c-9f48-6c83c38b999b [2026-09-28T11:33:11.563310] "src/gen/data/sap.capire.incidents-Status.csv", (STDOUT, APP/TASK/deploy)#
#2026 09 28 11:33:20.810#Z#DEBUG#2bb21052-bb30-11f1-a969-eeee0a843796.incident-management-db-deployer#flowable-async-job-executor-thread-41642#
[PollExecuteTaskStatusExecution] 5417dcc0-8ec9-404c-9f48-6c83c38b999b [2026-09-28T11:33:11.563313] "src/gen/data/sap.capire.incidents-Status.hdbtabledata", (STDOUT, APP/TASK/deploy)#
#2026 09 28 11:33:20.810#Z#DEBUG#2bb21052-bb30-11f1-a969-eeee0a843796.incident-management-db-deployer#flowable-async-job-executor-thread-41642#
[PollExecuteTaskStatusExecution] 5417dcc0-8ec9-404c-9f48-6c83c38b999b [2026-09-28T11:33:11.563316] "src/gen/data/sap.capire.incidents-Status.texts.csv", (STDOUT, APP/TASK/deploy)#
#2026 09 28 11:33:20.810#Z#DEBUG#2bb21052-bb30-11f1-a969-eeee0a843796.incident-management-db-deployer#flowable-async-job-executor-thread-41642#
[PollExecuteTaskStatusExecution] 5417dcc0-8ec9-404c-9f48-6c83c38b999b [2026-09-28T11:33:11.563318] "src/gen/data/sap.capire.incidents-Status.texts.hdbtabledata", (STDOUT, APP/TASK/deploy)#
#2026 09 28 11:33:20.810#Z#DEBUG#2bb21052-bb30-11f1-a969-eeee0a843796.incident-management-db-deployer#flowable-async-job-executor-thread-41642#
[PollExecuteTaskStatusExecution] 5417dcc0-8ec9-404c-9f48-6c83c38b999b [2026-09-28T11:33:11.563322] "src/gen/data/sap.capire.incidents-Urgency.csv", (STDOUT, APP/TASK/deploy)#
#2026 09 28 11:33:20.810#Z#DEBUG#2bb21052-bb30-11f1-a969-eeee0a843796.incident-management-db-deployer#flowable-async-job-executor-thread-41642#
[PollExecuteTaskStatusExecution] 5417dcc0-8ec9-404c-9f48-6c83c38b999b [2026-09-28T11:33:11.563326] "src/gen/data/sap.capire.incidents-Urgency.hdbtabledata", (STDOUT, APP/TASK/deploy)#
#2026 09 28 11:33:20.810#Z#DEBUG#2bb21052-bb30-11f1-a969-eeee0a843796.incident-management-db-deployer#flowable-async-job-executor-thread-41642#
[PollExecuteTaskStatusExecution] 5417dcc0-8ec9-404c-9f48-6c83c38b999b [2026-09-28T11:33:11.563329] "src/gen/data/sap.capire.incidents-Urgency.texts.csv", (STDOUT, APP/TASK/deploy)#
#2026 09 28 11:33:20.810#Z#DEBUG#2bb21052-bb30-11f1-a969-eeee0a843796.incident-management-db-deployer#flowable-async-job-executor-thread-41642#
[PollExecuteTaskStatusExecution] 5417dcc0-8ec9-404c-9f48-6c83c38b999b [2026-09-28T11:33:11.563333] "src/gen/data/sap.capire.incidents-Urgency.texts.hdbtabledata", (STDOUT, APP/TASK/deploy)#
#2026 09 28 11:33:20.810#Z#DEBUG#2bb21052-bb30-11f1-a969-eeee0a843796.incident-management-db-deployer#flowable-async-job-executor-thread-41642#
[PollExecuteTaskStatusExecution] 5417dcc0-8ec9-404c-9f48-6c83c38b999b [2026-09-28T11:33:11.563338] "src/gen/localized.AdminService.Status.hdbview", (STDOUT, APP/TASK/deploy)#
#2026 09 28 11:33:20.810#Z#DEBUG#2bb21052-bb30-11f1-a969-eeee0a843796.incident-management-db-deployer#flowable-async-job-executor-thread-41642#
[PollExecuteTaskStatusExecution] 5417dcc0-8ec9-404c-9f48-6c83c38b999b [2026-09-28T11:33:11.563341] "src/gen/localized.AdminService.Urgency.hdbview", (STDOUT, APP/TASK/deploy)#
#2026 09 28 11:33:20.810#Z#DEBUG#2bb21052-bb30-11f1-a969-eeee0a843796.incident-management-db-deployer#flowable-async-job-executor-thread-41642#
[PollExecuteTaskStatusExecution] 5417dcc0-8ec9-404c-9f48-6c83c38b999b [2026-09-28T11:33:11.563347] "src/gen/localized.ProcessorService.Status.hdbview", (STDOUT, APP/TASK/deploy)#
#2026 09 28 11:33:20.810#Z#DEBUG#2bb21052-bb30-11f1-a969-eeee0a843796.incident-management-db-deployer#flowable-async-job-executor-thread-41642#
[PollExecuteTaskStatusExecution] 5417dcc0-8ec9-404c-9f48-6c83c38b999b [2026-09-28T11:33:11.563351] "src/gen/localized.ProcessorService.Urgency.hdbview", (STDOUT, APP/TASK/deploy)#
#2026 09 28 11:33:20.810#Z#DEBUG#2bb21052-bb30-11f1-a969-eeee0a843796.incident-management-db-deployer#flowable-async-job-executor-thread-41642#
[PollExecuteTaskStatusExecution] 5417dcc0-8ec9-404c-9f48-6c83c38b999b [2026-09-28T11:33:11.563353] "src/gen/localized.sap.capire.incidents.Status.hdbview", (STDOUT, APP/TASK/deploy)#
#2026 09 28 11:33:20.810#Z#DEBUG#2bb21052-bb30-11f1-a969-eeee0a843796.incident-management-db-deployer#flowable-async-job-executor-thread-41642#
[PollExecuteTaskStatusExecution] 5417dcc0-8ec9-404c-9f48-6c83c38b999b [2026-09-28T11:33:11.563356] "src/gen/localized.sap.capire.incidents.Urgency.hdbview", (STDOUT, APP/TASK/deploy)#
#2026 09 28 11:33:20.810#Z#DEBUG#2bb21052-bb30-11f1-a969-eeee0a843796.incident-management-db-deployer#flowable-async-job-executor-thread-41642#
[PollExecuteTaskStatusExecution] 5417dcc0-8ec9-404c-9f48-6c83c38b999b [2026-09-28T11:33:11.563360] "src/gen/sap.capire.incidents.Addresses.hdbtable", (STDOUT, APP/TASK/deploy)#
#2026 09 28 11:33:20.810#Z#DEBUG#2bb21052-bb30-11f1-a969-eeee0a843796.incident-management-db-deployer#flowable-async-job-executor-thread-41642#
[PollExecuteTaskStatusExecution] 5417dcc0-8ec9-404c-9f48-6c83c38b999b [2026-09-28T11:33:11.563363] "src/gen/sap.capire.incidents.Customers.hdbtable", (STDOUT, APP/TASK/deploy)#
#2026 09 28 11:33:20.810#Z#DEBUG#2bb21052-bb30-11f1-a969-eeee0a843796.incident-management-db-deployer#flowable-async-job-executor-thread-41642#
[PollExecuteTaskStatusExecution] 5417dcc0-8ec9-404c-9f48-6c83c38b999b [2026-09-28T11:33:11.563367] "src/gen/sap.capire.incidents.Incidents.hdbtable", (STDOUT, APP/TASK/deploy)#
#2026 09 28 11:33:20.810#Z#DEBUG#2bb21052-bb30-11f1-a969-eeee0a843796.incident-management-db-deployer#flowable-async-job-executor-thread-41642#
[PollExecuteTaskStatusExecution] 5417dcc0-8ec9-404c-9f48-6c83c38b999b [2026-09-28T11:33:11.563369] "src/gen/sap.capire.incidents.Incidents_conversation.hdbtable", (STDOUT, APP/TASK/deploy)#
#2026 09 28 11:33:20.810#Z#DEBUG#2bb21052-bb30-11f1-a969-eeee0a843796.incident-management-db-deployer#flowable-async-job-executor-thread-41642#
[PollExecuteTaskStatusExecution] 5417dcc0-8ec9-404c-9f48-6c83c38b999b [2026-09-28T11:33:11.563371] "src/gen/sap.capire.incidents.Status.hdbtable", (STDOUT, APP/TASK/deploy)#
#2026 09 28 11:33:20.810#Z#DEBUG#2bb21052-bb30-11f1-a969-eeee0a843796.incident-management-db-deployer#flowable-async-job-executor-thread-41642#
[PollExecuteTaskStatusExecution] 5417dcc0-8ec9-404c-9f48-6c83c38b999b [2026-09-28T11:33:11.563376] "src/gen/sap.capire.incidents.Status_texts.hdbtable", (STDOUT, APP/TASK/deploy)#
#2026 09 28 11:33:20.810#Z#DEBUG#2bb21052-bb30-11f1-a969-eeee0a843796.incident-management-db-deployer#flowable-async-job-executor-thread-41642#
[PollExecuteTaskStatusExecution] 5417dcc0-8ec9-404c-9f48-6c83c38b999b [2026-09-28T11:33:11.563378] "src/gen/sap.capire.incidents.Urgency.hdbtable", (STDOUT, APP/TASK/deploy)#
#2026 09 28 11:33:20.810#Z#DEBUG#2bb21052-bb30-11f1-a969-eeee0a843796.incident-management-db-deployer#flowable-async-job-executor-thread-41642#
[PollExecuteTaskStatusExecution] 5417dcc0-8ec9-404c-9f48-6c83c38b999b [2026-09-28T11:33:11.563380] "src/gen/sap.capire.incidents.Urgency_texts.hdbtable" (STDOUT, APP/TASK/deploy)#
#2026 09 28 11:33:20.810#Z#DEBUG#2bb21052-bb30-11f1-a969-eeee0a843796.incident-management-db-deployer#flowable-async-job-executor-thread-41642#
[PollExecuteTaskStatusExecution] 5417dcc0-8ec9-404c-9f48-6c83c38b999b [2026-09-28T11:33:11.563383] ] (STDOUT, APP/TASK/deploy)#
#2026 09 28 11:33:20.810#Z#DEBUG#2bb21052-bb30-11f1-a969-eeee0a843796.incident-management-db-deployer#flowable-async-job-executor-thread-41642#
[PollExecuteTaskStatusExecution] 5417dcc0-8ec9-404c-9f48-6c83c38b999b [2026-09-28T11:33:11.563545] modified files: [] (STDOUT, APP/TASK/deploy)#
#2026 09 28 11:33:20.810#Z#DEBUG#2bb21052-bb30-11f1-a969-eeee0a843796.incident-management-db-deployer#flowable-async-job-executor-thread-41642#
[PollExecuteTaskStatusExecution] 5417dcc0-8ec9-404c-9f48-6c83c38b999b [2026-09-28T11:33:11.563585] deleted files: [] (STDOUT, APP/TASK/deploy)#
#2026 09 28 11:33:20.810#Z#DEBUG#2bb21052-bb30-11f1-a969-eeee0a843796.incident-management-db-deployer#flowable-async-job-executor-thread-41642#
[PollExecuteTaskStatusExecution] 5417dcc0-8ec9-404c-9f48-6c83c38b999b [2026-09-28T11:33:11.563589] 53 modified or added files are scheduled for deploy based on delta detection (STDOUT, APP/TASK/deploy)#
#2026 09 28 11:33:20.810#Z#DEBUG#2bb21052-bb30-11f1-a969-eeee0a843796.incident-management-db-deployer#flowable-async-job-executor-thread-41642#
[PollExecuteTaskStatusExecution] 5417dcc0-8ec9-404c-9f48-6c83c38b999b [2026-09-28T11:33:11.563838] 0 deleted files are scheduled for undeploy based on delta detection (filtered by undeploy allowlist) (STDOUT, APP/TASK/deploy)#
#2026 09 28 11:33:20.810#Z#DEBUG#2bb21052-bb30-11f1-a969-eeee0a843796.incident-management-db-deployer#flowable-async-job-executor-thread-41642#
[PollExecuteTaskStatusExecution] 5417dcc0-8ec9-404c-9f48-6c83c38b999b [2026-09-28T11:33:11.564130] 0 files are scheduled for deploy based on explicit specification (STDOUT, APP/TASK/deploy)#
#2026 09 28 11:33:20.810#Z#DEBUG#2bb21052-bb30-11f1-a969-eeee0a843796.incident-management-db-deployer#flowable-async-job-executor-thread-41642#
[PollExecuteTaskStatusExecution] 5417dcc0-8ec9-404c-9f48-6c83c38b999b [2026-09-28T11:33:11.564144] 0 files are scheduled for undeploy based on explicit specification (STDOUT, APP/TASK/deploy)#
#2026 09 28 11:33:20.810#Z#DEBUG#2bb21052-bb30-11f1-a969-eeee0a843796.incident-management-db-deployer#flowable-async-job-executor-thread-41642#
[PollExecuteTaskStatusExecution] 5417dcc0-8ec9-404c-9f48-6c83c38b999b [2026-09-28T11:33:11.564481] Deploying to the container "A9932762E51D46ECA64C0B8ECA56D3F1"... (STDOUT, APP/TASK/deploy)#
#2026 09 28 11:33:20.810#Z#DEBUG#2bb21052-bb30-11f1-a969-eeee0a843796.incident-management-db-deployer#flowable-async-job-executor-thread-41642#
[PollExecuteTaskStatusExecution] 5417dcc0-8ec9-404c-9f48-6c83c38b999b [2026-09-28T11:33:12.156803] Polling messages for request id: 17 (STDOUT, APP/TASK/deploy)#
#2026 09 28 11:33:20.810#Z#DEBUG#2bb21052-bb30-11f1-a969-eeee0a843796.incident-management-db-deployer#flowable-async-job-executor-thread-41642#
[PollExecuteTaskStatusExecution] 5417dcc0-8ec9-404c-9f48-6c83c38b999b [2026-09-28T11:33:12.262060] Starting make in the container "A9932762E51D46ECA64C0B8ECA56D3F1" with 53 files to deploy, 0 files to undeploy... (STDOUT, APP/TASK/deploy)#
#2026 09 28 11:33:20.810#Z#DEBUG#2bb21052-bb30-11f1-a969-eeee0a843796.incident-management-db-deployer#flowable-async-job-executor-thread-41642#
[PollExecuteTaskStatusExecution] 5417dcc0-8ec9-404c-9f48-6c83c38b999b [2026-09-28T11:33:12.262077] Disabling table replication for the container schema "A9932762E51D46ECA64C0B8ECA56D3F1"... (STDOUT, APP/TASK/deploy)#
#2026 09 28 11:33:20.810#Z#DEBUG#2bb21052-bb30-11f1-a969-eeee0a843796.incident-management-db-deployer#flowable-async-job-executor-thread-41642#
[PollExecuteTaskStatusExecution] 5417dcc0-8ec9-404c-9f48-6c83c38b999b [2026-09-28T11:33:12.262081] Disabling table replication for the container schema "A9932762E51D46ECA64C0B8ECA56D3F1"... ok (0s 12ms) (STDOUT, APP/TASK/deploy)#
#2026 09 28 11:33:20.810#Z#DEBUG#2bb21052-bb30-11f1-a969-eeee0a843796.incident-management-db-deployer#flowable-async-job-executor-thread-41642#
[PollExecuteTaskStatusExecution] 5417dcc0-8ec9-404c-9f48-6c83c38b999b [2026-09-28T11:33:12.262092] Migrating libraries... (STDOUT, APP/TASK/deploy)#
#2026 09 28 11:33:20.810#Z#DEBUG#2bb21052-bb30-11f1-a969-eeee0a843796.incident-management-db-deployer#flowable-async-job-executor-thread-41642#
[PollExecuteTaskStatusExecution] 5417dcc0-8ec9-404c-9f48-6c83c38b999b [2026-09-28T11:33:12.262111] Migrating libraries... ok (0s 20ms) (STDOUT, APP/TASK/deploy)#
#2026 09 28 11:33:20.810#Z#DEBUG#2bb21052-bb30-11f1-a969-eeee0a843796.incident-management-db-deployer#flowable-async-job-executor-thread-41642#
[PollExecuteTaskStatusExecution] 5417dcc0-8ec9-404c-9f48-6c83c38b999b [2026-09-28T11:33:12.262115] Making... (STDOUT, APP/TASK/deploy)#
#2026 09 28 11:33:20.810#Z#DEBUG#2bb21052-bb30-11f1-a969-eeee0a843796.incident-management-db-deployer#flowable-async-job-executor-thread-41642#
[PollExecuteTaskStatusExecution] 5417dcc0-8ec9-404c-9f48-6c83c38b999b [2026-09-28T11:33:12.262118] Preparing... (STDOUT, APP/TASK/deploy)#
#2026 09 28 11:33:20.810#Z#DEBUG#2bb21052-bb30-11f1-a969-eeee0a843796.incident-management-db-deployer#flowable-async-job-executor-thread-41642#
[PollExecuteTaskStatusExecution] 5417dcc0-8ec9-404c-9f48-6c83c38b999b [2026-09-28T11:33:12.262125] Preparing the make transaction... (STDOUT, APP/TASK/deploy)#
#2026 09 28 11:33:20.810#Z#DEBUG#2bb21052-bb30-11f1-a969-eeee0a843796.incident-management-db-deployer#flowable-async-job-executor-thread-41642#
[PollExecuteTaskStatusExecution] 5417dcc0-8ec9-404c-9f48-6c83c38b999b [2026-09-28T11:33:13.283016] Deploying the configuration file "src/gen/.hdiconfig"... (STDOUT, APP/TASK/deploy)#
#2026 09 28 11:33:20.810#Z#DEBUG#2bb21052-bb30-11f1-a969-eeee0a843796.incident-management-db-deployer#flowable-async-job-executor-thread-41642#
[PollExecuteTaskStatusExecution] 5417dcc0-8ec9-404c-9f48-6c83c38b999b [2026-09-28T11:33:13.283039] Preparing the make transaction... ok (0s 702ms) (STDOUT, APP/TASK/deploy)#
#2026 09 28 11:33:20.810#Z#DEBUG#2bb21052-bb30-11f1-a969-eeee0a843796.incident-management-db-deployer#flowable-async-job-executor-thread-41642#
[PollExecuteTaskStatusExecution] 5417dcc0-8ec9-404c-9f48-6c83c38b999b [2026-09-28T11:33:13.283055] Deploying the configuration file "src/gen/.hdiconfig"... ok (0s 109ms) (STDOUT, APP/TASK/deploy)#
#2026 09 28 11:33:20.810#Z#DEBUG#2bb21052-bb30-11f1-a969-eeee0a843796.incident-management-db-deployer#flowable-async-job-executor-thread-41642#
[PollExecuteTaskStatusExecution] 5417dcc0-8ec9-404c-9f48-6c83c38b999b [2026-09-28T11:33:13.283084] Deploying the namespace file "src/gen/.hdinamespace"... (STDOUT, APP/TASK/deploy)#
#2026 09 28 11:33:20.810#Z#DEBUG#2bb21052-bb30-11f1-a969-eeee0a843796.incident-management-db-deployer#flowable-async-job-executor-thread-41642#
[PollExecuteTaskStatusExecution] 5417dcc0-8ec9-404c-9f48-6c83c38b999b [2026-09-28T11:33:13.283165] Deploying the namespace file "src/gen/.hdinamespace"... ok (0s 22ms) (STDOUT, APP/TASK/deploy)#
#2026 09 28 11:33:20.810#Z#DEBUG#2bb21052-bb30-11f1-a969-eeee0a843796.incident-management-db-deployer#flowable-async-job-executor-thread-41642#
[PollExecuteTaskStatusExecution] 5417dcc0-8ec9-404c-9f48-6c83c38b999b [2026-09-28T11:33:13.283222] Adding "src/gen/AdminService.Addresses.hdbview" for deploy... (STDOUT, APP/TASK/deploy)#
#2026 09 28 11:33:20.810#Z#DEBUG#2bb21052-bb30-11f1-a969-eeee0a843796.incident-management-db-deployer#flowable-async-job-executor-thread-41642#
[PollExecuteTaskStatusExecution] 5417dcc0-8ec9-404c-9f48-6c83c38b999b [2026-09-28T11:33:13.283233] Adding "src/gen/AdminService.Addresses.hdbview" for deploy... ok (0s 26ms) (STDOUT, APP/TASK/deploy)#
#2026 09 28 11:33:20.810#Z#DEBUG#2bb21052-bb30-11f1-a969-eeee0a843796.incident-management-db-deployer#flowable-async-job-executor-thread-41642#
[PollExecuteTaskStatusExecution] 5417dcc0-8ec9-404c-9f48-6c83c38b999b [2026-09-28T11:33:13.283236] Adding "src/gen/AdminService.Customers.hdbview" for deploy... (STDOUT, APP/TASK/deploy)#
#2026 09 28 11:33:20.810#Z#DEBUG#2bb21052-bb30-11f1-a969-eeee0a843796.incident-management-db-deployer#flowable-async-job-executor-thread-41642#
[PollExecuteTaskStatusExecution] 5417dcc0-8ec9-404c-9f48-6c83c38b999b [2026-09-28T11:33:13.283315] Adding "src/gen/AdminService.Customers.hdbview" for deploy... ok (0s 0ms) (STDOUT, APP/TASK/deploy)#
#2026 09 28 11:33:20.810#Z#DEBUG#2bb21052-bb30-11f1-a969-eeee0a843796.incident-management-db-deployer#flowable-async-job-executor-thread-41642#
[PollExecuteTaskStatusExecution] 5417dcc0-8ec9-404c-9f48-6c83c38b999b [2026-09-28T11:33:13.283332] Adding "src/gen/AdminService.Incidents.hdbview" for deploy... (STDOUT, APP/TASK/deploy)#
#2026 09 28 11:33:20.810#Z#DEBUG#2bb21052-bb30-11f1-a969-eeee0a843796.incident-management-db-deployer#flowable-async-job-executor-thread-41642#
[PollExecuteTaskStatusExecution] 5417dcc0-8ec9-404c-9f48-6c83c38b999b [2026-09-28T11:33:13.283342] Adding "src/gen/AdminService.Incidents.hdbview" for deploy... ok (0s 0ms) (STDOUT, APP/TASK/deploy)#
#2026 09 28 11:33:20.810#Z#DEBUG#2bb21052-bb30-11f1-a969-eeee0a843796.incident-management-db-deployer#flowable-async-job-executor-thread-41642#
[PollExecuteTaskStatusExecution] 5417dcc0-8ec9-404c-9f48-6c83c38b999b [2026-09-28T11:33:13.283346] Adding "src/gen/AdminService.Incidents_conversation.hdbview" for deploy... (STDOUT, APP/TASK/deploy)#
#2026 09 28 11:33:20.810#Z#DEBUG#2bb21052-bb30-11f1-a969-eeee0a843796.incident-management-db-deployer#flowable-async-job-executor-thread-41642#
[PollExecuteTaskStatusExecution] 5417dcc0-8ec9-404c-9f48-6c83c38b999b [2026-09-28T11:33:13.283424] Adding "src/gen/AdminService.Incidents_conversation.hdbview" for deploy... ok (0s 0ms) (STDOUT, APP/TASK/deploy)#
#2026 09 28 11:33:20.810#Z#DEBUG#2bb21052-bb30-11f1-a969-eeee0a843796.incident-management-db-deployer#flowable-async-job-executor-thread-41642#
[PollExecuteTaskStatusExecution] 5417dcc0-8ec9-404c-9f48-6c83c38b999b [2026-09-28T11:33:13.283452] Adding "src/gen/AdminService.Status.hdbview" for deploy... (STDOUT, APP/TASK/deploy)#
#2026 09 28 11:33:20.810#Z#DEBUG#2bb21052-bb30-11f1-a969-eeee0a843796.incident-management-db-deployer#flowable-async-job-executor-thread-41642#
[PollExecuteTaskStatusExecution] 5417dcc0-8ec9-404c-9f48-6c83c38b999b [2026-09-28T11:33:13.283462] Adding "src/gen/AdminService.Status.hdbview" for deploy... ok (0s 0ms) (STDOUT, APP/TASK/deploy)#
#2026 09 28 11:33:20.810#Z#DEBUG#2bb21052-bb30-11f1-a969-eeee0a843796.incident-management-db-deployer#flowable-async-job-executor-thread-41642#
[PollExecuteTaskStatusExecution] 5417dcc0-8ec9-404c-9f48-6c83c38b999b [2026-09-28T11:33:13.283480] Adding "src/gen/AdminService.Status_texts.hdbview" for deploy... (STDOUT, APP/TASK/deploy)#
#2026 09 28 11:33:20.810#Z#DEBUG#2bb21052-bb30-11f1-a969-eeee0a843796.incident-management-db-deployer#flowable-async-job-executor-thread-41642#
[PollExecuteTaskStatusExecution] 5417dcc0-8ec9-404c-9f48-6c83c38b999b [2026-09-28T11:33:13.283611] Adding "src/gen/AdminService.Status_texts.hdbview" for deploy... ok (0s 1ms) (STDOUT, APP/TASK/deploy)#
#2026 09 28 11:33:20.810#Z#DEBUG#2bb21052-bb30-11f1-a969-eeee0a843796.incident-management-db-deployer#flowable-async-job-executor-thread-41642#
[PollExecuteTaskStatusExecution] 5417dcc0-8ec9-404c-9f48-6c83c38b999b [2026-09-28T11:33:13.283672] Adding "src/gen/AdminService.Urgency.hdbview" for deploy... (STDOUT, APP/TASK/deploy)#
#2026 09 28 11:33:20.810#Z#DEBUG#2bb21052-bb30-11f1-a969-eeee0a843796.incident-management-db-deployer#flowable-async-job-executor-thread-41642#
[PollExecuteTaskStatusExecution] 5417dcc0-8ec9-404c-9f48-6c83c38b999b [2026-09-28T11:33:13.284633] Adding "src/gen/AdminService.Urgency.hdbview" for deploy... ok (0s 0ms) (STDOUT, APP/TASK/deploy)#
#2026 09 28 11:33:20.810#Z#DEBUG#2bb21052-bb30-11f1-a969-eeee0a843796.incident-management-db-deployer#flowable-async-job-executor-thread-41642#
[PollExecuteTaskStatusExecution] 5417dcc0-8ec9-404c-9f48-6c83c38b999b [2026-09-28T11:33:13.284654] Adding "src/gen/AdminService.Urgency_texts.hdbview" for deploy... (STDOUT, APP/TASK/deploy)#
#2026 09 28 11:33:20.810#Z#DEBUG#2bb21052-bb30-11f1-a969-eeee0a843796.incident-management-db-deployer#flowable-async-job-executor-thread-41642#
[PollExecuteTaskStatusExecution] 5417dcc0-8ec9-404c-9f48-6c83c38b999b [2026-09-28T11:33:13.284658] Adding "src/gen/AdminService.Urgency_texts.hdbview" for deploy... ok (0s 0ms) (STDOUT, APP/TASK/deploy)#
#2026 09 28 11:33:20.810#Z#DEBUG#2bb21052-bb30-11f1-a969-eeee0a843796.incident-management-db-deployer#flowable-async-job-executor-thread-41642#
[PollExecuteTaskStatusExecution] 5417dcc0-8ec9-404c-9f48-6c83c38b999b [2026-09-28T11:33:13.284661] Adding "src/gen/DRAFT.DraftAdministrativeData.hdbtable" for deploy... (STDOUT, APP/TASK/deploy)#
#2026 09 28 11:33:20.810#Z#DEBUG#2bb21052-bb30-11f1-a969-eeee0a843796.incident-management-db-deployer#flowable-async-job-executor-thread-41642#
[PollExecuteTaskStatusExecution] 5417dcc0-8ec9-404c-9f48-6c83c38b999b [2026-09-28T11:33:13.284664] Adding "src/gen/DRAFT.DraftAdministrativeData.hdbtable" for deploy... ok (0s 0ms) (STDOUT, APP/TASK/deploy)#
#2026 09 28 11:33:20.810#Z#DEBUG#2bb21052-bb30-11f1-a969-eeee0a843796.incident-management-db-deployer#flowable-async-job-executor-thread-41642#
[PollExecuteTaskStatusExecution] 5417dcc0-8ec9-404c-9f48-6c83c38b999b [2026-09-28T11:33:13.284670] Adding "src/gen/ProcessorService.Addresses.hdbview" for deploy... (STDOUT, APP/TASK/deploy)#
#2026 09 28 11:33:20.810#Z#DEBUG#2bb21052-bb30-11f1-a969-eeee0a843796.incident-management-db-deployer#flowable-async-job-executor-thread-41642#
[PollExecuteTaskStatusExecution] 5417dcc0-8ec9-404c-9f48-6c83c38b999b [2026-09-28T11:33:13.284672] Adding "src/gen/ProcessorService.Addresses.hdbview" for deploy... ok (0s 0ms) (STDOUT, APP/TASK/deploy)#
#2026 09 28 11:33:20.810#Z#DEBUG#2bb21052-bb30-11f1-a969-eeee0a843796.incident-management-db-deployer#flowable-async-job-executor-thread-41642#
[PollExecuteTaskStatusExecution] 5417dcc0-8ec9-404c-9f48-6c83c38b999b [2026-09-28T11:33:13.284674] Adding "src/gen/ProcessorService.Customers.hdbview" for deploy... (STDOUT, APP/TASK/deploy)#
#2026 09 28 11:33:20.810#Z#DEBUG#2bb21052-bb30-11f1-a969-eeee0a843796.incident-management-db-deployer#flowable-async-job-executor-thread-41642#
[PollExecuteTaskStatusExecution] 5417dcc0-8ec9-404c-9f48-6c83c38b999b [2026-09-28T11:33:13.284676] Adding "src/gen/ProcessorService.Customers.hdbview" for deploy... ok (0s 0ms) (STDOUT, APP/TASK/deploy)#
#2026 09 28 11:33:20.810#Z#DEBUG#2bb21052-bb30-11f1-a969-eeee0a843796.incident-management-db-deployer#flowable-async-job-executor-thread-41642#
[PollExecuteTaskStatusExecution] 5417dcc0-8ec9-404c-9f48-6c83c38b999b [2026-09-28T11:33:13.284679] Adding "src/gen/ProcessorService.DraftAdministrativeData.hdbview" for deploy... (STDOUT, APP/TASK/deploy)#
#2026 09 28 11:33:20.810#Z#DEBUG#2bb21052-bb30-11f1-a969-eeee0a843796.incident-management-db-deployer#flowable-async-job-executor-thread-41642#
[PollExecuteTaskStatusExecution] 5417dcc0-8ec9-404c-9f48-6c83c38b999b [2026-09-28T11:33:13.284687] Adding "src/gen/ProcessorService.DraftAdministrativeData.hdbview" for deploy... ok (0s 0ms) (STDOUT, APP/TASK/deploy)#
#2026 09 28 11:33:20.810#Z#DEBUG#2bb21052-bb30-11f1-a969-eeee0a843796.incident-management-db-deployer#flowable-async-job-executor-thread-41642#
[PollExecuteTaskStatusExecution] 5417dcc0-8ec9-404c-9f48-6c83c38b999b [2026-09-28T11:33:13.284689] Adding "src/gen/ProcessorService.Incidents.hdbview" for deploy... (STDOUT, APP/TASK/deploy)#
#2026 09 28 11:33:20.810#Z#DEBUG#2bb21052-bb30-11f1-a969-eeee0a843796.incident-management-db-deployer#flowable-async-job-executor-thread-41642#
[PollExecuteTaskStatusExecution] 5417dcc0-8ec9-404c-9f48-6c83c38b999b [2026-09-28T11:33:13.284693] Adding "src/gen/ProcessorService.Incidents.hdbview" for deploy... ok (0s 0ms) (STDOUT, APP/TASK/deploy)#
#2026 09 28 11:33:20.810#Z#DEBUG#2bb21052-bb30-11f1-a969-eeee0a843796.incident-management-db-deployer#flowable-async-job-executor-thread-41642#
[PollExecuteTaskStatusExecution] 5417dcc0-8ec9-404c-9f48-6c83c38b999b [2026-09-28T11:33:13.284695] Adding "src/gen/ProcessorService.Incidents_conversation.hdbview" for deploy... (STDOUT, APP/TASK/deploy)#
#2026 09 28 11:33:20.810#Z#DEBUG#2bb21052-bb30-11f1-a969-eeee0a843796.incident-management-db-deployer#flowable-async-job-executor-thread-41642#
[PollExecuteTaskStatusExecution] 5417dcc0-8ec9-404c-9f48-6c83c38b999b [2026-09-28T11:33:13.284697] Adding "src/gen/ProcessorService.Incidents_conversation.hdbview" for deploy... ok (0s 0ms) (STDOUT, APP/TASK/deploy)#
#2026 09 28 11:33:20.810#Z#DEBUG#2bb21052-bb30-11f1-a969-eeee0a843796.incident-management-db-deployer#flowable-async-job-executor-thread-41642#
[PollExecuteTaskStatusExecution] 5417dcc0-8ec9-404c-9f48-6c83c38b999b [2026-09-28T11:33:13.284702] Adding "src/gen/ProcessorService.Incidents_conversation_drafts.hdbtable" for deploy... (STDOUT, APP/TASK/deploy)#
#2026 09 28 11:33:20.810#Z#DEBUG#2bb21052-bb30-11f1-a969-eeee0a843796.incident-management-db-deployer#flowable-async-job-executor-thread-41642#
[PollExecuteTaskStatusExecution] 5417dcc0-8ec9-404c-9f48-6c83c38b999b [2026-09-28T11:33:13.284708] Adding "src/gen/ProcessorService.Incidents_conversation_drafts.hdbtable" for deploy... ok (0s 0ms) (STDOUT, APP/TASK/deploy)#
#2026 09 28 11:33:20.810#Z#DEBUG#2bb21052-bb30-11f1-a969-eeee0a843796.incident-management-db-deployer#flowable-async-job-executor-thread-41642#
[PollExecuteTaskStatusExecution] 5417dcc0-8ec9-404c-9f48-6c83c38b999b [2026-09-28T11:33:13.284710] Adding "src/gen/ProcessorService.Incidents_drafts.hdbtable" for deploy... (STDOUT, APP/TASK/deploy)#
#2026 09 28 11:33:20.810#Z#DEBUG#2bb21052-bb30-11f1-a969-eeee0a843796.incident-management-db-deployer#flowable-async-job-executor-thread-41642#
[PollExecuteTaskStatusExecution] 5417dcc0-8ec9-404c-9f48-6c83c38b999b [2026-09-28T11:33:13.284713] Adding "src/gen/ProcessorService.Incidents_drafts.hdbtable" for deploy... ok (0s 0ms) (STDOUT, APP/TASK/deploy)#
#2026 09 28 11:33:20.810#Z#DEBUG#2bb21052-bb30-11f1-a969-eeee0a843796.incident-management-db-deployer#flowable-async-job-executor-thread-41642#
[PollExecuteTaskStatusExecution] 5417dcc0-8ec9-404c-9f48-6c83c38b999b [2026-09-28T11:33:13.284715] Adding "src/gen/ProcessorService.Status.hdbview" for deploy... (STDOUT, APP/TASK/deploy)#
#2026 09 28 11:33:20.810#Z#DEBUG#2bb21052-bb30-11f1-a969-eeee0a843796.incident-management-db-deployer#flowable-async-job-executor-thread-41642#
[PollExecuteTaskStatusExecution] 5417dcc0-8ec9-404c-9f48-6c83c38b999b [2026-09-28T11:33:13.284717] Adding "src/gen/ProcessorService.Status.hdbview" for deploy... ok (0s 0ms) (STDOUT, APP/TASK/deploy)#
#2026 09 28 11:33:20.810#Z#DEBUG#2bb21052-bb30-11f1-a969-eeee0a843796.incident-management-db-deployer#flowable-async-job-executor-thread-41642#
[PollExecuteTaskStatusExecution] 5417dcc0-8ec9-404c-9f48-6c83c38b999b [2026-09-28T11:33:13.284719] Adding "src/gen/ProcessorService.Status_texts.hdbview" for deploy... (STDOUT, APP/TASK/deploy)#
#2026 09 28 11:33:20.810#Z#DEBUG#2bb21052-bb30-11f1-a969-eeee0a843796.incident-management-db-deployer#flowable-async-job-executor-thread-41642#
[PollExecuteTaskStatusExecution] 5417dcc0-8ec9-404c-9f48-6c83c38b999b [2026-09-28T11:33:13.284721] Adding "src/gen/ProcessorService.Status_texts.hdbview" for deploy... ok (0s 0ms) (STDOUT, APP/TASK/deploy)#
#2026 09 28 11:33:20.810#Z#DEBUG#2bb21052-bb30-11f1-a969-eeee0a843796.incident-management-db-deployer#flowable-async-job-executor-thread-41642#
[PollExecuteTaskStatusExecution] 5417dcc0-8ec9-404c-9f48-6c83c38b999b [2026-09-28T11:33:13.284723] Adding "src/gen/ProcessorService.Urgency.hdbview" for deploy... (STDOUT, APP/TASK/deploy)#
#2026 09 28 11:33:20.810#Z#DEBUG#2bb21052-bb30-11f1-a969-eeee0a843796.incident-management-db-deployer#flowable-async-job-executor-thread-41642#
[PollExecuteTaskStatusExecution] 5417dcc0-8ec9-404c-9f48-6c83c38b999b [2026-09-28T11:33:13.284729] Adding "src/gen/ProcessorService.Urgency.hdbview" for deploy... ok (0s 0ms) (STDOUT, APP/TASK/deploy)#
#2026 09 28 11:33:20.810#Z#DEBUG#2bb21052-bb30-11f1-a969-eeee0a843796.incident-management-db-deployer#flowable-async-job-executor-thread-41642#
[PollExecuteTaskStatusExecution] 5417dcc0-8ec9-404c-9f48-6c83c38b999b [2026-09-28T11:33:13.284731] Adding "src/gen/ProcessorService.Urgency_texts.hdbview" for deploy... (STDOUT, APP/TASK/deploy)#
#2026 09 28 11:33:20.810#Z#DEBUG#2bb21052-bb30-11f1-a969-eeee0a843796.incident-management-db-deployer#flowable-async-job-executor-thread-41642#
[PollExecuteTaskStatusExecution] 5417dcc0-8ec9-404c-9f48-6c83c38b999b [2026-09-28T11:33:13.284732] Adding "src/gen/ProcessorService.Urgency_texts.hdbview" for deploy... ok (0s 0ms) (STDOUT, APP/TASK/deploy)#
#2026 09 28 11:33:20.810#Z#DEBUG#2bb21052-bb30-11f1-a969-eeee0a843796.incident-management-db-deployer#flowable-async-job-executor-thread-41642#
[PollExecuteTaskStatusExecution] 5417dcc0-8ec9-404c-9f48-6c83c38b999b [2026-09-28T11:33:13.284735] Adding "src/gen/cds.outbox.Messages.hdbtable" for deploy... (STDOUT, APP/TASK/deploy)#
#2026 09 28 11:33:20.810#Z#DEBUG#2bb21052-bb30-11f1-a969-eeee0a843796.incident-management-db-deployer#flowable-async-job-executor-thread-41642#
[PollExecuteTaskStatusExecution] 5417dcc0-8ec9-404c-9f48-6c83c38b999b [2026-09-28T11:33:13.284737] Adding "src/gen/cds.outbox.Messages.hdbtable" for deploy... ok (0s 0ms) (STDOUT, APP/TASK/deploy)#
#2026 09 28 11:33:20.810#Z#DEBUG#2bb21052-bb30-11f1-a969-eeee0a843796.incident-management-db-deployer#flowable-async-job-executor-thread-41642#
[PollExecuteTaskStatusExecution] 5417dcc0-8ec9-404c-9f48-6c83c38b999b [2026-09-28T11:33:13.284739] Adding "src/gen/data/sap.capire.incidents-Addresses.csv" for deploy... (STDOUT, APP/TASK/deploy)#
#2026 09 28 11:33:20.810#Z#DEBUG#2bb21052-bb30-11f1-a969-eeee0a843796.incident-management-db-deployer#flowable-async-job-executor-thread-41642#
[PollExecuteTaskStatusExecution] 5417dcc0-8ec9-404c-9f48-6c83c38b999b [2026-09-28T11:33:13.284742] Adding "src/gen/data/sap.capire.incidents-Addresses.csv" for deploy... ok (0s 40ms) (STDOUT, APP/TASK/deploy)#
#2026 09 28 11:33:20.810#Z#DEBUG#2bb21052-bb30-11f1-a969-eeee0a843796.incident-management-db-deployer#flowable-async-job-executor-thread-41642#
[PollExecuteTaskStatusExecution] 5417dcc0-8ec9-404c-9f48-6c83c38b999b [2026-09-28T11:33:13.284744] Adding "src/gen/data/sap.capire.incidents-Addresses.hdbtabledata" for deploy... (STDOUT, APP/TASK/deploy)#
#2026 09 28 11:33:20.810#Z#DEBUG#2bb21052-bb30-11f1-a969-eeee0a843796.incident-management-db-deployer#flowable-async-job-executor-thread-41642#
[PollExecuteTaskStatusExecution] 5417dcc0-8ec9-404c-9f48-6c83c38b999b [2026-09-28T11:33:13.284745] Adding "src/gen/data/sap.capire.incidents-Addresses.hdbtabledata" for deploy... ok (0s 0ms) (STDOUT, APP/TASK/deploy)#
#2026 09 28 11:33:20.810#Z#DEBUG#2bb21052-bb30-11f1-a969-eeee0a843796.incident-management-db-deployer#flowable-async-job-executor-thread-41642#
[PollExecuteTaskStatusExecution] 5417dcc0-8ec9-404c-9f48-6c83c38b999b [2026-09-28T11:33:13.284750] Adding "src/gen/data/sap.capire.incidents-Customers.csv" for deploy... (STDOUT, APP/TASK/deploy)#
#2026 09 28 11:33:20.810#Z#DEBUG#2bb21052-bb30-11f1-a969-eeee0a843796.incident-management-db-deployer#flowable-async-job-executor-thread-41642#
[PollExecuteTaskStatusExecution] 5417dcc0-8ec9-404c-9f48-6c83c38b999b [2026-09-28T11:33:13.284752] Adding "src/gen/data/sap.capire.incidents-Customers.csv" for deploy... ok (0s 0ms) (STDOUT, APP/TASK/deploy)#
#2026 09 28 11:33:20.810#Z#DEBUG#2bb21052-bb30-11f1-a969-eeee0a843796.incident-management-db-deployer#flowable-async-job-executor-thread-41642#
[PollExecuteTaskStatusExecution] 5417dcc0-8ec9-404c-9f48-6c83c38b999b [2026-09-28T11:33:13.284753] Adding "src/gen/data/sap.capire.incidents-Customers.hdbtabledata" for deploy... (STDOUT, APP/TASK/deploy)#
#2026 09 28 11:33:20.810#Z#DEBUG#2bb21052-bb30-11f1-a969-eeee0a843796.incident-management-db-deployer#flowable-async-job-executor-thread-41642#
[PollExecuteTaskStatusExecution] 5417dcc0-8ec9-404c-9f48-6c83c38b999b [2026-09-28T11:33:13.284755] Adding "src/gen/data/sap.capire.incidents-Customers.hdbtabledata" for deploy... ok (0s 0ms) (STDOUT, APP/TASK/deploy)#
#2026 09 28 11:33:20.810#Z#DEBUG#2bb21052-bb30-11f1-a969-eeee0a843796.incident-management-db-deployer#flowable-async-job-executor-thread-41642#
[PollExecuteTaskStatusExecution] 5417dcc0-8ec9-404c-9f48-6c83c38b999b [2026-09-28T11:33:13.284757] Adding "src/gen/data/sap.capire.incidents-Incidents.conversation.csv" for deploy... (STDOUT, APP/TASK/deploy)#
#2026 09 28 11:33:20.810#Z#DEBUG#2bb21052-bb30-11f1-a969-eeee0a843796.incident-management-db-deployer#flowable-async-job-executor-thread-41642#
[PollExecuteTaskStatusExecution] 5417dcc0-8ec9-404c-9f48-6c83c38b999b [2026-09-28T11:33:13.284763] Adding "src/gen/data/sap.capire.incidents-Incidents.conversation.csv" for deploy... ok (0s 0ms) (STDOUT, APP/TASK/deploy)#
#2026 09 28 11:33:20.810#Z#DEBUG#2bb21052-bb30-11f1-a969-eeee0a843796.incident-management-db-deployer#flowable-async-job-executor-thread-41642#
[PollExecuteTaskStatusExecution] 5417dcc0-8ec9-404c-9f48-6c83c38b999b [2026-09-28T11:33:13.284765] Adding "src/gen/data/sap.capire.incidents-Incidents.conversation.hdbtabledata" for deploy... (STDOUT, APP/TASK/deploy)#
#2026 09 28 11:33:20.810#Z#DEBUG#2bb21052-bb30-11f1-a969-eeee0a843796.incident-management-db-deployer#flowable-async-job-executor-thread-41642#
[PollExecuteTaskStatusExecution] 5417dcc0-8ec9-404c-9f48-6c83c38b999b [2026-09-28T11:33:13.284767] Adding "src/gen/data/sap.capire.incidents-Incidents.conversation.hdbtabledata" for deploy... ok (0s 0ms) (STDOUT, APP/TASK/deploy)#
#2026 09 28 11:33:20.810#Z#DEBUG#2bb21052-bb30-11f1-a969-eeee0a843796.incident-management-db-deployer#flowable-async-job-executor-thread-41642#
[PollExecuteTaskStatusExecution] 5417dcc0-8ec9-404c-9f48-6c83c38b999b [2026-09-28T11:33:13.284769] Adding "src/gen/data/sap.capire.incidents-Incidents.csv" for deploy... (STDOUT, APP/TASK/deploy)#
#2026 09 28 11:33:20.810#Z#DEBUG#2bb21052-bb30-11f1-a969-eeee0a843796.incident-management-db-deployer#flowable-async-job-executor-thread-41642#
[PollExecuteTaskStatusExecution] 5417dcc0-8ec9-404c-9f48-6c83c38b999b [2026-09-28T11:33:13.284773] Adding "src/gen/data/sap.capire.incidents-Incidents.csv" for deploy... ok (0s 0ms) (STDOUT, APP/TASK/deploy)#
#2026 09 28 11:33:20.810#Z#DEBUG#2bb21052-bb30-11f1-a969-eeee0a843796.incident-management-db-deployer#flowable-async-job-executor-thread-41642#
[PollExecuteTaskStatusExecution] 5417dcc0-8ec9-404c-9f48-6c83c38b999b [2026-09-28T11:33:13.284775] Adding "src/gen/data/sap.capire.incidents-Incidents.hdbtabledata" for deploy... (STDOUT, APP/TASK/deploy)#
#2026 09 28 11:33:20.810#Z#DEBUG#2bb21052-bb30-11f1-a969-eeee0a843796.incident-management-db-deployer#flowable-async-job-executor-thread-41642#
[PollExecuteTaskStatusExecution] 5417dcc0-8ec9-404c-9f48-6c83c38b999b [2026-09-28T11:33:13.284777] Adding "src/gen/data/sap.capire.incidents-Incidents.hdbtabledata" for deploy... ok (0s 0ms) (STDOUT, APP/TASK/deploy)#
#2026 09 28 11:33:20.810#Z#DEBUG#2bb21052-bb30-11f1-a969-eeee0a843796.incident-management-db-deployer#flowable-async-job-executor-thread-41642#
[PollExecuteTaskStatusExecution] 5417dcc0-8ec9-404c-9f48-6c83c38b999b [2026-09-28T11:33:13.284778] Adding "src/gen/data/sap.capire.incidents-Status.csv" for deploy... (STDOUT, APP/TASK/deploy)#
#2026 09 28 11:33:20.810#Z#DEBUG#2bb21052-bb30-11f1-a969-eeee0a843796.incident-management-db-deployer#flowable-async-job-executor-thread-41642#
[PollExecuteTaskStatusExecution] 5417dcc0-8ec9-404c-9f48-6c83c38b999b [2026-09-28T11:33:13.284782] Adding "src/gen/data/sap.capire.incidents-Status.csv" for deploy... ok (0s 0ms) (STDOUT, APP/TASK/deploy)#
#2026 09 28 11:33:20.810#Z#DEBUG#2bb21052-bb30-11f1-a969-eeee0a843796.incident-management-db-deployer#flowable-async-job-executor-thread-41642#
[PollExecuteTaskStatusExecution] 5417dcc0-8ec9-404c-9f48-6c83c38b999b [2026-09-28T11:33:13.284784] Adding "src/gen/data/sap.capire.incidents-Status.hdbtabledata" for deploy... (STDOUT, APP/TASK/deploy)#
#2026 09 28 11:33:20.810#Z#DEBUG#2bb21052-bb30-11f1-a969-eeee0a843796.incident-management-db-deployer#flowable-async-job-executor-thread-41642#
[PollExecuteTaskStatusExecution] 5417dcc0-8ec9-404c-9f48-6c83c38b999b [2026-09-28T11:33:13.284786] Adding "src/gen/data/sap.capire.incidents-Status.hdbtabledata" for deploy... ok (0s 0ms) (STDOUT, APP/TASK/deploy)#
#2026 09 28 11:33:20.810#Z#DEBUG#2bb21052-bb30-11f1-a969-eeee0a843796.incident-management-db-deployer#flowable-async-job-executor-thread-41642#
[PollExecuteTaskStatusExecution] 5417dcc0-8ec9-404c-9f48-6c83c38b999b [2026-09-28T11:33:13.284806] Adding "src/gen/data/sap.capire.incidents-Status.texts.csv" for deploy... (STDOUT, APP/TASK/deploy)#
#2026 09 28 11:33:20.810#Z#DEBUG#2bb21052-bb30-11f1-a969-eeee0a843796.incident-management-db-deployer#flowable-async-job-executor-thread-41642#
[PollExecuteTaskStatusExecution] 5417dcc0-8ec9-404c-9f48-6c83c38b999b [2026-09-28T11:33:13.284809] Adding "src/gen/data/sap.capire.incidents-Status.texts.csv" for deploy... ok (0s 0ms) (STDOUT, APP/TASK/deploy)#
#2026 09 28 11:33:20.810#Z#DEBUG#2bb21052-bb30-11f1-a969-eeee0a843796.incident-management-db-deployer#flowable-async-job-executor-thread-41642#
[PollExecuteTaskStatusExecution] 5417dcc0-8ec9-404c-9f48-6c83c38b999b [2026-09-28T11:33:13.284811] Adding "src/gen/data/sap.capire.incidents-Status.texts.hdbtabledata" for deploy... (STDOUT, APP/TASK/deploy)#
#2026 09 28 11:33:20.810#Z#DEBUG#2bb21052-bb30-11f1-a969-eeee0a843796.incident-management-db-deployer#flowable-async-job-executor-thread-41642#
[PollExecuteTaskStatusExecution] 5417dcc0-8ec9-404c-9f48-6c83c38b999b [2026-09-28T11:33:13.284816] Adding "src/gen/data/sap.capire.incidents-Status.texts.hdbtabledata" for deploy... ok (0s 0ms) (STDOUT, APP/TASK/deploy)#
#2026 09 28 11:33:20.810#Z#DEBUG#2bb21052-bb30-11f1-a969-eeee0a843796.incident-management-db-deployer#flowable-async-job-executor-thread-41642#
[PollExecuteTaskStatusExecution] 5417dcc0-8ec9-404c-9f48-6c83c38b999b [2026-09-28T11:33:13.284818] Adding "src/gen/data/sap.capire.incidents-Urgency.csv" for deploy... (STDOUT, APP/TASK/deploy)#
#2026 09 28 11:33:20.810#Z#DEBUG#2bb21052-bb30-11f1-a969-eeee0a843796.incident-management-db-deployer#flowable-async-job-executor-thread-41642#
[PollExecuteTaskStatusExecution] 5417dcc0-8ec9-404c-9f48-6c83c38b999b [2026-09-28T11:33:13.284820] Adding "src/gen/data/sap.capire.incidents-Urgency.csv" for deploy... ok (0s 0ms) (STDOUT, APP/TASK/deploy)#
#2026 09 28 11:33:20.810#Z#DEBUG#2bb21052-bb30-11f1-a969-eeee0a843796.incident-management-db-deployer#flowable-async-job-executor-thread-41642#
[PollExecuteTaskStatusExecution] 5417dcc0-8ec9-404c-9f48-6c83c38b999b [2026-09-28T11:33:13.284823] Adding "src/gen/data/sap.capire.incidents-Urgency.hdbtabledata" for deploy... (STDOUT, APP/TASK/deploy)#
#2026 09 28 11:33:20.810#Z#DEBUG#2bb21052-bb30-11f1-a969-eeee0a843796.incident-management-db-deployer#flowable-async-job-executor-thread-41642#
[PollExecuteTaskStatusExecution] 5417dcc0-8ec9-404c-9f48-6c83c38b999b [2026-09-28T11:33:13.284825] Adding "src/gen/data/sap.capire.incidents-Urgency.hdbtabledata" for deploy... ok (0s 0ms) (STDOUT, APP/TASK/deploy)#
#2026 09 28 11:33:20.810#Z#DEBUG#2bb21052-bb30-11f1-a969-eeee0a843796.incident-management-db-deployer#flowable-async-job-executor-thread-41642#
[PollExecuteTaskStatusExecution] 5417dcc0-8ec9-404c-9f48-6c83c38b999b [2026-09-28T11:33:13.284827] Adding "src/gen/data/sap.capire.incidents-Urgency.texts.csv" for deploy... (STDOUT, APP/TASK/deploy)#
#2026 09 28 11:33:20.810#Z#DEBUG#2bb21052-bb30-11f1-a969-eeee0a843796.incident-management-db-deployer#flowable-async-job-executor-thread-41642#
[PollExecuteTaskStatusExecution] 5417dcc0-8ec9-404c-9f48-6c83c38b999b [2026-09-28T11:33:13.284829] Adding "src/gen/data/sap.capire.incidents-Urgency.texts.csv" for deploy... ok (0s 0ms) (STDOUT, APP/TASK/deploy)#
#2026 09 28 11:33:20.810#Z#DEBUG#2bb21052-bb30-11f1-a969-eeee0a843796.incident-management-db-deployer#flowable-async-job-executor-thread-41642#
[PollExecuteTaskStatusExecution] 5417dcc0-8ec9-404c-9f48-6c83c38b999b [2026-09-28T11:33:13.284830] Adding "src/gen/data/sap.capire.incidents-Urgency.texts.hdbtabledata" for deploy... (STDOUT, APP/TASK/deploy)#
#2026 09 28 11:33:20.810#Z#DEBUG#2bb21052-bb30-11f1-a969-eeee0a843796.incident-management-db-deployer#flowable-async-job-executor-thread-41642#
[PollExecuteTaskStatusExecution] 5417dcc0-8ec9-404c-9f48-6c83c38b999b [2026-09-28T11:33:13.284833] Adding "src/gen/data/sap.capire.incidents-Urgency.texts.hdbtabledata" for deploy... ok (0s 0ms) (STDOUT, APP/TASK/deploy)#
#2026 09 28 11:33:20.810#Z#DEBUG#2bb21052-bb30-11f1-a969-eeee0a843796.incident-management-db-deployer#flowable-async-job-executor-thread-41642#
[PollExecuteTaskStatusExecution] 5417dcc0-8ec9-404c-9f48-6c83c38b999b [2026-09-28T11:33:13.284835] Adding "src/gen/localized.AdminService.Status.hdbview" for deploy... (STDOUT, APP/TASK/deploy)#
#2026 09 28 11:33:20.810#Z#DEBUG#2bb21052-bb30-11f1-a969-eeee0a843796.incident-management-db-deployer#flowable-async-job-executor-thread-41642#
[PollExecuteTaskStatusExecution] 5417dcc0-8ec9-404c-9f48-6c83c38b999b [2026-09-28T11:33:13.284837] Adding "src/gen/localized.AdminService.Status.hdbview" for deploy... ok (0s 0ms) (STDOUT, APP/TASK/deploy)#
#2026 09 28 11:33:20.810#Z#DEBUG#2bb21052-bb30-11f1-a969-eeee0a843796.incident-management-db-deployer#flowable-async-job-executor-thread-41642#
[PollExecuteTaskStatusExecution] 5417dcc0-8ec9-404c-9f48-6c83c38b999b [2026-09-28T11:33:13.284838] Adding "src/gen/localized.AdminService.Urgency.hdbview" for deploy... (STDOUT, APP/TASK/deploy)#
#2026 09 28 11:33:20.810#Z#DEBUG#2bb21052-bb30-11f1-a969-eeee0a843796.incident-management-db-deployer#flowable-async-job-executor-thread-41642#
[PollExecuteTaskStatusExecution] 5417dcc0-8ec9-404c-9f48-6c83c38b999b [2026-09-28T11:33:13.284840] Adding "src/gen/localized.AdminService.Urgency.hdbview" for deploy... ok (0s 0ms) (STDOUT, APP/TASK/deploy)#
#2026 09 28 11:33:20.810#Z#DEBUG#2bb21052-bb30-11f1-a969-eeee0a843796.incident-management-db-deployer#flowable-async-job-executor-thread-41642#
[PollExecuteTaskStatusExecution] 5417dcc0-8ec9-404c-9f48-6c83c38b999b [2026-09-28T11:33:13.284842] Adding "src/gen/localized.ProcessorService.Status.hdbview" for deploy... (STDOUT, APP/TASK/deploy)#
#2026 09 28 11:33:20.810#Z#DEBUG#2bb21052-bb30-11f1-a969-eeee0a843796.incident-management-db-deployer#flowable-async-job-executor-thread-41642#
[PollExecuteTaskStatusExecution] 5417dcc0-8ec9-404c-9f48-6c83c38b999b [2026-09-28T11:33:13.284845] Adding "src/gen/localized.ProcessorService.Status.hdbview" for deploy... ok (0s 0ms) (STDOUT, APP/TASK/deploy)#
#2026 09 28 11:33:20.810#Z#DEBUG#2bb21052-bb30-11f1-a969-eeee0a843796.incident-management-db-deployer#flowable-async-job-executor-thread-41642#
[PollExecuteTaskStatusExecution] 5417dcc0-8ec9-404c-9f48-6c83c38b999b [2026-09-28T11:33:13.284847] Adding "src/gen/localized.ProcessorService.Urgency.hdbview" for deploy... (STDOUT, APP/TASK/deploy)#
#2026 09 28 11:33:20.810#Z#DEBUG#2bb21052-bb30-11f1-a969-eeee0a843796.incident-management-db-deployer#flowable-async-job-executor-thread-41642#
[PollExecuteTaskStatusExecution] 5417dcc0-8ec9-404c-9f48-6c83c38b999b [2026-09-28T11:33:13.284849] Adding "src/gen/localized.ProcessorService.Urgency.hdbview" for deploy... ok (0s 0ms) (STDOUT, APP/TASK/deploy)#
#2026 09 28 11:33:20.810#Z#DEBUG#2bb21052-bb30-11f1-a969-eeee0a843796.incident-management-db-deployer#flowable-async-job-executor-thread-41642#
[PollExecuteTaskStatusExecution] 5417dcc0-8ec9-404c-9f48-6c83c38b999b [2026-09-28T11:33:13.284852] Adding "src/gen/localized.sap.capire.incidents.Status.hdbview" for deploy... (STDOUT, APP/TASK/deploy)#
#2026 09 28 11:33:20.810#Z#DEBUG#2bb21052-bb30-11f1-a969-eeee0a843796.incident-management-db-deployer#flowable-async-job-executor-thread-41642#
[PollExecuteTaskStatusExecution] 5417dcc0-8ec9-404c-9f48-6c83c38b999b [2026-09-28T11:33:13.284854] Adding "src/gen/localized.sap.capire.incidents.Status.hdbview" for deploy... ok (0s 0ms) (STDOUT, APP/TASK/deploy)#
#2026 09 28 11:33:20.810#Z#DEBUG#2bb21052-bb30-11f1-a969-eeee0a843796.incident-management-db-deployer#flowable-async-job-executor-thread-41642#
[PollExecuteTaskStatusExecution] 5417dcc0-8ec9-404c-9f48-6c83c38b999b [2026-09-28T11:33:13.284856] Adding "src/gen/localized.sap.capire.incidents.Urgency.hdbview" for deploy... (STDOUT, APP/TASK/deploy)#
#2026 09 28 11:33:20.810#Z#DEBUG#2bb21052-bb30-11f1-a969-eeee0a843796.incident-management-db-deployer#flowable-async-job-executor-thread-41642#
[PollExecuteTaskStatusExecution] 5417dcc0-8ec9-404c-9f48-6c83c38b999b [2026-09-28T11:33:13.284858] Adding "src/gen/localized.sap.capire.incidents.Urgency.hdbview" for deploy... ok (0s 0ms) (STDOUT, APP/TASK/deploy)#
#2026 09 28 11:33:20.810#Z#DEBUG#2bb21052-bb30-11f1-a969-eeee0a843796.incident-management-db-deployer#flowable-async-job-executor-thread-41642#
[PollExecuteTaskStatusExecution] 5417dcc0-8ec9-404c-9f48-6c83c38b999b [2026-09-28T11:33:13.284860] Adding "src/gen/sap.capire.incidents.Addresses.hdbtable" for deploy... (STDOUT, APP/TASK/deploy)#
#2026 09 28 11:33:20.810#Z#DEBUG#2bb21052-bb30-11f1-a969-eeee0a843796.incident-management-db-deployer#flowable-async-job-executor-thread-41642#
[PollExecuteTaskStatusExecution] 5417dcc0-8ec9-404c-9f48-6c83c38b999b [2026-09-28T11:33:13.284862] Adding "src/gen/sap.capire.incidents.Addresses.hdbtable" for deploy... ok (0s 0ms) (STDOUT, APP/TASK/deploy)#
#2026 09 28 11:33:20.810#Z#DEBUG#2bb21052-bb30-11f1-a969-eeee0a843796.incident-management-db-deployer#flowable-async-job-executor-thread-41642#
[PollExecuteTaskStatusExecution] 5417dcc0-8ec9-404c-9f48-6c83c38b999b [2026-09-28T11:33:13.284864] Adding "src/gen/sap.capire.incidents.Customers.hdbtable" for deploy... (STDOUT, APP/TASK/deploy)#
#2026 09 28 11:33:20.810#Z#DEBUG#2bb21052-bb30-11f1-a969-eeee0a843796.incident-management-db-deployer#flowable-async-job-executor-thread-41642#
[PollExecuteTaskStatusExecution] 5417dcc0-8ec9-404c-9f48-6c83c38b999b [2026-09-28T11:33:13.284868] Adding "src/gen/sap.capire.incidents.Customers.hdbtable" for deploy... ok (0s 0ms) (STDOUT, APP/TASK/deploy)#
#2026 09 28 11:33:20.810#Z#DEBUG#2bb21052-bb30-11f1-a969-eeee0a843796.incident-management-db-deployer#flowable-async-job-executor-thread-41642#
[PollExecuteTaskStatusExecution] 5417dcc0-8ec9-404c-9f48-6c83c38b999b [2026-09-28T11:33:13.284870] Adding "src/gen/sap.capire.incidents.Incidents.hdbtable" for deploy... (STDOUT, APP/TASK/deploy)#
#2026 09 28 11:33:20.810#Z#DEBUG#2bb21052-bb30-11f1-a969-eeee0a843796.incident-management-db-deployer#flowable-async-job-executor-thread-41642#
[PollExecuteTaskStatusExecution] 5417dcc0-8ec9-404c-9f48-6c83c38b999b [2026-09-28T11:33:13.284872] Adding "src/gen/sap.capire.incidents.Incidents.hdbtable" for deploy... ok (0s 0ms) (STDOUT, APP/TASK/deploy)#
#2026 09 28 11:33:20.810#Z#DEBUG#2bb21052-bb30-11f1-a969-eeee0a843796.incident-management-db-deployer#flowable-async-job-executor-thread-41642#
[PollExecuteTaskStatusExecution] 5417dcc0-8ec9-404c-9f48-6c83c38b999b [2026-09-28T11:33:13.284875] Adding "src/gen/sap.capire.incidents.Incidents_conversation.hdbtable" for deploy... (STDOUT, APP/TASK/deploy)#
#2026 09 28 11:33:20.810#Z#DEBUG#2bb21052-bb30-11f1-a969-eeee0a843796.incident-management-db-deployer#flowable-async-job-executor-thread-41642#
[PollExecuteTaskStatusExecution] 5417dcc0-8ec9-404c-9f48-6c83c38b999b [2026-09-28T11:33:13.284878] Adding "src/gen/sap.capire.incidents.Incidents_conversation.hdbtable" for deploy... ok (0s 0ms) (STDOUT, APP/TASK/deploy)#
#2026 09 28 11:33:20.810#Z#DEBUG#2bb21052-bb30-11f1-a969-eeee0a843796.incident-management-db-deployer#flowable-async-job-executor-thread-41642#
[PollExecuteTaskStatusExecution] 5417dcc0-8ec9-404c-9f48-6c83c38b999b [2026-09-28T11:33:13.284881] Adding "src/gen/sap.capire.incidents.Status.hdbtable" for deploy... (STDOUT, APP/TASK/deploy)#
#2026 09 28 11:33:20.810#Z#DEBUG#2bb21052-bb30-11f1-a969-eeee0a843796.incident-management-db-deployer#flowable-async-job-executor-thread-41642#
[PollExecuteTaskStatusExecution] 5417dcc0-8ec9-404c-9f48-6c83c38b999b [2026-09-28T11:33:13.284883] Adding "src/gen/sap.capire.incidents.Status.hdbtable" for deploy... ok (0s 0ms) (STDOUT, APP/TASK/deploy)#
#2026 09 28 11:33:20.810#Z#DEBUG#2bb21052-bb30-11f1-a969-eeee0a843796.incident-management-db-deployer#flowable-async-job-executor-thread-41642#
[PollExecuteTaskStatusExecution] 5417dcc0-8ec9-404c-9f48-6c83c38b999b [2026-09-28T11:33:13.284885] Adding "src/gen/sap.capire.incidents.Status_texts.hdbtable" for deploy... (STDOUT, APP/TASK/deploy)#
#2026 09 28 11:33:20.810#Z#DEBUG#2bb21052-bb30-11f1-a969-eeee0a843796.incident-management-db-deployer#flowable-async-job-executor-thread-41642#
[PollExecuteTaskStatusExecution] 5417dcc0-8ec9-404c-9f48-6c83c38b999b [2026-09-28T11:33:13.284887] Adding "src/gen/sap.capire.incidents.Status_texts.hdbtable" for deploy... ok (0s 0ms) (STDOUT, APP/TASK/deploy)#
#2026 09 28 11:33:20.810#Z#DEBUG#2bb21052-bb30-11f1-a969-eeee0a843796.incident-management-db-deployer#flowable-async-job-executor-thread-41642#
[PollExecuteTaskStatusExecution] 5417dcc0-8ec9-404c-9f48-6c83c38b999b [2026-09-28T11:33:13.284889] Adding "src/gen/sap.capire.incidents.Urgency.hdbtable" for deploy... (STDOUT, APP/TASK/deploy)#
#2026 09 28 11:33:20.810#Z#DEBUG#2bb21052-bb30-11f1-a969-eeee0a843796.incident-management-db-deployer#flowable-async-job-executor-thread-41642#
[PollExecuteTaskStatusExecution] 5417dcc0-8ec9-404c-9f48-6c83c38b999b [2026-09-28T11:33:13.284891] Adding "src/gen/sap.capire.incidents.Urgency.hdbtable" for deploy... ok (0s 0ms) (STDOUT, APP/TASK/deploy)#
#2026 09 28 11:33:20.810#Z#DEBUG#2bb21052-bb30-11f1-a969-eeee0a843796.incident-management-db-deployer#flowable-async-job-executor-thread-41642#
[PollExecuteTaskStatusExecution] 5417dcc0-8ec9-404c-9f48-6c83c38b999b [2026-09-28T11:33:13.284893] Adding "src/gen/sap.capire.incidents.Urgency_texts.hdbtable" for deploy... (STDOUT, APP/TASK/deploy)#
#2026 09 28 11:33:20.810#Z#DEBUG#2bb21052-bb30-11f1-a969-eeee0a843796.incident-management-db-deployer#flowable-async-job-executor-thread-41642#
[PollExecuteTaskStatusExecution] 5417dcc0-8ec9-404c-9f48-6c83c38b999b [2026-09-28T11:33:13.284894] Adding "src/gen/sap.capire.incidents.Urgency_texts.hdbtable" for deploy... ok (0s 0ms) (STDOUT, APP/TASK/deploy)#
#2026 09 28 11:33:20.810#Z#DEBUG#2bb21052-bb30-11f1-a969-eeee0a843796.incident-management-db-deployer#flowable-async-job-executor-thread-41642#
[PollExecuteTaskStatusExecution] 5417dcc0-8ec9-404c-9f48-6c83c38b999b [2026-09-28T11:33:13.284897] Preparing... ok (0s 851ms) (STDOUT, APP/TASK/deploy)#
#2026 09 28 11:33:20.810#Z#DEBUG#2bb21052-bb30-11f1-a969-eeee0a843796.incident-management-db-deployer#flowable-async-job-executor-thread-41642#
[PollExecuteTaskStatusExecution] 5417dcc0-8ec9-404c-9f48-6c83c38b999b [2026-09-28T11:33:13.284900] Calculating dependencies... (STDOUT, APP/TASK/deploy)#
#2026 09 28 11:33:20.810#Z#DEBUG#2bb21052-bb30-11f1-a969-eeee0a843796.incident-management-db-deployer#flowable-async-job-executor-thread-41642#
[PollExecuteTaskStatusExecution] 5417dcc0-8ec9-404c-9f48-6c83c38b999b [2026-09-28T11:33:13.284903] Expanding... (STDOUT, APP/TASK/deploy)#
#2026 09 28 11:33:20.810#Z#DEBUG#2bb21052-bb30-11f1-a969-eeee0a843796.incident-management-db-deployer#flowable-async-job-executor-thread-41642#
[PollExecuteTaskStatusExecution] 5417dcc0-8ec9-404c-9f48-6c83c38b999b [2026-09-28T11:33:13.284905] Expanding "src/gen/AdminService.Addresses.hdbview"... (STDOUT, APP/TASK/deploy)#
#2026 09 28 11:33:20.810#Z#DEBUG#2bb21052-bb30-11f1-a969-eeee0a843796.incident-management-db-deployer#flowable-async-job-executor-thread-41642#
[PollExecuteTaskStatusExecution] 5417dcc0-8ec9-404c-9f48-6c83c38b999b [2026-09-28T11:33:13.284907] Expanding "src/gen/AdminService.Customers.hdbview"... (STDOUT, APP/TASK/deploy)#
#2026 09 28 11:33:20.810#Z#DEBUG#2bb21052-bb30-11f1-a969-eeee0a843796.incident-management-db-deployer#flowable-async-job-executor-thread-41642#
[PollExecuteTaskStatusExecution] 5417dcc0-8ec9-404c-9f48-6c83c38b999b [2026-09-28T11:33:13.284909] Expanding "src/gen/AdminService.Incidents.hdbview"... (STDOUT, APP/TASK/deploy)#
#2026 09 28 11:33:20.810#Z#DEBUG#2bb21052-bb30-11f1-a969-eeee0a843796.incident-management-db-deployer#flowable-async-job-executor-thread-41642#
[PollExecuteTaskStatusExecution] 5417dcc0-8ec9-404c-9f48-6c83c38b999b [2026-09-28T11:33:13.284912] Expanding "src/gen/AdminService.Incidents_conversation.hdbview"... (STDOUT, APP/TASK/deploy)#
#2026 09 28 11:33:20.810#Z#DEBUG#2bb21052-bb30-11f1-a969-eeee0a843796.incident-management-db-deployer#flowable-async-job-executor-thread-41642#
[PollExecuteTaskStatusExecution] 5417dcc0-8ec9-404c-9f48-6c83c38b999b [2026-09-28T11:33:13.284915] Expanding "src/gen/AdminService.Customers.hdbview"... ok (0s 22ms) (STDOUT, APP/TASK/deploy)#
#2026 09 28 11:33:20.810#Z#DEBUG#2bb21052-bb30-11f1-a969-eeee0a843796.incident-management-db-deployer#flowable-async-job-executor-thread-41642#
[PollExecuteTaskStatusExecution] 5417dcc0-8ec9-404c-9f48-6c83c38b999b [2026-09-28T11:33:13.284919] Expanding "src/gen/AdminService.Status.hdbview"... (STDOUT, APP/TASK/deploy)#
#2026 09 28 11:33:20.810#Z#DEBUG#2bb21052-bb30-11f1-a969-eeee0a843796.incident-management-db-deployer#flowable-async-job-executor-thread-41642#
[PollExecuteTaskStatusExecution] 5417dcc0-8ec9-404c-9f48-6c83c38b999b [2026-09-28T11:33:13.284921] Expanding "src/gen/AdminService.Incidents_conversation.hdbview"... ok (0s 16ms) (STDOUT, APP/TASK/deploy)#
#2026 09 28 11:33:20.810#Z#DEBUG#2bb21052-bb30-11f1-a969-eeee0a843796.incident-management-db-deployer#flowable-async-job-executor-thread-41642#
[PollExecuteTaskStatusExecution] 5417dcc0-8ec9-404c-9f48-6c83c38b999b [2026-09-28T11:33:13.284923] Expanding "src/gen/AdminService.Addresses.hdbview"... ok (0s 26ms) (STDOUT, APP/TASK/deploy)#
#2026 09 28 11:33:20.810#Z#DEBUG#2bb21052-bb30-11f1-a969-eeee0a843796.incident-management-db-deployer#flowable-async-job-executor-thread-41642#
[PollExecuteTaskStatusExecution] 5417dcc0-8ec9-404c-9f48-6c83c38b999b [2026-09-28T11:33:13.284926] Expanding "src/gen/AdminService.Status_texts.hdbview"... (STDOUT, APP/TASK/deploy)#
#2026 09 28 11:33:20.810#Z#DEBUG#2bb21052-bb30-11f1-a969-eeee0a843796.incident-management-db-deployer#flowable-async-job-executor-thread-41642#
[PollExecuteTaskStatusExecution] 5417dcc0-8ec9-404c-9f48-6c83c38b999b [2026-09-28T11:33:13.285489] Expanding "src/gen/AdminService.Urgency.hdbview"... (STDOUT, APP/TASK/deploy)#
#2026 09 28 11:33:20.810#Z#DEBUG#2bb21052-bb30-11f1-a969-eeee0a843796.incident-management-db-deployer#flowable-async-job-executor-thread-41642#
[PollExecuteTaskStatusExecution] 5417dcc0-8ec9-404c-9f48-6c83c38b999b [2026-09-28T11:33:13.285700] Expanding "src/gen/AdminService.Urgency.hdbview"... ok (0s 8ms) (STDOUT, APP/TASK/deploy)#
#2026 09 28 11:33:20.810#Z#DEBUG#2bb21052-bb30-11f1-a969-eeee0a843796.incident-management-db-deployer#flowable-async-job-executor-thread-41642#
[PollExecuteTaskStatusExecution] 5417dcc0-8ec9-404c-9f48-6c83c38b999b [2026-09-28T11:33:13.286766] Expanding "src/gen/AdminService.Incidents.hdbview"... ok (0s 29ms) (STDOUT, APP/TASK/deploy)#
#2026 09 28 11:33:20.810#Z#DEBUG#2bb21052-bb30-11f1-a969-eeee0a843796.incident-management-db-deployer#flowable-async-job-executor-thread-41642#
[PollExecuteTaskStatusExecution] 5417dcc0-8ec9-404c-9f48-6c83c38b999b [2026-09-28T11:33:13.286777] Expanding "src/gen/AdminService.Status.hdbview"... ok (0s 9ms) (STDOUT, APP/TASK/deploy)#
#2026 09 28 11:33:20.810#Z#DEBUG#2bb21052-bb30-11f1-a969-eeee0a843796.incident-management-db-deployer#flowable-async-job-executor-thread-41642#
[PollExecuteTaskStatusExecution] 5417dcc0-8ec9-404c-9f48-6c83c38b999b [2026-09-28T11:33:13.286780] Expanding "src/gen/AdminService.Urgency_texts.hdbview"... (STDOUT, APP/TASK/deploy)#
#2026 09 28 11:33:20.810#Z#DEBUG#2bb21052-bb30-11f1-a969-eeee0a843796.incident-management-db-deployer#flowable-async-job-executor-thread-41642#
[PollExecuteTaskStatusExecution] 5417dcc0-8ec9-404c-9f48-6c83c38b999b [2026-09-28T11:33:13.286783] Expanding "src/gen/ProcessorService.Addresses.hdbview"... (STDOUT, APP/TASK/deploy)#
#2026 09 28 11:33:20.810#Z#DEBUG#2bb21052-bb30-11f1-a969-eeee0a843796.incident-management-db-deployer#flowable-async-job-executor-thread-41642#
[PollExecuteTaskStatusExecution] 5417dcc0-8ec9-404c-9f48-6c83c38b999b [2026-09-28T11:33:13.286785] Expanding "src/gen/AdminService.Status_texts.hdbview"... ok (0s 8ms) (STDOUT, APP/TASK/deploy)#
#2026 09 28 11:33:20.810#Z#DEBUG#2bb21052-bb30-11f1-a969-eeee0a843796.incident-management-db-deployer#flowable-async-job-executor-thread-41642#
[PollExecuteTaskStatusExecution] 5417dcc0-8ec9-404c-9f48-6c83c38b999b [2026-09-28T11:33:13.286787] Expanding "src/gen/DRAFT.DraftAdministrativeData.hdbtable"... (STDOUT, APP/TASK/deploy)#
#2026 09 28 11:33:20.810#Z#DEBUG#2bb21052-bb30-11f1-a969-eeee0a843796.incident-management-db-deployer#flowable-async-job-executor-thread-41642#
[PollExecuteTaskStatusExecution] 5417dcc0-8ec9-404c-9f48-6c83c38b999b [2026-09-28T11:33:13.286789] Expanding "src/gen/ProcessorService.Customers.hdbview"... (STDOUT, APP/TASK/deploy)#
#2026 09 28 11:33:20.810#Z#DEBUG#2bb21052-bb30-11f1-a969-eeee0a843796.incident-management-db-deployer#flowable-async-job-executor-thread-41642#
[PollExecuteTaskStatusExecution] 5417dcc0-8ec9-404c-9f48-6c83c38b999b [2026-09-28T11:33:13.286794] Expanding "src/gen/AdminService.Urgency_texts.hdbview"... ok (0s 8ms) (STDOUT, APP/TASK/deploy)#
#2026 09 28 11:33:20.810#Z#DEBUG#2bb21052-bb30-11f1-a969-eeee0a843796.incident-management-db-deployer#flowable-async-job-executor-thread-41642#
[PollExecuteTaskStatusExecution] 5417dcc0-8ec9-404c-9f48-6c83c38b999b [2026-09-28T11:33:13.286796] Expanding "src/gen/ProcessorService.DraftAdministrativeData.hdbview"... (STDOUT, APP/TASK/deploy)#
#2026 09 28 11:33:20.810#Z#DEBUG#2bb21052-bb30-11f1-a969-eeee0a843796.incident-management-db-deployer#flowable-async-job-executor-thread-41642#
[PollExecuteTaskStatusExecution] 5417dcc0-8ec9-404c-9f48-6c83c38b999b [2026-09-28T11:33:13.286798] Expanding "src/gen/ProcessorService.Addresses.hdbview"... ok (0s 9ms) (STDOUT, APP/TASK/deploy)#
#2026 09 28 11:33:20.810#Z#DEBUG#2bb21052-bb30-11f1-a969-eeee0a843796.incident-management-db-deployer#flowable-async-job-executor-thread-41642#
[PollExecuteTaskStatusExecution] 5417dcc0-8ec9-404c-9f48-6c83c38b999b [2026-09-28T11:33:13.286800] Expanding "src/gen/ProcessorService.Incidents.hdbview"... (STDOUT, APP/TASK/deploy)#
#2026 09 28 11:33:20.810#Z#DEBUG#2bb21052-bb30-11f1-a969-eeee0a843796.incident-management-db-deployer#flowable-async-job-executor-thread-41642#
[PollExecuteTaskStatusExecution] 5417dcc0-8ec9-404c-9f48-6c83c38b999b [2026-09-28T11:33:13.286810] Expanding "src/gen/ProcessorService.Customers.hdbview"... ok (0s 9ms) (STDOUT, APP/TASK/deploy)#
#2026 09 28 11:33:20.810#Z#DEBUG#2bb21052-bb30-11f1-a969-eeee0a843796.incident-management-db-deployer#flowable-async-job-executor-thread-41642#
[PollExecuteTaskStatusExecution] 5417dcc0-8ec9-404c-9f48-6c83c38b999b [2026-09-28T11:33:13.286813] Expanding "src/gen/ProcessorService.Incidents_conversation.hdbview"... (STDOUT, APP/TASK/deploy)#
#2026 09 28 11:33:20.810#Z#DEBUG#2bb21052-bb30-11f1-a969-eeee0a843796.incident-management-db-deployer#flowable-async-job-executor-thread-41642#
[PollExecuteTaskStatusExecution] 5417dcc0-8ec9-404c-9f48-6c83c38b999b [2026-09-28T11:33:13.286815] Expanding "src/gen/ProcessorService.DraftAdministrativeData.hdbview"... ok (0s 8ms) (STDOUT, APP/TASK/deploy)#
#2026 09 28 11:33:20.810#Z#DEBUG#2bb21052-bb30-11f1-a969-eeee0a843796.incident-management-db-deployer#flowable-async-job-executor-thread-41642#
[PollExecuteTaskStatusExecution] 5417dcc0-8ec9-404c-9f48-6c83c38b999b [2026-09-28T11:33:13.286817] Expanding "src/gen/ProcessorService.Incidents_conversation_drafts.hdbtable"... (STDOUT, APP/TASK/deploy)#
#2026 09 28 11:33:20.810#Z#DEBUG#2bb21052-bb30-11f1-a969-eeee0a843796.incident-management-db-deployer#flowable-async-job-executor-thread-41642#
[PollExecuteTaskStatusExecution] 5417dcc0-8ec9-404c-9f48-6c83c38b999b [2026-09-28T11:33:13.286819] Expanding "src/gen/DRAFT.DraftAdministrativeData.hdbtable"... ok (0s 16ms) (STDOUT, APP/TASK/deploy)#
#2026 09 28 11:33:20.810#Z#DEBUG#2bb21052-bb30-11f1-a969-eeee0a843796.incident-management-db-deployer#flowable-async-job-executor-thread-41642#
[PollExecuteTaskStatusExecution] 5417dcc0-8ec9-404c-9f48-6c83c38b999b [2026-09-28T11:33:13.286821] Expanding "src/gen/ProcessorService.Incidents_drafts.hdbtable"... (STDOUT, APP/TASK/deploy)#
#2026 09 28 11:33:20.810#Z#DEBUG#2bb21052-bb30-11f1-a969-eeee0a843796.incident-management-db-deployer#flowable-async-job-executor-thread-41642#
[PollExecuteTaskStatusExecution] 5417dcc0-8ec9-404c-9f48-6c83c38b999b [2026-09-28T11:33:13.286823] Expanding "src/gen/ProcessorService.Incidents_conversation.hdbview"... ok (0s 8ms) (STDOUT, APP/TASK/deploy)#
#2026 09 28 11:33:20.810#Z#DEBUG#2bb21052-bb30-11f1-a969-eeee0a843796.incident-management-db-deployer#flowable-async-job-executor-thread-41642#
[PollExecuteTaskStatusExecution] 5417dcc0-8ec9-404c-9f48-6c83c38b999b [2026-09-28T11:33:13.286826] Expanding "src/gen/ProcessorService.Status.hdbview"... (STDOUT, APP/TASK/deploy)#
#2026 09 28 11:33:20.810#Z#DEBUG#2bb21052-bb30-11f1-a969-eeee0a843796.incident-management-db-deployer#flowable-async-job-executor-thread-41642#
[PollExecuteTaskStatusExecution] 5417dcc0-8ec9-404c-9f48-6c83c38b999b [2026-09-28T11:33:13.286828] Expanding "src/gen/ProcessorService.Incidents.hdbview"... ok (0s 9ms) (STDOUT, APP/TASK/deploy)#
#2026 09 28 11:33:20.810#Z#DEBUG#2bb21052-bb30-11f1-a969-eeee0a843796.incident-management-db-deployer#flowable-async-job-executor-thread-41642#
[PollExecuteTaskStatusExecution] 5417dcc0-8ec9-404c-9f48-6c83c38b999b [2026-09-28T11:33:13.286830] Expanding "src/gen/ProcessorService.Status_texts.hdbview"... (STDOUT, APP/TASK/deploy)#
#2026 09 28 11:33:20.810#Z#DEBUG#2bb21052-bb30-11f1-a969-eeee0a843796.incident-management-db-deployer#flowable-async-job-executor-thread-41642#
[PollExecuteTaskStatusExecution] 5417dcc0-8ec9-404c-9f48-6c83c38b999b [2026-09-28T11:33:13.286833] Expanding "src/gen/ProcessorService.Incidents_conversation_drafts.hdbtable"... ok (0s 8ms) (STDOUT, APP/TASK/deploy)#
#2026 09 28 11:33:20.810#Z#DEBUG#2bb21052-bb30-11f1-a969-eeee0a843796.incident-management-db-deployer#flowable-async-job-executor-thread-41642#
[PollExecuteTaskStatusExecution] 5417dcc0-8ec9-404c-9f48-6c83c38b999b [2026-09-28T11:33:13.286837] Expanding "src/gen/ProcessorService.Urgency.hdbview"... (STDOUT, APP/TASK/deploy)#
#2026 09 28 11:33:20.810#Z#DEBUG#2bb21052-bb30-11f1-a969-eeee0a843796.incident-management-db-deployer#flowable-async-job-executor-thread-41642#
[PollExecuteTaskStatusExecution] 5417dcc0-8ec9-404c-9f48-6c83c38b999b [2026-09-28T11:33:13.286839] Expanding "src/gen/ProcessorService.Status.hdbview"... ok (0s 7ms) (STDOUT, APP/TASK/deploy)#
#2026 09 28 11:33:20.810#Z#DEBUG#2bb21052-bb30-11f1-a969-eeee0a843796.incident-management-db-deployer#flowable-async-job-executor-thread-41642#
[PollExecuteTaskStatusExecution] 5417dcc0-8ec9-404c-9f48-6c83c38b999b [2026-09-28T11:33:13.286844] Expanding "src/gen/ProcessorService.Urgency_texts.hdbview"... (STDOUT, APP/TASK/deploy)#
#2026 09 28 11:33:20.810#Z#DEBUG#2bb21052-bb30-11f1-a969-eeee0a843796.incident-management-db-deployer#flowable-async-job-executor-thread-41642#
[PollExecuteTaskStatusExecution] 5417dcc0-8ec9-404c-9f48-6c83c38b999b [2026-09-28T11:33:13.286846] Expanding "src/gen/ProcessorService.Status_texts.hdbview"... ok (0s 7ms) (STDOUT, APP/TASK/deploy)#
#2026 09 28 11:33:20.810#Z#DEBUG#2bb21052-bb30-11f1-a969-eeee0a843796.incident-management-db-deployer#flowable-async-job-executor-thread-41642#
[PollExecuteTaskStatusExecution] 5417dcc0-8ec9-404c-9f48-6c83c38b999b [2026-09-28T11:33:13.286848] Expanding "src/gen/cds.outbox.Messages.hdbtable"... (STDOUT, APP/TASK/deploy)#
#2026 09 28 11:33:20.810#Z#DEBUG#2bb21052-bb30-11f1-a969-eeee0a843796.incident-management-db-deployer#flowable-async-job-executor-thread-41642#
[PollExecuteTaskStatusExecution] 5417dcc0-8ec9-404c-9f48-6c83c38b999b [2026-09-28T11:33:13.286850] Expanding "src/gen/ProcessorService.Incidents_drafts.hdbtable"... ok (0s 10ms) (STDOUT, APP/TASK/deploy)#
#2026 09 28 11:33:20.810#Z#DEBUG#2bb21052-bb30-11f1-a969-eeee0a843796.incident-management-db-deployer#flowable-async-job-executor-thread-41642#
[PollExecuteTaskStatusExecution] 5417dcc0-8ec9-404c-9f48-6c83c38b999b [2026-09-28T11:33:13.286852] Expanding "src/gen/data/sap.capire.incidents-Addresses.hdbtabledata"... (STDOUT, APP/TASK/deploy)#
#2026 09 28 11:33:20.810#Z#DEBUG#2bb21052-bb30-11f1-a969-eeee0a843796.incident-management-db-deployer#flowable-async-job-executor-thread-41642#
[PollExecuteTaskStatusExecution] 5417dcc0-8ec9-404c-9f48-6c83c38b999b [2026-09-28T11:33:13.286854] Expanding "src/gen/data/sap.capire.incidents-Addresses.hdbtabledata"... ok (0s 2ms) (STDOUT, APP/TASK/deploy)#
#2026 09 28 11:33:20.810#Z#DEBUG#2bb21052-bb30-11f1-a969-eeee0a843796.incident-management-db-deployer#flowable-async-job-executor-thread-41642#
[PollExecuteTaskStatusExecution] 5417dcc0-8ec9-404c-9f48-6c83c38b999b [2026-09-28T11:33:13.286858] Expanding "src/gen/data/sap.capire.incidents-Customers.hdbtabledata"... (STDOUT, APP/TASK/deploy)#
#2026 09 28 11:33:20.810#Z#DEBUG#2bb21052-bb30-11f1-a969-eeee0a843796.incident-management-db-deployer#flowable-async-job-executor-thread-41642#
[PollExecuteTaskStatusExecution] 5417dcc0-8ec9-404c-9f48-6c83c38b999b [2026-09-28T11:33:13.286860] Expanding "src/gen/ProcessorService.Urgency.hdbview"... ok (0s 6ms) (STDOUT, APP/TASK/deploy)#
#2026 09 28 11:33:20.810#Z#DEBUG#2bb21052-bb30-11f1-a969-eeee0a843796.incident-management-db-deployer#flowable-async-job-executor-thread-41642#
[PollExecuteTaskStatusExecution] 5417dcc0-8ec9-404c-9f48-6c83c38b999b [2026-09-28T11:33:13.286863] Expanding "src/gen/data/sap.capire.incidents-Incidents.conversation.hdbtabledata"... (STDOUT, APP/TASK/deploy)#
#2026 09 28 11:33:20.810#Z#DEBUG#2bb21052-bb30-11f1-a969-eeee0a843796.incident-management-db-deployer#flowable-async-job-executor-thread-41642#
[PollExecuteTaskStatusExecution] 5417dcc0-8ec9-404c-9f48-6c83c38b999b [2026-09-28T11:33:13.286865] Expanding "src/gen/data/sap.capire.incidents-Customers.hdbtabledata"... ok (0s 3ms) (STDOUT, APP/TASK/deploy)#
#2026 09 28 11:33:20.810#Z#DEBUG#2bb21052-bb30-11f1-a969-eeee0a843796.incident-management-db-deployer#flowable-async-job-executor-thread-41642#
[PollExecuteTaskStatusExecution] 5417dcc0-8ec9-404c-9f48-6c83c38b999b [2026-09-28T11:33:13.286867] Expanding "src/gen/data/sap.capire.incidents-Incidents.hdbtabledata"... (STDOUT, APP/TASK/deploy)#
#2026 09 28 11:33:20.810#Z#DEBUG#2bb21052-bb30-11f1-a969-eeee0a843796.incident-management-db-deployer#flowable-async-job-executor-thread-41642#
[PollExecuteTaskStatusExecution] 5417dcc0-8ec9-404c-9f48-6c83c38b999b [2026-09-28T11:33:13.286906] Expanding "src/gen/data/sap.capire.incidents-Incidents.conversation.hdbtabledata"... ok (0s 2ms) (STDOUT, APP/TASK/deploy)#
#2026 09 28 11:33:20.810#Z#DEBUG#2bb21052-bb30-11f1-a969-eeee0a843796.incident-management-db-deployer#flowable-async-job-executor-thread-41642#
[PollExecuteTaskStatusExecution] 5417dcc0-8ec9-404c-9f48-6c83c38b999b [2026-09-28T11:33:13.286908] Expanding "src/gen/data/sap.capire.incidents-Status.hdbtabledata"... (STDOUT, APP/TASK/deploy)#
#2026 09 28 11:33:20.810#Z#DEBUG#2bb21052-bb30-11f1-a969-eeee0a843796.incident-management-db-deployer#flowable-async-job-executor-thread-41642#
[PollExecuteTaskStatusExecution] 5417dcc0-8ec9-404c-9f48-6c83c38b999b [2026-09-28T11:33:13.286914] Expanding "src/gen/cds.outbox.Messages.hdbtable"... ok (0s 8ms) (STDOUT, APP/TASK/deploy)#
#2026 09 28 11:33:20.810#Z#DEBUG#2bb21052-bb30-11f1-a969-eeee0a843796.incident-management-db-deployer#flowable-async-job-executor-thread-41642#
[PollExecuteTaskStatusExecution] 5417dcc0-8ec9-404c-9f48-6c83c38b999b [2026-09-28T11:33:13.286917] Expanding "src/gen/data/sap.capire.incidents-Status.texts.hdbtabledata"... (STDOUT, APP/TASK/deploy)#
#2026 09 28 11:33:20.810#Z#DEBUG#2bb21052-bb30-11f1-a969-eeee0a843796.incident-management-db-deployer#flowable-async-job-executor-thread-41642#
[PollExecuteTaskStatusExecution] 5417dcc0-8ec9-404c-9f48-6c83c38b999b [2026-09-28T11:33:13.286920] Expanding "src/gen/ProcessorService.Urgency_texts.hdbview"... ok (0s 9ms) (STDOUT, APP/TASK/deploy)#
#2026 09 28 11:33:20.810#Z#DEBUG#2bb21052-bb30-11f1-a969-eeee0a843796.incident-management-db-deployer#flowable-async-job-executor-thread-41642#
[PollExecuteTaskStatusExecution] 5417dcc0-8ec9-404c-9f48-6c83c38b999b [2026-09-28T11:33:13.286923] Expanding "src/gen/data/sap.capire.incidents-Urgency.hdbtabledata"... (STDOUT, APP/TASK/deploy)#
#2026 09 28 11:33:20.810#Z#DEBUG#2bb21052-bb30-11f1-a969-eeee0a843796.incident-management-db-deployer#flowable-async-job-executor-thread-41642#
[PollExecuteTaskStatusExecution] 5417dcc0-8ec9-404c-9f48-6c83c38b999b [2026-09-28T11:33:13.286925] Expanding "src/gen/data/sap.capire.incidents-Status.hdbtabledata"... ok (0s 2ms) (STDOUT, APP/TASK/deploy)#
#2026 09 28 11:33:20.810#Z#DEBUG#2bb21052-bb30-11f1-a969-eeee0a843796.incident-management-db-deployer#flowable-async-job-executor-thread-41642#
[PollExecuteTaskStatusExecution] 5417dcc0-8ec9-404c-9f48-6c83c38b999b [2026-09-28T11:33:13.286928] Expanding "src/gen/data/sap.capire.incidents-Urgency.texts.hdbtabledata"... (STDOUT, APP/TASK/deploy)#
#2026 09 28 11:33:20.810#Z#DEBUG#2bb21052-bb30-11f1-a969-eeee0a843796.incident-management-db-deployer#flowable-async-job-executor-thread-41642#
[PollExecuteTaskStatusExecution] 5417dcc0-8ec9-404c-9f48-6c83c38b999b [2026-09-28T11:33:13.286930] Expanding "src/gen/data/sap.capire.incidents-Incidents.hdbtabledata"... ok (0s 3ms) (STDOUT, APP/TASK/deploy)#
#2026 09 28 11:33:20.810#Z#DEBUG#2bb21052-bb30-11f1-a969-eeee0a843796.incident-management-db-deployer#flowable-async-job-executor-thread-41642#
[PollExecuteTaskStatusExecution] 5417dcc0-8ec9-404c-9f48-6c83c38b999b [2026-09-28T11:33:13.286932] Expanding "src/gen/localized.AdminService.Status.hdbview"... (STDOUT, APP/TASK/deploy)#
#2026 09 28 11:33:20.810#Z#DEBUG#2bb21052-bb30-11f1-a969-eeee0a843796.incident-management-db-deployer#flowable-async-job-executor-thread-41642#
[PollExecuteTaskStatusExecution] 5417dcc0-8ec9-404c-9f48-6c83c38b999b [2026-09-28T11:33:13.286935] Expanding "src/gen/data/sap.capire.incidents-Urgency.hdbtabledata"... ok (0s 2ms) (STDOUT, APP/TASK/deploy)#
#2026 09 28 11:33:20.810#Z#DEBUG#2bb21052-bb30-11f1-a969-eeee0a843796.incident-management-db-deployer#flowable-async-job-executor-thread-41642#
[PollExecuteTaskStatusExecution] 5417dcc0-8ec9-404c-9f48-6c83c38b999b [2026-09-28T11:33:13.286937] Expanding "src/gen/localized.AdminService.Urgency.hdbview"... (STDOUT, APP/TASK/deploy)#
#2026 09 28 11:33:20.810#Z#DEBUG#2bb21052-bb30-11f1-a969-eeee0a843796.incident-management-db-deployer#flowable-async-job-executor-thread-41642#
[PollExecuteTaskStatusExecution] 5417dcc0-8ec9-404c-9f48-6c83c38b999b [2026-09-28T11:33:13.286943] Expanding "src/gen/data/sap.capire.incidents-Status.texts.hdbtabledata"... ok (0s 3ms) (STDOUT, APP/TASK/deploy)#
#2026 09 28 11:33:20.810#Z#DEBUG#2bb21052-bb30-11f1-a969-eeee0a843796.incident-management-db-deployer#flowable-async-job-executor-thread-41642#
[PollExecuteTaskStatusExecution] 5417dcc0-8ec9-404c-9f48-6c83c38b999b [2026-09-28T11:33:13.286945] Expanding "src/gen/localized.ProcessorService.Status.hdbview"... (STDOUT, APP/TASK/deploy)#
#2026 09 28 11:33:20.810#Z#DEBUG#2bb21052-bb30-11f1-a969-eeee0a843796.incident-management-db-deployer#flowable-async-job-executor-thread-41642#
[PollExecuteTaskStatusExecution] 5417dcc0-8ec9-404c-9f48-6c83c38b999b [2026-09-28T11:33:13.286950] Expanding "src/gen/data/sap.capire.incidents-Urgency.texts.hdbtabledata"... ok (0s 2ms) (STDOUT, APP/TASK/deploy)#
#2026 09 28 11:33:20.810#Z#DEBUG#2bb21052-bb30-11f1-a969-eeee0a843796.incident-management-db-deployer#flowable-async-job-executor-thread-41642#
[PollExecuteTaskStatusExecution] 5417dcc0-8ec9-404c-9f48-6c83c38b999b [2026-09-28T11:33:13.286952] Expanding "src/gen/localized.ProcessorService.Urgency.hdbview"... (STDOUT, APP/TASK/deploy)#
#2026 09 28 11:33:20.810#Z#DEBUG#2bb21052-bb30-11f1-a969-eeee0a843796.incident-management-db-deployer#flowable-async-job-executor-thread-41642#
[PollExecuteTaskStatusExecution] 5417dcc0-8ec9-404c-9f48-6c83c38b999b [2026-09-28T11:33:13.286954] Expanding "src/gen/localized.AdminService.Urgency.hdbview"... ok (0s 8ms) (STDOUT, APP/TASK/deploy)#
#2026 09 28 11:33:20.810#Z#DEBUG#2bb21052-bb30-11f1-a969-eeee0a843796.incident-management-db-deployer#flowable-async-job-executor-thread-41642#
[PollExecuteTaskStatusExecution] 5417dcc0-8ec9-404c-9f48-6c83c38b999b [2026-09-28T11:33:13.286957] Expanding "src/gen/localized.sap.capire.incidents.Status.hdbview"... (STDOUT, APP/TASK/deploy)#
#2026 09 28 11:33:20.810#Z#DEBUG#2bb21052-bb30-11f1-a969-eeee0a843796.incident-management-db-deployer#flowable-async-job-executor-thread-41642#
[PollExecuteTaskStatusExecution] 5417dcc0-8ec9-404c-9f48-6c83c38b999b [2026-09-28T11:33:13.286969] Expanding "src/gen/localized.AdminService.Status.hdbview"... ok (0s 9ms) (STDOUT, APP/TASK/deploy)#
#2026 09 28 11:33:20.810#Z#DEBUG#2bb21052-bb30-11f1-a969-eeee0a843796.incident-management-db-deployer#flowable-async-job-executor-thread-41642#
[PollExecuteTaskStatusExecution] 5417dcc0-8ec9-404c-9f48-6c83c38b999b [2026-09-28T11:33:13.286971] Expanding "src/gen/localized.ProcessorService.Status.hdbview"... ok (0s 8ms) (STDOUT, APP/TASK/deploy)#
#2026 09 28 11:33:20.810#Z#DEBUG#2bb21052-bb30-11f1-a969-eeee0a843796.incident-management-db-deployer#flowable-async-job-executor-thread-41642#
[PollExecuteTaskStatusExecution] 5417dcc0-8ec9-404c-9f48-6c83c38b999b [2026-09-28T11:33:13.286976] Expanding "src/gen/sap.capire.incidents.Addresses.hdbtable"... (STDOUT, APP/TASK/deploy)#
#2026 09 28 11:33:20.810#Z#DEBUG#2bb21052-bb30-11f1-a969-eeee0a843796.incident-management-db-deployer#flowable-async-job-executor-thread-41642#
[PollExecuteTaskStatusExecution] 5417dcc0-8ec9-404c-9f48-6c83c38b999b [2026-09-28T11:33:13.286979] Expanding "src/gen/localized.sap.capire.incidents.Urgency.hdbview"... (STDOUT, APP/TASK/deploy)#
#2026 09 28 11:33:20.810#Z#DEBUG#2bb21052-bb30-11f1-a969-eeee0a843796.incident-management-db-deployer#flowable-async-job-executor-thread-41642#
[PollExecuteTaskStatusExecution] 5417dcc0-8ec9-404c-9f48-6c83c38b999b [2026-09-28T11:33:13.286982] Expanding "src/gen/localized.ProcessorService.Urgency.hdbview"... ok (0s 8ms) (STDOUT, APP/TASK/deploy)#
#2026 09 28 11:33:20.810#Z#DEBUG#2bb21052-bb30-11f1-a969-eeee0a843796.incident-management-db-deployer#flowable-async-job-executor-thread-41642#
[PollExecuteTaskStatusExecution] 5417dcc0-8ec9-404c-9f48-6c83c38b999b [2026-09-28T11:33:13.286985] Expanding "src/gen/sap.capire.incidents.Customers.hdbtable"... (STDOUT, APP/TASK/deploy)#
#2026 09 28 11:33:20.810#Z#DEBUG#2bb21052-bb30-11f1-a969-eeee0a843796.incident-management-db-deployer#flowable-async-job-executor-thread-41642#
[PollExecuteTaskStatusExecution] 5417dcc0-8ec9-404c-9f48-6c83c38b999b [2026-09-28T11:33:13.286988] Expanding "src/gen/localized.sap.capire.incidents.Status.hdbview"... ok (0s 8ms) (STDOUT, APP/TASK/deploy)#
#2026 09 28 11:33:20.810#Z#DEBUG#2bb21052-bb30-11f1-a969-eeee0a843796.incident-management-db-deployer#flowable-async-job-executor-thread-41642#
[PollExecuteTaskStatusExecution] 5417dcc0-8ec9-404c-9f48-6c83c38b999b [2026-09-28T11:33:13.286990] Expanding "src/gen/sap.capire.incidents.Incidents.hdbtable"... (STDOUT, APP/TASK/deploy)#
#2026 09 28 11:33:20.810#Z#DEBUG#2bb21052-bb30-11f1-a969-eeee0a843796.incident-management-db-deployer#flowable-async-job-executor-thread-41642#
[PollExecuteTaskStatusExecution] 5417dcc0-8ec9-404c-9f48-6c83c38b999b [2026-09-28T11:33:13.286992] Expanding "src/gen/localized.sap.capire.incidents.Urgency.hdbview"... ok (0s 8ms) (STDOUT, APP/TASK/deploy)#
#2026 09 28 11:33:20.810#Z#DEBUG#2bb21052-bb30-11f1-a969-eeee0a843796.incident-management-db-deployer#flowable-async-job-executor-thread-41642#
[PollExecuteTaskStatusExecution] 5417dcc0-8ec9-404c-9f48-6c83c38b999b [2026-09-28T11:33:13.286995] Expanding "src/gen/sap.capire.incidents.Incidents_conversation.hdbtable"... (STDOUT, APP/TASK/deploy)#
#2026 09 28 11:33:20.810#Z#DEBUG#2bb21052-bb30-11f1-a969-eeee0a843796.incident-management-db-deployer#flowable-async-job-executor-thread-41642#
[PollExecuteTaskStatusExecution] 5417dcc0-8ec9-404c-9f48-6c83c38b999b [2026-09-28T11:33:13.286998] Expanding "src/gen/sap.capire.incidents.Addresses.hdbtable"... ok (0s 8ms) (STDOUT, APP/TASK/deploy)#
#2026 09 28 11:33:20.810#Z#DEBUG#2bb21052-bb30-11f1-a969-eeee0a843796.incident-management-db-deployer#flowable-async-job-executor-thread-41642#
[PollExecuteTaskStatusExecution] 5417dcc0-8ec9-404c-9f48-6c83c38b999b [2026-09-28T11:33:13.287035] Expanding "src/gen/sap.capire.incidents.Status.hdbtable"... (STDOUT, APP/TASK/deploy)#
#2026 09 28 11:33:20.810#Z#DEBUG#2bb21052-bb30-11f1-a969-eeee0a843796.incident-management-db-deployer#flowable-async-job-executor-thread-41642#
[PollExecuteTaskStatusExecution] 5417dcc0-8ec9-404c-9f48-6c83c38b999b [2026-09-28T11:33:13.287038] Expanding "src/gen/sap.capire.incidents.Customers.hdbtable"... ok (0s 9ms) (STDOUT, APP/TASK/deploy)#
#2026 09 28 11:33:20.810#Z#DEBUG#2bb21052-bb30-11f1-a969-eeee0a843796.incident-management-db-deployer#flowable-async-job-executor-thread-41642#
[PollExecuteTaskStatusExecution] 5417dcc0-8ec9-404c-9f48-6c83c38b999b [2026-09-28T11:33:13.287040] Expanding "src/gen/sap.capire.incidents.Status_texts.hdbtable"... (STDOUT, APP/TASK/deploy)#
#2026 09 28 11:33:20.810#Z#DEBUG#2bb21052-bb30-11f1-a969-eeee0a843796.incident-management-db-deployer#flowable-async-job-executor-thread-41642#
[PollExecuteTaskStatusExecution] 5417dcc0-8ec9-404c-9f48-6c83c38b999b [2026-09-28T11:33:13.287043] Expanding "src/gen/sap.capire.incidents.Status.hdbtable"... ok (0s 9ms) (STDOUT, APP/TASK/deploy)#
#2026 09 28 11:33:20.810#Z#DEBUG#2bb21052-bb30-11f1-a969-eeee0a843796.incident-management-db-deployer#flowable-async-job-executor-thread-41642#
[PollExecuteTaskStatusExecution] 5417dcc0-8ec9-404c-9f48-6c83c38b999b [2026-09-28T11:33:13.287045] Expanding "src/gen/sap.capire.incidents.Urgency.hdbtable"... (STDOUT, APP/TASK/deploy)#
#2026 09 28 11:33:20.810#Z#DEBUG#2bb21052-bb30-11f1-a969-eeee0a843796.incident-management-db-deployer#flowable-async-job-executor-thread-41642#
[PollExecuteTaskStatusExecution] 5417dcc0-8ec9-404c-9f48-6c83c38b999b [2026-09-28T11:33:13.287049] Expanding "src/gen/sap.capire.incidents.Incidents.hdbtable"... ok (0s 10ms) (STDOUT, APP/TASK/deploy)#
#2026 09 28 11:33:20.810#Z#DEBUG#2bb21052-bb30-11f1-a969-eeee0a843796.incident-management-db-deployer#flowable-async-job-executor-thread-41642#
[PollExecuteTaskStatusExecution] 5417dcc0-8ec9-404c-9f48-6c83c38b999b [2026-09-28T11:33:13.287052] Expanding "src/gen/sap.capire.incidents.Urgency_texts.hdbtable"... (STDOUT, APP/TASK/deploy)#
#2026 09 28 11:33:20.810#Z#DEBUG#2bb21052-bb30-11f1-a969-eeee0a843796.incident-management-db-deployer#flowable-async-job-executor-thread-41642#
[PollExecuteTaskStatusExecution] 5417dcc0-8ec9-404c-9f48-6c83c38b999b [2026-09-28T11:33:13.287056] Expanding "src/gen/sap.capire.incidents.Incidents_conversation.hdbtable"... ok (0s 10ms) (STDOUT, APP/TASK/deploy)#
#2026 09 28 11:33:20.810#Z#DEBUG#2bb21052-bb30-11f1-a969-eeee0a843796.incident-management-db-deployer#flowable-async-job-executor-thread-41642#
[PollExecuteTaskStatusExecution] 5417dcc0-8ec9-404c-9f48-6c83c38b999b [2026-09-28T11:33:13.287058] Expanding "src/gen/sap.capire.incidents.Status_texts.hdbtable"... ok (0s 9ms) (STDOUT, APP/TASK/deploy)#
#2026 09 28 11:33:20.810#Z#DEBUG#2bb21052-bb30-11f1-a969-eeee0a843796.incident-management-db-deployer#flowable-async-job-executor-thread-41642#
[PollExecuteTaskStatusExecution] 5417dcc0-8ec9-404c-9f48-6c83c38b999b [2026-09-28T11:33:13.287061] Expanding "src/gen/sap.capire.incidents.Urgency.hdbtable"... ok (0s 6ms) (STDOUT, APP/TASK/deploy)#
#2026 09 28 11:33:20.810#Z#DEBUG#2bb21052-bb30-11f1-a969-eeee0a843796.incident-management-db-deployer#flowable-async-job-executor-thread-41642#
[PollExecuteTaskStatusExecution] 5417dcc0-8ec9-404c-9f48-6c83c38b999b [2026-09-28T11:33:13.287065] Expanding "src/gen/sap.capire.incidents.Urgency_texts.hdbtable"... ok (0s 5ms) (STDOUT, APP/TASK/deploy)#
#2026 09 28 11:33:20.810#Z#DEBUG#2bb21052-bb30-11f1-a969-eeee0a843796.incident-management-db-deployer#flowable-async-job-executor-thread-41642#
[PollExecuteTaskStatusExecution] 5417dcc0-8ec9-404c-9f48-6c83c38b999b [2026-09-28T11:33:13.287068] Expanding... ok (0s 151ms) (STDOUT, APP/TASK/deploy)#
#2026 09 28 11:33:20.810#Z#DEBUG#2bb21052-bb30-11f1-a969-eeee0a843796.incident-management-db-deployer#flowable-async-job-executor-thread-41642#
[PollExecuteTaskStatusExecution] 5417dcc0-8ec9-404c-9f48-6c83c38b999b [2026-09-28T11:33:13.287073] Precompiling... (STDOUT, APP/TASK/deploy)#
#2026 09 28 11:33:20.810#Z#DEBUG#2bb21052-bb30-11f1-a969-eeee0a843796.incident-management-db-deployer#flowable-async-job-executor-thread-41642#
[PollExecuteTaskStatusExecution] 5417dcc0-8ec9-404c-9f48-6c83c38b999b [2026-09-28T11:33:13.287076] Precompiling "src/gen/AdminService.Addresses.hdbview"... (STDOUT, APP/TASK/deploy)#
#2026 09 28 11:33:20.810#Z#DEBUG#2bb21052-bb30-11f1-a969-eeee0a843796.incident-management-db-deployer#flowable-async-job-executor-thread-41642#
[PollExecuteTaskStatusExecution] 5417dcc0-8ec9-404c-9f48-6c83c38b999b [2026-09-28T11:33:13.287079] Precompiling "src/gen/AdminService.Customers.hdbview"... (STDOUT, APP/TASK/deploy)#
#2026 09 28 11:33:20.810#Z#DEBUG#2bb21052-bb30-11f1-a969-eeee0a843796.incident-management-db-deployer#flowable-async-job-executor-thread-41642#
[PollExecuteTaskStatusExecution] 5417dcc0-8ec9-404c-9f48-6c83c38b999b [2026-09-28T11:33:13.287081] Precompiling "src/gen/AdminService.Incidents.hdbview"... (STDOUT, APP/TASK/deploy)#
#2026 09 28 11:33:20.810#Z#DEBUG#2bb21052-bb30-11f1-a969-eeee0a843796.incident-management-db-deployer#flowable-async-job-executor-thread-41642#
[PollExecuteTaskStatusExecution] 5417dcc0-8ec9-404c-9f48-6c83c38b999b [2026-09-28T11:33:13.287083] Precompiling "src/gen/AdminService.Incidents_conversation.hdbview"... (STDOUT, APP/TASK/deploy)#
#2026 09 28 11:33:20.810#Z#DEBUG#2bb21052-bb30-11f1-a969-eeee0a843796.incident-management-db-deployer#flowable-async-job-executor-thread-41642#
[PollExecuteTaskStatusExecution] 5417dcc0-8ec9-404c-9f48-6c83c38b999b [2026-09-28T11:33:13.287088] Precompiling "src/gen/AdminService.Customers.hdbview"... ok (0s 14ms) (STDOUT, APP/TASK/deploy)#
#2026 09 28 11:33:20.810#Z#DEBUG#2bb21052-bb30-11f1-a969-eeee0a843796.incident-management-db-deployer#flowable-async-job-executor-thread-41642#
[PollExecuteTaskStatusExecution] 5417dcc0-8ec9-404c-9f48-6c83c38b999b [2026-09-28T11:33:13.287090] Precompiling "src/gen/AdminService.Status.hdbview"... (STDOUT, APP/TASK/deploy)#
#2026 09 28 11:33:20.810#Z#DEBUG#2bb21052-bb30-11f1-a969-eeee0a843796.incident-management-db-deployer#flowable-async-job-executor-thread-41642#
[PollExecuteTaskStatusExecution] 5417dcc0-8ec9-404c-9f48-6c83c38b999b [2026-09-28T11:33:13.287092] Precompiling "src/gen/AdminService.Addresses.hdbview"... ok (0s 16ms) (STDOUT, APP/TASK/deploy)#
#2026 09 28 11:33:20.810#Z#DEBUG#2bb21052-bb30-11f1-a969-eeee0a843796.incident-management-db-deployer#flowable-async-job-executor-thread-41642#
[PollExecuteTaskStatusExecution] 5417dcc0-8ec9-404c-9f48-6c83c38b999b [2026-09-28T11:33:13.287094] Precompiling "src/gen/AdminService.Status_texts.hdbview"... (STDOUT, APP/TASK/deploy)#
#2026 09 28 11:33:20.810#Z#DEBUG#2bb21052-bb30-11f1-a969-eeee0a843796.incident-management-db-deployer#flowable-async-job-executor-thread-41642#
[PollExecuteTaskStatusExecution] 5417dcc0-8ec9-404c-9f48-6c83c38b999b [2026-09-28T11:33:13.287097] Precompiling "src/gen/AdminService.Incidents.hdbview"... ok (0s 15ms) (STDOUT, APP/TASK/deploy)#
#2026 09 28 11:33:20.810#Z#DEBUG#2bb21052-bb30-11f1-a969-eeee0a843796.incident-management-db-deployer#flowable-async-job-executor-thread-41642#
[PollExecuteTaskStatusExecution] 5417dcc0-8ec9-404c-9f48-6c83c38b999b [2026-09-28T11:33:13.287099] Precompiling "src/gen/AdminService.Urgency.hdbview"... (STDOUT, APP/TASK/deploy)#
#2026 09 28 11:33:20.810#Z#DEBUG#2bb21052-bb30-11f1-a969-eeee0a843796.incident-management-db-deployer#flowable-async-job-executor-thread-41642#
[PollExecuteTaskStatusExecution] 5417dcc0-8ec9-404c-9f48-6c83c38b999b [2026-09-28T11:33:13.287101] Precompiling "src/gen/AdminService.Incidents_conversation.hdbview"... ok (0s 14ms) (STDOUT, APP/TASK/deploy)#
#2026 09 28 11:33:20.810#Z#DEBUG#2bb21052-bb30-11f1-a969-eeee0a843796.incident-management-db-deployer#flowable-async-job-executor-thread-41642#
[PollExecuteTaskStatusExecution] 5417dcc0-8ec9-404c-9f48-6c83c38b999b [2026-09-28T11:33:13.287103] Precompiling "src/gen/AdminService.Urgency_texts.hdbview"... (STDOUT, APP/TASK/deploy)#
#2026 09 28 11:33:20.810#Z#DEBUG#2bb21052-bb30-11f1-a969-eeee0a843796.incident-management-db-deployer#flowable-async-job-executor-thread-41642#
[PollExecuteTaskStatusExecution] 5417dcc0-8ec9-404c-9f48-6c83c38b999b [2026-09-28T11:33:13.287105] Precompiling "src/gen/AdminService.Status_texts.hdbview"... ok (0s 10ms) (STDOUT, APP/TASK/deploy)#
#2026 09 28 11:33:20.810#Z#DEBUG#2bb21052-bb30-11f1-a969-eeee0a843796.incident-management-db-deployer#flowable-async-job-executor-thread-41642#
[PollExecuteTaskStatusExecution] 5417dcc0-8ec9-404c-9f48-6c83c38b999b [2026-09-28T11:33:13.287107] Precompiling "src/gen/DRAFT.DraftAdministrativeData.hdbtable"... (STDOUT, APP/TASK/deploy)#
#2026 09 28 11:33:20.810#Z#DEBUG#2bb21052-bb30-11f1-a969-eeee0a843796.incident-management-db-deployer#flowable-async-job-executor-thread-41642#
[PollExecuteTaskStatusExecution] 5417dcc0-8ec9-404c-9f48-6c83c38b999b [2026-09-28T11:33:13.287110] Precompiling "src/gen/AdminService.Urgency.hdbview"... ok (0s 10ms) (STDOUT, APP/TASK/deploy)#
#2026 09 28 11:33:20.810#Z#DEBUG#2bb21052-bb30-11f1-a969-eeee0a843796.incident-management-db-deployer#flowable-async-job-executor-thread-41642#
[PollExecuteTaskStatusExecution] 5417dcc0-8ec9-404c-9f48-6c83c38b999b [2026-09-28T11:33:13.287481] Precompiling "src/gen/ProcessorService.Addresses.hdbview"... (STDOUT, APP/TASK/deploy)#
#2026 09 28 11:33:20.810#Z#DEBUG#2bb21052-bb30-11f1-a969-eeee0a843796.incident-management-db-deployer#flowable-async-job-executor-thread-41642#
[PollExecuteTaskStatusExecution] 5417dcc0-8ec9-404c-9f48-6c83c38b999b [2026-09-28T11:33:13.287486] Precompiling "src/gen/AdminService.Status.hdbview"... ok (0s 12ms) (STDOUT, APP/TASK/deploy)#
#2026 09 28 11:33:20.810#Z#DEBUG#2bb21052-bb30-11f1-a969-eeee0a843796.incident-management-db-deployer#flowable-async-job-executor-thread-41642#
[PollExecuteTaskStatusExecution] 5417dcc0-8ec9-404c-9f48-6c83c38b999b [2026-09-28T11:33:13.287489] Precompiling "src/gen/ProcessorService.Customers.hdbview"... (STDOUT, APP/TASK/deploy)#
#2026 09 28 11:33:20.810#Z#DEBUG#2bb21052-bb30-11f1-a969-eeee0a843796.incident-management-db-deployer#flowable-async-job-executor-thread-41642#
[PollExecuteTaskStatusExecution] 5417dcc0-8ec9-404c-9f48-6c83c38b999b [2026-09-28T11:33:13.287491] Precompiling "src/gen/AdminService.Urgency_texts.hdbview"... ok (0s 10ms) (STDOUT, APP/TASK/deploy)#
#2026 09 28 11:33:20.810#Z#DEBUG#2bb21052-bb30-11f1-a969-eeee0a843796.incident-management-db-deployer#flowable-async-job-executor-thread-41642#
[PollExecuteTaskStatusExecution] 5417dcc0-8ec9-404c-9f48-6c83c38b999b [2026-09-28T11:33:13.287493] Precompiling "src/gen/ProcessorService.DraftAdministrativeData.hdbview"... (STDOUT, APP/TASK/deploy)#
#2026 09 28 11:33:20.810#Z#DEBUG#2bb21052-bb30-11f1-a969-eeee0a843796.incident-management-db-deployer#flowable-async-job-executor-thread-41642#
[PollExecuteTaskStatusExecution] 5417dcc0-8ec9-404c-9f48-6c83c38b999b [2026-09-28T11:33:13.287495] Precompiling "src/gen/ProcessorService.Addresses.hdbview"... ok (0s 10ms) (STDOUT, APP/TASK/deploy)#
#2026 09 28 11:33:20.810#Z#DEBUG#2bb21052-bb30-11f1-a969-eeee0a843796.incident-management-db-deployer#flowable-async-job-executor-thread-41642#
[PollExecuteTaskStatusExecution] 5417dcc0-8ec9-404c-9f48-6c83c38b999b [2026-09-28T11:33:13.287501] Precompiling "src/gen/ProcessorService.Incidents.hdbview"... (STDOUT, APP/TASK/deploy)#
#2026 09 28 11:33:20.810#Z#DEBUG#2bb21052-bb30-11f1-a969-eeee0a843796.incident-management-db-deployer#flowable-async-job-executor-thread-41642#
[PollExecuteTaskStatusExecution] 5417dcc0-8ec9-404c-9f48-6c83c38b999b [2026-09-28T11:33:13.287504] Precompiling "src/gen/DRAFT.DraftAdministrativeData.hdbtable"... ok (0s 12ms) (STDOUT, APP/TASK/deploy)#
#2026 09 28 11:33:20.810#Z#DEBUG#2bb21052-bb30-11f1-a969-eeee0a843796.incident-management-db-deployer#flowable-async-job-executor-thread-41642#
[PollExecuteTaskStatusExecution] 5417dcc0-8ec9-404c-9f48-6c83c38b999b [2026-09-28T11:33:13.287506] Precompiling "src/gen/ProcessorService.Incidents_conversation.hdbview"... (STDOUT, APP/TASK/deploy)#
#2026 09 28 11:33:20.810#Z#DEBUG#2bb21052-bb30-11f1-a969-eeee0a843796.incident-management-db-deployer#flowable-async-job-executor-thread-41642#
[PollExecuteTaskStatusExecution] 5417dcc0-8ec9-404c-9f48-6c83c38b999b [2026-09-28T11:33:13.287510] Precompiling "src/gen/ProcessorService.Customers.hdbview"... ok (0s 11ms) (STDOUT, APP/TASK/deploy)#
#2026 09 28 11:33:20.810#Z#DEBUG#2bb21052-bb30-11f1-a969-eeee0a843796.incident-management-db-deployer#flowable-async-job-executor-thread-41642#
[PollExecuteTaskStatusExecution] 5417dcc0-8ec9-404c-9f48-6c83c38b999b [2026-09-28T11:33:13.287513] Precompiling "src/gen/ProcessorService.Incidents_conversation_drafts.hdbtable"... (STDOUT, APP/TASK/deploy)#
#2026 09 28 11:33:20.810#Z#DEBUG#2bb21052-bb30-11f1-a969-eeee0a843796.incident-management-db-deployer#flowable-async-job-executor-thread-41642#
[PollExecuteTaskStatusExecution] 5417dcc0-8ec9-404c-9f48-6c83c38b999b [2026-09-28T11:33:13.287515] Precompiling "src/gen/ProcessorService.DraftAdministrativeData.hdbview"... ok (0s 8ms) (STDOUT, APP/TASK/deploy)#
#2026 09 28 11:33:20.810#Z#DEBUG#2bb21052-bb30-11f1-a969-eeee0a843796.incident-management-db-deployer#flowable-async-job-executor-thread-41642#
[PollExecuteTaskStatusExecution] 5417dcc0-8ec9-404c-9f48-6c83c38b999b [2026-09-28T11:33:13.287518] Precompiling "src/gen/ProcessorService.Incidents_drafts.hdbtable"... (STDOUT, APP/TASK/deploy)#
#2026 09 28 11:33:20.810#Z#DEBUG#2bb21052-bb30-11f1-a969-eeee0a843796.incident-management-db-deployer#flowable-async-job-executor-thread-41642#
[PollExecuteTaskStatusExecution] 5417dcc0-8ec9-404c-9f48-6c83c38b999b [2026-09-28T11:33:13.287520] Precompiling "src/gen/ProcessorService.Incidents.hdbview"... ok (0s 9ms) (STDOUT, APP/TASK/deploy)#
#2026 09 28 11:33:20.810#Z#DEBUG#2bb21052-bb30-11f1-a969-eeee0a843796.incident-management-db-deployer#flowable-async-job-executor-thread-41642#
[PollExecuteTaskStatusExecution] 5417dcc0-8ec9-404c-9f48-6c83c38b999b [2026-09-28T11:33:13.287523] Precompiling "src/gen/ProcessorService.Status.hdbview"... (STDOUT, APP/TASK/deploy)#
#2026 09 28 11:33:20.810#Z#DEBUG#2bb21052-bb30-11f1-a969-eeee0a843796.incident-management-db-deployer#flowable-async-job-executor-thread-41642#
[PollExecuteTaskStatusExecution] 5417dcc0-8ec9-404c-9f48-6c83c38b999b [2026-09-28T11:33:13.287525] Precompiling "src/gen/ProcessorService.Incidents_conversation.hdbview"... ok (0s 8ms) (STDOUT, APP/TASK/deploy)#
#2026 09 28 11:33:20.810#Z#DEBUG#2bb21052-bb30-11f1-a969-eeee0a843796.incident-management-db-deployer#flowable-async-job-executor-thread-41642#
[PollExecuteTaskStatusExecution] 5417dcc0-8ec9-404c-9f48-6c83c38b999b [2026-09-28T11:33:13.287527] Precompiling "src/gen/ProcessorService.Status_texts.hdbview"... (STDOUT, APP/TASK/deploy)#
#2026 09 28 11:33:20.810#Z#DEBUG#2bb21052-bb30-11f1-a969-eeee0a843796.incident-management-db-deployer#flowable-async-job-executor-thread-41642#
[PollExecuteTaskStatusExecution] 5417dcc0-8ec9-404c-9f48-6c83c38b999b [2026-09-28T11:33:13.287531] Precompiling "src/gen/ProcessorService.Incidents_conversation_drafts.hdbtable"... ok (0s 8ms) (STDOUT, APP/TASK/deploy)#
#2026 09 28 11:33:20.810#Z#DEBUG#2bb21052-bb30-11f1-a969-eeee0a843796.incident-management-db-deployer#flowable-async-job-executor-thread-41642#
[PollExecuteTaskStatusExecution] 5417dcc0-8ec9-404c-9f48-6c83c38b999b [2026-09-28T11:33:13.287533] Precompiling "src/gen/ProcessorService.Urgency.hdbview"... (STDOUT, APP/TASK/deploy)#
#2026 09 28 11:33:20.810#Z#DEBUG#2bb21052-bb30-11f1-a969-eeee0a843796.incident-management-db-deployer#flowable-async-job-executor-thread-41642#
[PollExecuteTaskStatusExecution] 5417dcc0-8ec9-404c-9f48-6c83c38b999b [2026-09-28T11:33:13.287536] Precompiling "src/gen/ProcessorService.Incidents_drafts.hdbtable"... ok (0s 11ms) (STDOUT, APP/TASK/deploy)#
#2026 09 28 11:33:20.810#Z#DEBUG#2bb21052-bb30-11f1-a969-eeee0a843796.incident-management-db-deployer#flowable-async-job-executor-thread-41642#
[PollExecuteTaskStatusExecution] 5417dcc0-8ec9-404c-9f48-6c83c38b999b [2026-09-28T11:33:13.287538] Precompiling "src/gen/ProcessorService.Urgency_texts.hdbview"... (STDOUT, APP/TASK/deploy)#
#2026 09 28 11:33:20.810#Z#DEBUG#2bb21052-bb30-11f1-a969-eeee0a843796.incident-management-db-deployer#flowable-async-job-executor-thread-41642#
[PollExecuteTaskStatusExecution] 5417dcc0-8ec9-404c-9f48-6c83c38b999b [2026-09-28T11:33:13.287540] Precompiling "src/gen/ProcessorService.Status.hdbview"... ok (0s 7ms) (STDOUT, APP/TASK/deploy)#
#2026 09 28 11:33:20.810#Z#DEBUG#2bb21052-bb30-11f1-a969-eeee0a843796.incident-management-db-deployer#flowable-async-job-executor-thread-41642#
[PollExecuteTaskStatusExecution] 5417dcc0-8ec9-404c-9f48-6c83c38b999b [2026-09-28T11:33:13.287543] Precompiling "src/gen/cds.outbox.Messages.hdbtable"... (STDOUT, APP/TASK/deploy)#
#2026 09 28 11:33:20.810#Z#DEBUG#2bb21052-bb30-11f1-a969-eeee0a843796.incident-management-db-deployer#flowable-async-job-executor-thread-41642#
[PollExecuteTaskStatusExecution] 5417dcc0-8ec9-404c-9f48-6c83c38b999b [2026-09-28T11:33:13.287546] Precompiling "src/gen/ProcessorService.Urgency.hdbview"... ok (0s 6ms) (STDOUT, APP/TASK/deploy)#
#2026 09 28 11:33:20.810#Z#DEBUG#2bb21052-bb30-11f1-a969-eeee0a843796.incident-management-db-deployer#flowable-async-job-executor-thread-41642#
[PollExecuteTaskStatusExecution] 5417dcc0-8ec9-404c-9f48-6c83c38b999b [2026-09-28T11:33:13.287548] Precompiling "src/gen/data/sap.capire.incidents-Addresses.csv"... (STDOUT, APP/TASK/deploy)#
#2026 09 28 11:33:20.810#Z#DEBUG#2bb21052-bb30-11f1-a969-eeee0a843796.incident-management-db-deployer#flowable-async-job-executor-thread-41642#
[PollExecuteTaskStatusExecution] 5417dcc0-8ec9-404c-9f48-6c83c38b999b [2026-09-28T11:33:13.287550] Precompiling "src/gen/ProcessorService.Status_texts.hdbview"... ok (0s 7ms) (STDOUT, APP/TASK/deploy)#
#2026 09 28 11:33:20.810#Z#DEBUG#2bb21052-bb30-11f1-a969-eeee0a843796.incident-management-db-deployer#flowable-async-job-executor-thread-41642#
[PollExecuteTaskStatusExecution] 5417dcc0-8ec9-404c-9f48-6c83c38b999b [2026-09-28T11:33:13.287552] Precompiling "src/gen/data/sap.capire.incidents-Addresses.hdbtabledata"... (STDOUT, APP/TASK/deploy)#
#2026 09 28 11:33:20.810#Z#DEBUG#2bb21052-bb30-11f1-a969-eeee0a843796.incident-management-db-deployer#flowable-async-job-executor-thread-41642#
[PollExecuteTaskStatusExecution] 5417dcc0-8ec9-404c-9f48-6c83c38b999b [2026-09-28T11:33:13.287556] Precompiling "src/gen/data/sap.capire.incidents-Addresses.hdbtabledata"... ok (0s 0ms) (STDOUT, APP/TASK/deploy)#
#2026 09 28 11:33:20.810#Z#DEBUG#2bb21052-bb30-11f1-a969-eeee0a843796.incident-management-db-deployer#flowable-async-job-executor-thread-41642#
[PollExecuteTaskStatusExecution] 5417dcc0-8ec9-404c-9f48-6c83c38b999b [2026-09-28T11:33:13.287570] Precompiling "src/gen/data/sap.capire.incidents-Addresses.hdbtabledata$0.expand"... (STDOUT, APP/TASK/deploy)#
#2026 09 28 11:33:20.810#Z#DEBUG#2bb21052-bb30-11f1-a969-eeee0a843796.incident-management-db-deployer#flowable-async-job-executor-thread-41642#
[PollExecuteTaskStatusExecution] 5417dcc0-8ec9-404c-9f48-6c83c38b999b [2026-09-28T11:33:13.287572] Expanded from "src/gen/data/sap.capire.incidents-Addresses.hdbtabledata" (STDOUT, APP/TASK/deploy)#
#2026 09 28 11:33:20.810#Z#DEBUG#2bb21052-bb30-11f1-a969-eeee0a843796.incident-management-db-deployer#flowable-async-job-executor-thread-41642#
[PollExecuteTaskStatusExecution] 5417dcc0-8ec9-404c-9f48-6c83c38b999b [2026-09-28T11:33:13.287575] Precompiling "src/gen/data/sap.capire.incidents-Addresses.csv"... ok (0s 2ms) (STDOUT, APP/TASK/deploy)#
#2026 09 28 11:33:20.810#Z#DEBUG#2bb21052-bb30-11f1-a969-eeee0a843796.incident-management-db-deployer#flowable-async-job-executor-thread-41642#
[PollExecuteTaskStatusExecution] 5417dcc0-8ec9-404c-9f48-6c83c38b999b [2026-09-28T11:33:13.287577] Precompiling "src/gen/data/sap.capire.incidents-Customers.csv"... (STDOUT, APP/TASK/deploy)#
#2026 09 28 11:33:20.810#Z#DEBUG#2bb21052-bb30-11f1-a969-eeee0a843796.incident-management-db-deployer#flowable-async-job-executor-thread-41642#
[PollExecuteTaskStatusExecution] 5417dcc0-8ec9-404c-9f48-6c83c38b999b [2026-09-28T11:33:13.287579] Precompiling "src/gen/data/sap.capire.incidents-Addresses.hdbtabledata$0.expand"... ok (0s 1ms) (STDOUT, APP/TASK/deploy)#
#2026 09 28 11:33:20.810#Z#DEBUG#2bb21052-bb30-11f1-a969-eeee0a843796.incident-management-db-deployer#flowable-async-job-executor-thread-41642#
[PollExecuteTaskStatusExecution] 5417dcc0-8ec9-404c-9f48-6c83c38b999b [2026-09-28T11:33:13.287582] Precompiling "src/gen/data/sap.capire.incidents-Customers.hdbtabledata"... (STDOUT, APP/TASK/deploy)#
#2026 09 28 11:33:20.810#Z#DEBUG#2bb21052-bb30-11f1-a969-eeee0a843796.incident-management-db-deployer#flowable-async-job-executor-thread-41642#
[PollExecuteTaskStatusExecution] 5417dcc0-8ec9-404c-9f48-6c83c38b999b [2026-09-28T11:33:13.288567] Precompiling "src/gen/data/sap.capire.incidents-Customers.hdbtabledata"... ok (0s 0ms) (STDOUT, APP/TASK/deploy)#
#2026 09 28 11:33:20.810#Z#DEBUG#2bb21052-bb30-11f1-a969-eeee0a843796.incident-management-db-deployer#flowable-async-job-executor-thread-41642#
[PollExecuteTaskStatusExecution] 5417dcc0-8ec9-404c-9f48-6c83c38b999b [2026-09-28T11:33:13.288582] Precompiling "src/gen/data/sap.capire.incidents-Customers.hdbtabledata$0.expand"... (STDOUT, APP/TASK/deploy)#
#2026 09 28 11:33:20.810#Z#DEBUG#2bb21052-bb30-11f1-a969-eeee0a843796.incident-management-db-deployer#flowable-async-job-executor-thread-41642#
[PollExecuteTaskStatusExecution] 5417dcc0-8ec9-404c-9f48-6c83c38b999b [2026-09-28T11:33:13.288588] Expanded from "src/gen/data/sap.capire.incidents-Customers.hdbtabledata" (STDOUT, APP/TASK/deploy)#
#2026 09 28 11:33:20.810#Z#DEBUG#2bb21052-bb30-11f1-a969-eeee0a843796.incident-management-db-deployer#flowable-async-job-executor-thread-41642#
[PollExecuteTaskStatusExecution] 5417dcc0-8ec9-404c-9f48-6c83c38b999b [2026-09-28T11:33:13.288591] Precompiling "src/gen/data/sap.capire.incidents-Customers.csv"... ok (0s 1ms) (STDOUT, APP/TASK/deploy)#
#2026 09 28 11:33:20.810#Z#DEBUG#2bb21052-bb30-11f1-a969-eeee0a843796.incident-management-db-deployer#flowable-async-job-executor-thread-41642#
[PollExecuteTaskStatusExecution] 5417dcc0-8ec9-404c-9f48-6c83c38b999b [2026-09-28T11:33:13.288594] Precompiling "src/gen/data/sap.capire.incidents-Incidents.conversation.csv"... (STDOUT, APP/TASK/deploy)#
#2026 09 28 11:33:20.810#Z#DEBUG#2bb21052-bb30-11f1-a969-eeee0a843796.incident-management-db-deployer#flowable-async-job-executor-thread-41642#
[PollExecuteTaskStatusExecution] 5417dcc0-8ec9-404c-9f48-6c83c38b999b [2026-09-28T11:33:13.288597] Precompiling "src/gen/data/sap.capire.incidents-Customers.hdbtabledata$0.expand"... ok (0s 1ms) (STDOUT, APP/TASK/deploy)#
#2026 09 28 11:33:20.810#Z#DEBUG#2bb21052-bb30-11f1-a969-eeee0a843796.incident-management-db-deployer#flowable-async-job-executor-thread-41642#
[PollExecuteTaskStatusExecution] 5417dcc0-8ec9-404c-9f48-6c83c38b999b [2026-09-28T11:33:13.288600] Precompiling "src/gen/data/sap.capire.incidents-Incidents.conversation.hdbtabledata"... (STDOUT, APP/TASK/deploy)#
#2026 09 28 11:33:20.810#Z#DEBUG#2bb21052-bb30-11f1-a969-eeee0a843796.incident-management-db-deployer#flowable-async-job-executor-thread-41642#
[PollExecuteTaskStatusExecution] 5417dcc0-8ec9-404c-9f48-6c83c38b999b [2026-09-28T11:33:13.288602] Precompiling "src/gen/data/sap.capire.incidents-Incidents.conversation.hdbtabledata"... ok (0s 0ms) (STDOUT, APP/TASK/deploy)#
#2026 09 28 11:33:20.810#Z#DEBUG#2bb21052-bb30-11f1-a969-eeee0a843796.incident-management-db-deployer#flowable-async-job-executor-thread-41642#
[PollExecuteTaskStatusExecution] 5417dcc0-8ec9-404c-9f48-6c83c38b999b [2026-09-28T11:33:13.288605] Precompiling "src/gen/data/sap.capire.incidents-Incidents.conversation.hdbtabledata$0.expand"... (STDOUT, APP/TASK/deploy)#
#2026 09 28 11:33:20.810#Z#DEBUG#2bb21052-bb30-11f1-a969-eeee0a843796.incident-management-db-deployer#flowable-async-job-executor-thread-41642#
[PollExecuteTaskStatusExecution] 5417dcc0-8ec9-404c-9f48-6c83c38b999b [2026-09-28T11:33:13.288607] Expanded from "src/gen/data/sap.capire.incidents-Incidents.conversation.hdbtabledata" (STDOUT, APP/TASK/deploy)#
#2026 09 28 11:33:20.810#Z#DEBUG#2bb21052-bb30-11f1-a969-eeee0a843796.incident-management-db-deployer#flowable-async-job-executor-thread-41642#
[PollExecuteTaskStatusExecution] 5417dcc0-8ec9-404c-9f48-6c83c38b999b [2026-09-28T11:33:13.288610] Precompiling "src/gen/data/sap.capire.incidents-Incidents.conversation.csv"... ok (0s 1ms) (STDOUT, APP/TASK/deploy)#
#2026 09 28 11:33:20.810#Z#DEBUG#2bb21052-bb30-11f1-a969-eeee0a843796.incident-management-db-deployer#flowable-async-job-executor-thread-41642#
[PollExecuteTaskStatusExecution] 5417dcc0-8ec9-404c-9f48-6c83c38b999b [2026-09-28T11:33:13.288615] Precompiling "src/gen/data/sap.capire.incidents-Incidents.csv"... (STDOUT, APP/TASK/deploy)#
#2026 09 28 11:33:20.810#Z#DEBUG#2bb21052-bb30-11f1-a969-eeee0a843796.incident-management-db-deployer#flowable-async-job-executor-thread-41642#
[PollExecuteTaskStatusExecution] 5417dcc0-8ec9-404c-9f48-6c83c38b999b [2026-09-28T11:33:13.288617] Precompiling "src/gen/ProcessorService.Urgency_texts.hdbview"... ok (0s 7ms) (STDOUT, APP/TASK/deploy)#
#2026 09 28 11:33:20.810#Z#DEBUG#2bb21052-bb30-11f1-a969-eeee0a843796.incident-management-db-deployer#flowable-async-job-executor-thread-41642#
[PollExecuteTaskStatusExecution] 5417dcc0-8ec9-404c-9f48-6c83c38b999b [2026-09-28T11:33:13.288620] Precompiling "src/gen/data/sap.capire.incidents-Incidents.hdbtabledata"... (STDOUT, APP/TASK/deploy)#
#2026 09 28 11:33:20.810#Z#DEBUG#2bb21052-bb30-11f1-a969-eeee0a843796.incident-management-db-deployer#flowable-async-job-executor-thread-41642#
[PollExecuteTaskStatusExecution] 5417dcc0-8ec9-404c-9f48-6c83c38b999b [2026-09-28T11:33:13.288622] Precompiling "src/gen/data/sap.capire.incidents-Incidents.hdbtabledata"... ok (0s 0ms) (STDOUT, APP/TASK/deploy)#
#2026 09 28 11:33:20.810#Z#DEBUG#2bb21052-bb30-11f1-a969-eeee0a843796.incident-management-db-deployer#flowable-async-job-executor-thread-41642#
[PollExecuteTaskStatusExecution] 5417dcc0-8ec9-404c-9f48-6c83c38b999b [2026-09-28T11:33:13.288625] Precompiling "src/gen/data/sap.capire.incidents-Incidents.hdbtabledata$0.expand"... (STDOUT, APP/TASK/deploy)#
#2026 09 28 11:33:20.810#Z#DEBUG#2bb21052-bb30-11f1-a969-eeee0a843796.incident-management-db-deployer#flowable-async-job-executor-thread-41642#
[PollExecuteTaskStatusExecution] 5417dcc0-8ec9-404c-9f48-6c83c38b999b [2026-09-28T11:33:13.288628] Expanded from "src/gen/data/sap.capire.incidents-Incidents.hdbtabledata" (STDOUT, APP/TASK/deploy)#
#2026 09 28 11:33:20.810#Z#DEBUG#2bb21052-bb30-11f1-a969-eeee0a843796.incident-management-db-deployer#flowable-async-job-executor-thread-41642#
[PollExecuteTaskStatusExecution] 5417dcc0-8ec9-404c-9f48-6c83c38b999b [2026-09-28T11:33:13.288632] Precompiling "src/gen/data/sap.capire.incidents-Incidents.conversation.hdbtabledata$0.expand"... ok (0s 1ms) (STDOUT, APP/TASK/deploy)#
#2026 09 28 11:33:20.810#Z#DEBUG#2bb21052-bb30-11f1-a969-eeee0a843796.incident-management-db-deployer#flowable-async-job-executor-thread-41642#
[PollExecuteTaskStatusExecution] 5417dcc0-8ec9-404c-9f48-6c83c38b999b [2026-09-28T11:33:13.288635] Precompiling "src/gen/data/sap.capire.incidents-Incidents.csv"... ok (0s 1ms) (STDOUT, APP/TASK/deploy)#
#2026 09 28 11:33:20.810#Z#DEBUG#2bb21052-bb30-11f1-a969-eeee0a843796.incident-management-db-deployer#flowable-async-job-executor-thread-41642#
[PollExecuteTaskStatusExecution] 5417dcc0-8ec9-404c-9f48-6c83c38b999b [2026-09-28T11:33:13.288642] Precompiling "src/gen/data/sap.capire.incidents-Status.csv"... (STDOUT, APP/TASK/deploy)#
#2026 09 28 11:33:20.810#Z#DEBUG#2bb21052-bb30-11f1-a969-eeee0a843796.incident-management-db-deployer#flowable-async-job-executor-thread-41642#
[PollExecuteTaskStatusExecution] 5417dcc0-8ec9-404c-9f48-6c83c38b999b [2026-09-28T11:33:13.288645] Precompiling "src/gen/data/sap.capire.incidents-Status.hdbtabledata"... (STDOUT, APP/TASK/deploy)#
#2026 09 28 11:33:20.810#Z#DEBUG#2bb21052-bb30-11f1-a969-eeee0a843796.incident-management-db-deployer#flowable-async-job-executor-thread-41642#
[PollExecuteTaskStatusExecution] 5417dcc0-8ec9-404c-9f48-6c83c38b999b [2026-09-28T11:33:13.288648] Precompiling "src/gen/data/sap.capire.incidents-Status.hdbtabledata"... ok (0s 0ms) (STDOUT, APP/TASK/deploy)#
#2026 09 28 11:33:20.810#Z#DEBUG#2bb21052-bb30-11f1-a969-eeee0a843796.incident-management-db-deployer#flowable-async-job-executor-thread-41642#
[PollExecuteTaskStatusExecution] 5417dcc0-8ec9-404c-9f48-6c83c38b999b [2026-09-28T11:33:13.288651] Precompiling "src/gen/data/sap.capire.incidents-Status.hdbtabledata$0.expand"... (STDOUT, APP/TASK/deploy)#
#2026 09 28 11:33:20.810#Z#DEBUG#2bb21052-bb30-11f1-a969-eeee0a843796.incident-management-db-deployer#flowable-async-job-executor-thread-41642#
[PollExecuteTaskStatusExecution] 5417dcc0-8ec9-404c-9f48-6c83c38b999b [2026-09-28T11:33:13.288653] Expanded from "src/gen/data/sap.capire.incidents-Status.hdbtabledata" (STDOUT, APP/TASK/deploy)#
#2026 09 28 11:33:20.810#Z#DEBUG#2bb21052-bb30-11f1-a969-eeee0a843796.incident-management-db-deployer#flowable-async-job-executor-thread-41642#
[PollExecuteTaskStatusExecution] 5417dcc0-8ec9-404c-9f48-6c83c38b999b [2026-09-28T11:33:13.288655] Precompiling "src/gen/cds.outbox.Messages.hdbtable"... ok (0s 7ms) (STDOUT, APP/TASK/deploy)#
#2026 09 28 11:33:20.810#Z#DEBUG#2bb21052-bb30-11f1-a969-eeee0a843796.incident-management-db-deployer#flowable-async-job-executor-thread-41642#
[PollExecuteTaskStatusExecution] 5417dcc0-8ec9-404c-9f48-6c83c38b999b [2026-09-28T11:33:13.288662] Precompiling "src/gen/data/sap.capire.incidents-Status.texts.csv"... (STDOUT, APP/TASK/deploy)#
#2026 09 28 11:33:20.810#Z#DEBUG#2bb21052-bb30-11f1-a969-eeee0a843796.incident-management-db-deployer#flowable-async-job-executor-thread-41642#
[PollExecuteTaskStatusExecution] 5417dcc0-8ec9-404c-9f48-6c83c38b999b [2026-09-28T11:33:13.288664] Precompiling "src/gen/data/sap.capire.incidents-Incidents.hdbtabledata$0.expand"... ok (0s 1ms) (STDOUT, APP/TASK/deploy)#
#2026 09 28 11:33:20.810#Z#DEBUG#2bb21052-bb30-11f1-a969-eeee0a843796.incident-management-db-deployer#flowable-async-job-executor-thread-41642#
[PollExecuteTaskStatusExecution] 5417dcc0-8ec9-404c-9f48-6c83c38b999b [2026-09-28T11:33:13.288667] Precompiling "src/gen/data/sap.capire.incidents-Status.texts.hdbtabledata"... (STDOUT, APP/TASK/deploy)#
#2026 09 28 11:33:20.810#Z#DEBUG#2bb21052-bb30-11f1-a969-eeee0a843796.incident-management-db-deployer#flowable-async-job-executor-thread-41642#
[PollExecuteTaskStatusExecution] 5417dcc0-8ec9-404c-9f48-6c83c38b999b [2026-09-28T11:33:13.288669] Precompiling "src/gen/data/sap.capire.incidents-Status.texts.hdbtabledata"... ok (0s 0ms) (STDOUT, APP/TASK/deploy)#
#2026 09 28 11:33:20.810#Z#DEBUG#2bb21052-bb30-11f1-a969-eeee0a843796.incident-management-db-deployer#flowable-async-job-executor-thread-41642#
[PollExecuteTaskStatusExecution] 5417dcc0-8ec9-404c-9f48-6c83c38b999b [2026-09-28T11:33:13.288672] Precompiling "src/gen/data/sap.capire.incidents-Status.texts.hdbtabledata$0.expand"... (STDOUT, APP/TASK/deploy)#
#2026 09 28 11:33:20.810#Z#DEBUG#2bb21052-bb30-11f1-a969-eeee0a843796.incident-management-db-deployer#flowable-async-job-executor-thread-41642#
[PollExecuteTaskStatusExecution] 5417dcc0-8ec9-404c-9f48-6c83c38b999b [2026-09-28T11:33:13.288674] Expanded from "src/gen/data/sap.capire.incidents-Status.texts.hdbtabledata" (STDOUT, APP/TASK/deploy)#
#2026 09 28 11:33:20.810#Z#DEBUG#2bb21052-bb30-11f1-a969-eeee0a843796.incident-management-db-deployer#flowable-async-job-executor-thread-41642#
[PollExecuteTaskStatusExecution] 5417dcc0-8ec9-404c-9f48-6c83c38b999b [2026-09-28T11:33:13.289671] Precompiling "src/gen/data/sap.capire.incidents-Status.hdbtabledata$0.expand"... ok (0s 0ms) (STDOUT, APP/TASK/deploy)#
#2026 09 28 11:33:20.810#Z#DEBUG#2bb21052-bb30-11f1-a969-eeee0a843796.incident-management-db-deployer#flowable-async-job-executor-thread-41642#
[PollExecuteTaskStatusExecution] 5417dcc0-8ec9-404c-9f48-6c83c38b999b [2026-09-28T11:33:13.289711] Precompiling "src/gen/data/sap.capire.incidents-Urgency.csv"... (STDOUT, APP/TASK/deploy)#
#2026 09 28 11:33:20.810#Z#DEBUG#2bb21052-bb30-11f1-a969-eeee0a843796.incident-management-db-deployer#flowable-async-job-executor-thread-41642#
[PollExecuteTaskStatusExecution] 5417dcc0-8ec9-404c-9f48-6c83c38b999b [2026-09-28T11:33:13.289715] Precompiling "src/gen/data/sap.capire.incidents-Status.csv"... ok (0s 1ms) (STDOUT, APP/TASK/deploy)#
#2026 09 28 11:33:20.810#Z#DEBUG#2bb21052-bb30-11f1-a969-eeee0a843796.incident-management-db-deployer#flowable-async-job-executor-thread-41642#
[PollExecuteTaskStatusExecution] 5417dcc0-8ec9-404c-9f48-6c83c38b999b [2026-09-28T11:33:13.289720] Precompiling "src/gen/data/sap.capire.incidents-Urgency.hdbtabledata"... (STDOUT, APP/TASK/deploy)#
#2026 09 28 11:33:20.810#Z#DEBUG#2bb21052-bb30-11f1-a969-eeee0a843796.incident-management-db-deployer#flowable-async-job-executor-thread-41642#
[PollExecuteTaskStatusExecution] 5417dcc0-8ec9-404c-9f48-6c83c38b999b [2026-09-28T11:33:13.289723] Precompiling "src/gen/data/sap.capire.incidents-Urgency.hdbtabledata"... ok (0s 0ms) (STDOUT, APP/TASK/deploy)#
#2026 09 28 11:33:20.810#Z#DEBUG#2bb21052-bb30-11f1-a969-eeee0a843796.incident-management-db-deployer#flowable-async-job-executor-thread-41642#
[PollExecuteTaskStatusExecution] 5417dcc0-8ec9-404c-9f48-6c83c38b999b [2026-09-28T11:33:13.289725] Precompiling "src/gen/data/sap.capire.incidents-Urgency.hdbtabledata$0.expand"... (STDOUT, APP/TASK/deploy)#
#2026 09 28 11:33:20.810#Z#DEBUG#2bb21052-bb30-11f1-a969-eeee0a843796.incident-management-db-deployer#flowable-async-job-executor-thread-41642#
[PollExecuteTaskStatusExecution] 5417dcc0-8ec9-404c-9f48-6c83c38b999b [2026-09-28T11:33:13.289728] Expanded from "src/gen/data/sap.capire.incidents-Urgency.hdbtabledata" (STDOUT, APP/TASK/deploy)#
#2026 09 28 11:33:20.810#Z#DEBUG#2bb21052-bb30-11f1-a969-eeee0a843796.incident-management-db-deployer#flowable-async-job-executor-thread-41642#
[PollExecuteTaskStatusExecution] 5417dcc0-8ec9-404c-9f48-6c83c38b999b [2026-09-28T11:33:13.289730] Precompiling "src/gen/data/sap.capire.incidents-Status.texts.csv"... ok (0s 1ms) (STDOUT, APP/TASK/deploy)#
#2026 09 28 11:33:20.810#Z#DEBUG#2bb21052-bb30-11f1-a969-eeee0a843796.incident-management-db-deployer#flowable-async-job-executor-thread-41642#
[PollExecuteTaskStatusExecution] 5417dcc0-8ec9-404c-9f48-6c83c38b999b [2026-09-28T11:33:13.289732] Precompiling "src/gen/data/sap.capire.incidents-Urgency.texts.csv"... (STDOUT, APP/TASK/deploy)#
#2026 09 28 11:33:20.810#Z#DEBUG#2bb21052-bb30-11f1-a969-eeee0a843796.incident-management-db-deployer#flowable-async-job-executor-thread-41642#
[PollExecuteTaskStatusExecution] 5417dcc0-8ec9-404c-9f48-6c83c38b999b [2026-09-28T11:33:13.289735] Precompiling "src/gen/data/sap.capire.incidents-Status.texts.hdbtabledata$0.expand"... ok (0s 1ms) (STDOUT, APP/TASK/deploy)#
#2026 09 28 11:33:20.811#Z#DEBUG#2bb21052-bb30-11f1-a969-eeee0a843796.incident-management-db-deployer#flowable-async-job-executor-thread-41642#
[PollExecuteTaskStatusExecution] 5417dcc0-8ec9-404c-9f48-6c83c38b999b [2026-09-28T11:33:13.289740] Precompiling "src/gen/data/sap.capire.incidents-Urgency.texts.hdbtabledata"... (STDOUT, APP/TASK/deploy)#
#2026 09 28 11:33:20.811#Z#DEBUG#2bb21052-bb30-11f1-a969-eeee0a843796.incident-management-db-deployer#flowable-async-job-executor-thread-41642#
[PollExecuteTaskStatusExecution] 5417dcc0-8ec9-404c-9f48-6c83c38b999b [2026-09-28T11:33:13.289742] Precompiling "src/gen/data/sap.capire.incidents-Urgency.texts.hdbtabledata"... ok (0s 0ms) (STDOUT, APP/TASK/deploy)#
#2026 09 28 11:33:20.811#Z#DEBUG#2bb21052-bb30-11f1-a969-eeee0a843796.incident-management-db-deployer#flowable-async-job-executor-thread-41642#
[PollExecuteTaskStatusExecution] 5417dcc0-8ec9-404c-9f48-6c83c38b999b [2026-09-28T11:33:13.289747] Precompiling "src/gen/data/sap.capire.incidents-Urgency.texts.hdbtabledata$0.expand"... (STDOUT, APP/TASK/deploy)#
#2026 09 28 11:33:20.811#Z#DEBUG#2bb21052-bb30-11f1-a969-eeee0a843796.incident-management-db-deployer#flowable-async-job-executor-thread-41642#
[PollExecuteTaskStatusExecution] 5417dcc0-8ec9-404c-9f48-6c83c38b999b [2026-09-28T11:33:13.289749] Expanded from "src/gen/data/sap.capire.incidents-Urgency.texts.hdbtabledata" (STDOUT, APP/TASK/deploy)#
#2026 09 28 11:33:20.811#Z#DEBUG#2bb21052-bb30-11f1-a969-eeee0a843796.incident-management-db-deployer#flowable-async-job-executor-thread-41642#
[PollExecuteTaskStatusExecution] 5417dcc0-8ec9-404c-9f48-6c83c38b999b [2026-09-28T11:33:13.289752] Precompiling "src/gen/data/sap.capire.incidents-Urgency.csv"... ok (0s 1ms) (STDOUT, APP/TASK/deploy)#
#2026 09 28 11:33:20.811#Z#DEBUG#2bb21052-bb30-11f1-a969-eeee0a843796.incident-management-db-deployer#flowable-async-job-executor-thread-41642#
[PollExecuteTaskStatusExecution] 5417dcc0-8ec9-404c-9f48-6c83c38b999b [2026-09-28T11:33:13.289824] Precompiling "src/gen/data/sap.capire.incidents-Urgency.hdbtabledata$0.expand"... ok (0s 1ms) (STDOUT, APP/TASK/deploy)#
#2026 09 28 11:33:20.811#Z#DEBUG#2bb21052-bb30-11f1-a969-eeee0a843796.incident-management-db-deployer#flowable-async-job-executor-thread-41642#
[PollExecuteTaskStatusExecution] 5417dcc0-8ec9-404c-9f48-6c83c38b999b [2026-09-28T11:33:13.289834] Precompiling "src/gen/localized.AdminService.Status.hdbview"... (STDOUT, APP/TASK/deploy)#
#2026 09 28 11:33:20.811#Z#DEBUG#2bb21052-bb30-11f1-a969-eeee0a843796.incident-management-db-deployer#flowable-async-job-executor-thread-41642#
[PollExecuteTaskStatusExecution] 5417dcc0-8ec9-404c-9f48-6c83c38b999b [2026-09-28T11:33:13.289839] Precompiling "src/gen/localized.AdminService.Urgency.hdbview"... (STDOUT, APP/TASK/deploy)#
#2026 09 28 11:33:20.811#Z#DEBUG#2bb21052-bb30-11f1-a969-eeee0a843796.incident-management-db-deployer#flowable-async-job-executor-thread-41642#
[PollExecuteTaskStatusExecution] 5417dcc0-8ec9-404c-9f48-6c83c38b999b [2026-09-28T11:33:13.292581] Precompiling "src/gen/data/sap.capire.incidents-Urgency.texts.hdbtabledata$0.expand"... ok (0s 1ms) (STDOUT, APP/TASK/deploy)#
#2026 09 28 11:33:20.811#Z#DEBUG#2bb21052-bb30-11f1-a969-eeee0a843796.incident-management-db-deployer#flowable-async-job-executor-thread-41642#
[PollExecuteTaskStatusExecution] 5417dcc0-8ec9-404c-9f48-6c83c38b999b [2026-09-28T11:33:13.292594] Precompiling "src/gen/data/sap.capire.incidents-Urgency.texts.csv"... ok (0s 1ms) (STDOUT, APP/TASK/deploy)#
#2026 09 28 11:33:20.811#Z#DEBUG#2bb21052-bb30-11f1-a969-eeee0a843796.incident-management-db-deployer#flowable-async-job-executor-thread-41642#
[PollExecuteTaskStatusExecution] 5417dcc0-8ec9-404c-9f48-6c83c38b999b [2026-09-28T11:33:13.292597] Precompiling "src/gen/localized.ProcessorService.Status.hdbview"... (STDOUT, APP/TASK/deploy)#
#2026 09 28 11:33:20.811#Z#DEBUG#2bb21052-bb30-11f1-a969-eeee0a843796.incident-management-db-deployer#flowable-async-job-executor-thread-41642#
[PollExecuteTaskStatusExecution] 5417dcc0-8ec9-404c-9f48-6c83c38b999b [2026-09-28T11:33:13.292600] Precompiling "src/gen/localized.ProcessorService.Urgency.hdbview"... (STDOUT, APP/TASK/deploy)#
#2026 09 28 11:33:20.811#Z#DEBUG#2bb21052-bb30-11f1-a969-eeee0a843796.incident-management-db-deployer#flowable-async-job-executor-thread-41642#
[PollExecuteTaskStatusExecution] 5417dcc0-8ec9-404c-9f48-6c83c38b999b [2026-09-28T11:33:13.292607] Precompiling "src/gen/localized.AdminService.Status.hdbview"... ok (0s 7ms) (STDOUT, APP/TASK/deploy)#
#2026 09 28 11:33:20.811#Z#DEBUG#2bb21052-bb30-11f1-a969-eeee0a843796.incident-management-db-deployer#flowable-async-job-executor-thread-41642#
[PollExecuteTaskStatusExecution] 5417dcc0-8ec9-404c-9f48-6c83c38b999b [2026-09-28T11:33:13.292609] Precompiling "src/gen/localized.sap.capire.incidents.Status.hdbview"... (STDOUT, APP/TASK/deploy)#
#2026 09 28 11:33:20.811#Z#DEBUG#2bb21052-bb30-11f1-a969-eeee0a843796.incident-management-db-deployer#flowable-async-job-executor-thread-41642#
[PollExecuteTaskStatusExecution] 5417dcc0-8ec9-404c-9f48-6c83c38b999b [2026-09-28T11:33:13.292611] Precompiling "src/gen/localized.AdminService.Urgency.hdbview"... ok (0s 7ms) (STDOUT, APP/TASK/deploy)#
#2026 09 28 11:33:20.811#Z#DEBUG#2bb21052-bb30-11f1-a969-eeee0a843796.incident-management-db-deployer#flowable-async-job-executor-thread-41642#
[PollExecuteTaskStatusExecution] 5417dcc0-8ec9-404c-9f48-6c83c38b999b [2026-09-28T11:33:13.292613] Precompiling "src/gen/localized.sap.capire.incidents.Urgency.hdbview"... (STDOUT, APP/TASK/deploy)#
#2026 09 28 11:33:20.811#Z#DEBUG#2bb21052-bb30-11f1-a969-eeee0a843796.incident-management-db-deployer#flowable-async-job-executor-thread-41642#
[PollExecuteTaskStatusExecution] 5417dcc0-8ec9-404c-9f48-6c83c38b999b [2026-09-28T11:33:13.292615] Precompiling "src/gen/localized.ProcessorService.Status.hdbview"... ok (0s 7ms) (STDOUT, APP/TASK/deploy)#
#2026 09 28 11:33:20.811#Z#DEBUG#2bb21052-bb30-11f1-a969-eeee0a843796.incident-management-db-deployer#flowable-async-job-executor-thread-41642#
[PollExecuteTaskStatusExecution] 5417dcc0-8ec9-404c-9f48-6c83c38b999b [2026-09-28T11:33:13.292617] Precompiling "src/gen/sap.capire.incidents.Addresses.hdbtable"... (STDOUT, APP/TASK/deploy)#
#2026 09 28 11:33:20.811#Z#DEBUG#2bb21052-bb30-11f1-a969-eeee0a843796.incident-management-db-deployer#flowable-async-job-executor-thread-41642#
[PollExecuteTaskStatusExecution] 5417dcc0-8ec9-404c-9f48-6c83c38b999b [2026-09-28T11:33:13.292619] Precompiling "src/gen/localized.ProcessorService.Urgency.hdbview"... ok (0s 8ms) (STDOUT, APP/TASK/deploy)#
#2026 09 28 11:33:20.811#Z#DEBUG#2bb21052-bb30-11f1-a969-eeee0a843796.incident-management-db-deployer#flowable-async-job-executor-thread-41642#
[PollExecuteTaskStatusExecution] 5417dcc0-8ec9-404c-9f48-6c83c38b999b [2026-09-28T11:33:13.292621] Precompiling "src/gen/sap.capire.incidents.Customers.hdbtable"... (STDOUT, APP/TASK/deploy)#
#2026 09 28 11:33:20.811#Z#DEBUG#2bb21052-bb30-11f1-a969-eeee0a843796.incident-management-db-deployer#flowable-async-job-executor-thread-41642#
[PollExecuteTaskStatusExecution] 5417dcc0-8ec9-404c-9f48-6c83c38b999b [2026-09-28T11:33:13.292625] Precompiling "src/gen/localized.sap.capire.incidents.Status.hdbview"... ok (0s 8ms) (STDOUT, APP/TASK/deploy)#
#2026 09 28 11:33:20.811#Z#DEBUG#2bb21052-bb30-11f1-a969-eeee0a843796.incident-management-db-deployer#flowable-async-job-executor-thread-41642#
[PollExecuteTaskStatusExecution] 5417dcc0-8ec9-404c-9f48-6c83c38b999b [2026-09-28T11:33:13.292627] Precompiling "src/gen/sap.capire.incidents.Incidents.hdbtable"... (STDOUT, APP/TASK/deploy)#
#2026 09 28 11:33:20.811#Z#DEBUG#2bb21052-bb30-11f1-a969-eeee0a843796.incident-management-db-deployer#flowable-async-job-executor-thread-41642#
[PollExecuteTaskStatusExecution] 5417dcc0-8ec9-404c-9f48-6c83c38b999b [2026-09-28T11:33:13.292629] Precompiling "src/gen/localized.sap.capire.incidents.Urgency.hdbview"... ok (0s 8ms) (STDOUT, APP/TASK/deploy)#
#2026 09 28 11:33:20.811#Z#DEBUG#2bb21052-bb30-11f1-a969-eeee0a843796.incident-management-db-deployer#flowable-async-job-executor-thread-41642#
[PollExecuteTaskStatusExecution] 5417dcc0-8ec9-404c-9f48-6c83c38b999b [2026-09-28T11:33:13.292631] Precompiling "src/gen/sap.capire.incidents.Addresses.hdbtable"... ok (0s 7ms) (STDOUT, APP/TASK/deploy)#
#2026 09 28 11:33:20.811#Z#DEBUG#2bb21052-bb30-11f1-a969-eeee0a843796.incident-management-db-deployer#flowable-async-job-executor-thread-41642#
[PollExecuteTaskStatusExecution] 5417dcc0-8ec9-404c-9f48-6c83c38b999b [2026-09-28T11:33:13.292633] Precompiling "src/gen/sap.capire.incidents.Incidents_conversation.hdbtable"... (STDOUT, APP/TASK/deploy)#
#2026 09 28 11:33:20.811#Z#DEBUG#2bb21052-bb30-11f1-a969-eeee0a843796.incident-management-db-deployer#flowable-async-job-executor-thread-41642#
[PollExecuteTaskStatusExecution] 5417dcc0-8ec9-404c-9f48-6c83c38b999b [2026-09-28T11:33:13.292635] Precompiling "src/gen/sap.capire.incidents.Status.hdbtable"... (STDOUT, APP/TASK/deploy)#
#2026 09 28 11:33:20.811#Z#DEBUG#2bb21052-bb30-11f1-a969-eeee0a843796.incident-management-db-deployer#flowable-async-job-executor-thread-41642#
[PollExecuteTaskStatusExecution] 5417dcc0-8ec9-404c-9f48-6c83c38b999b [2026-09-28T11:33:13.292637] Precompiling "src/gen/sap.capire.incidents.Customers.hdbtable"... ok (0s 7ms) (STDOUT, APP/TASK/deploy)#
#2026 09 28 11:33:20.811#Z#DEBUG#2bb21052-bb30-11f1-a969-eeee0a843796.incident-management-db-deployer#flowable-async-job-executor-thread-41642#
[PollExecuteTaskStatusExecution] 5417dcc0-8ec9-404c-9f48-6c83c38b999b [2026-09-28T11:33:13.292639] Precompiling "src/gen/sap.capire.incidents.Status_texts.hdbtable"... (STDOUT, APP/TASK/deploy)#
#2026 09 28 11:33:20.811#Z#DEBUG#2bb21052-bb30-11f1-a969-eeee0a843796.incident-management-db-deployer#flowable-async-job-executor-thread-41642#
[PollExecuteTaskStatusExecution] 5417dcc0-8ec9-404c-9f48-6c83c38b999b [2026-09-28T11:33:13.292641] Precompiling "src/gen/sap.capire.incidents.Incidents.hdbtable"... ok (0s 6ms) (STDOUT, APP/TASK/deploy)#
#2026 09 28 11:33:20.811#Z#DEBUG#2bb21052-bb30-11f1-a969-eeee0a843796.incident-management-db-deployer#flowable-async-job-executor-thread-41642#
[PollExecuteTaskStatusExecution] 5417dcc0-8ec9-404c-9f48-6c83c38b999b [2026-09-28T11:33:13.292643] Precompiling "src/gen/sap.capire.incidents.Urgency.hdbtable"... (STDOUT, APP/TASK/deploy)#
#2026 09 28 11:33:20.811#Z#DEBUG#2bb21052-bb30-11f1-a969-eeee0a843796.incident-management-db-deployer#flowable-async-job-executor-thread-41642#
[PollExecuteTaskStatusExecution] 5417dcc0-8ec9-404c-9f48-6c83c38b999b [2026-09-28T11:33:13.292645] Precompiling "src/gen/sap.capire.incidents.Status_texts.hdbtable"... ok (0s 7ms) (STDOUT, APP/TASK/deploy)#
#2026 09 28 11:33:20.811#Z#DEBUG#2bb21052-bb30-11f1-a969-eeee0a843796.incident-management-db-deployer#flowable-async-job-executor-thread-41642#
[PollExecuteTaskStatusExecution] 5417dcc0-8ec9-404c-9f48-6c83c38b999b [2026-09-28T11:33:13.292647] Precompiling "src/gen/sap.capire.incidents.Urgency_texts.hdbtable"... (STDOUT, APP/TASK/deploy)#
#2026 09 28 11:33:20.811#Z#DEBUG#2bb21052-bb30-11f1-a969-eeee0a843796.incident-management-db-deployer#flowable-async-job-executor-thread-41642#
[PollExecuteTaskStatusExecution] 5417dcc0-8ec9-404c-9f48-6c83c38b999b [2026-09-28T11:33:13.292648] Precompiling "src/gen/sap.capire.incidents.Incidents_conversation.hdbtable"... ok (0s 7ms) (STDOUT, APP/TASK/deploy)#
#2026 09 28 11:33:20.811#Z#DEBUG#2bb21052-bb30-11f1-a969-eeee0a843796.incident-management-db-deployer#flowable-async-job-executor-thread-41642#
[PollExecuteTaskStatusExecution] 5417dcc0-8ec9-404c-9f48-6c83c38b999b [2026-09-28T11:33:13.292653] Precompiling "src/gen/sap.capire.incidents.Status.hdbtable"... ok (0s 7ms) (STDOUT, APP/TASK/deploy)#
#2026 09 28 11:33:20.811#Z#DEBUG#2bb21052-bb30-11f1-a969-eeee0a843796.incident-management-db-deployer#flowable-async-job-executor-thread-41642#
[PollExecuteTaskStatusExecution] 5417dcc0-8ec9-404c-9f48-6c83c38b999b [2026-09-28T11:33:13.292656] Precompiling "src/gen/sap.capire.incidents.Urgency.hdbtable"... ok (0s 4ms) (STDOUT, APP/TASK/deploy)#
#2026 09 28 11:33:20.811#Z#DEBUG#2bb21052-bb30-11f1-a969-eeee0a843796.incident-management-db-deployer#flowable-async-job-executor-thread-41642#
[PollExecuteTaskStatusExecution] 5417dcc0-8ec9-404c-9f48-6c83c38b999b [2026-09-28T11:33:13.292657] Precompiling "src/gen/sap.capire.incidents.Urgency_texts.hdbtable"... ok (0s 4ms) (STDOUT, APP/TASK/deploy)#
#2026 09 28 11:33:20.811#Z#DEBUG#2bb21052-bb30-11f1-a969-eeee0a843796.incident-management-db-deployer#flowable-async-job-executor-thread-41642#
[PollExecuteTaskStatusExecution] 5417dcc0-8ec9-404c-9f48-6c83c38b999b [2026-09-28T11:33:13.292660] Precompiling... ok (0s 112ms) (STDOUT, APP/TASK/deploy)#
#2026 09 28 11:33:20.811#Z#DEBUG#2bb21052-bb30-11f1-a969-eeee0a843796.incident-management-db-deployer#flowable-async-job-executor-thread-41642#
[PollExecuteTaskStatusExecution] 5417dcc0-8ec9-404c-9f48-6c83c38b999b [2026-09-28T11:33:13.292662] Merging... (STDOUT, APP/TASK/deploy)#
#2026 09 28 11:33:20.811#Z#DEBUG#2bb21052-bb30-11f1-a969-eeee0a843796.incident-management-db-deployer#flowable-async-job-executor-thread-41642#
[PollExecuteTaskStatusExecution] 5417dcc0-8ec9-404c-9f48-6c83c38b999b [2026-09-28T11:33:13.292664] Merging... ok (0s 17ms) (STDOUT, APP/TASK/deploy)#
#2026 09 28 11:33:20.811#Z#DEBUG#2bb21052-bb30-11f1-a969-eeee0a843796.incident-management-db-deployer#flowable-async-job-executor-thread-41642#
[PollExecuteTaskStatusExecution] 5417dcc0-8ec9-404c-9f48-6c83c38b999b [2026-09-28T11:33:13.292669] Calculating dependencies... ok (0s 281ms) (STDOUT, APP/TASK/deploy)#
#2026 09 28 11:33:20.811#Z#DEBUG#2bb21052-bb30-11f1-a969-eeee0a843796.incident-management-db-deployer#flowable-async-job-executor-thread-41642#
[PollExecuteTaskStatusExecution] 5417dcc0-8ec9-404c-9f48-6c83c38b999b [2026-09-28T11:33:13.292670] Processing work list... (STDOUT, APP/TASK/deploy)#
#2026 09 28 11:33:20.811#Z#DEBUG#2bb21052-bb30-11f1-a969-eeee0a843796.incident-management-db-deployer#flowable-async-job-executor-thread-41642#
[PollExecuteTaskStatusExecution] 5417dcc0-8ec9-404c-9f48-6c83c38b999b [2026-09-28T11:33:13.292672] Deploying "src/gen/DRAFT.DraftAdministrativeData.hdbtable"... (STDOUT, APP/TASK/deploy)#
#2026 09 28 11:33:20.811#Z#DEBUG#2bb21052-bb30-11f1-a969-eeee0a843796.incident-management-db-deployer#flowable-async-job-executor-thread-41642#
[PollExecuteTaskStatusExecution] 5417dcc0-8ec9-404c-9f48-6c83c38b999b [2026-09-28T11:33:13.292675] Deploying "src/gen/ProcessorService.Incidents_conversation_drafts.hdbtable"... (STDOUT, APP/TASK/deploy)#
#2026 09 28 11:33:20.811#Z#DEBUG#2bb21052-bb30-11f1-a969-eeee0a843796.incident-management-db-deployer#flowable-async-job-executor-thread-41642#
[PollExecuteTaskStatusExecution] 5417dcc0-8ec9-404c-9f48-6c83c38b999b [2026-09-28T11:33:13.292680] Deploying "src/gen/ProcessorService.Incidents_drafts.hdbtable"... (STDOUT, APP/TASK/deploy)#
#2026 09 28 11:33:20.811#Z#DEBUG#2bb21052-bb30-11f1-a969-eeee0a843796.incident-management-db-deployer#flowable-async-job-executor-thread-41642#
[PollExecuteTaskStatusExecution] 5417dcc0-8ec9-404c-9f48-6c83c38b999b [2026-09-28T11:33:14.302664] Deploying "src/gen/DRAFT.DraftAdministrativeData.hdbtable"... ok (0s 156ms) (STDOUT, APP/TASK/deploy)#
#2026 09 28 11:33:20.811#Z#DEBUG#2bb21052-bb30-11f1-a969-eeee0a843796.incident-management-db-deployer#flowable-async-job-executor-thread-41642#
[PollExecuteTaskStatusExecution] 5417dcc0-8ec9-404c-9f48-6c83c38b999b [2026-09-28T11:33:14.302694] Deploying "src/gen/ProcessorService.Incidents_conversation_drafts.hdbtable"... ok (0s 156ms) (STDOUT, APP/TASK/deploy)#
#2026 09 28 11:33:20.811#Z#DEBUG#2bb21052-bb30-11f1-a969-eeee0a843796.incident-management-db-deployer#flowable-async-job-executor-thread-41642#
[PollExecuteTaskStatusExecution] 5417dcc0-8ec9-404c-9f48-6c83c38b999b [2026-09-28T11:33:14.302698] Deploying "src/gen/cds.outbox.Messages.hdbtable"... (STDOUT, APP/TASK/deploy)#
#2026 09 28 11:33:20.811#Z#DEBUG#2bb21052-bb30-11f1-a969-eeee0a843796.incident-management-db-deployer#flowable-async-job-executor-thread-41642#
[PollExecuteTaskStatusExecution] 5417dcc0-8ec9-404c-9f48-6c83c38b999b [2026-09-28T11:33:14.302705] Deploying "src/gen/data/sap.capire.incidents-Addresses.csv"... (STDOUT, APP/TASK/deploy)#
#2026 09 28 11:33:20.811#Z#DEBUG#2bb21052-bb30-11f1-a969-eeee0a843796.incident-management-db-deployer#flowable-async-job-executor-thread-41642#
[PollExecuteTaskStatusExecution] 5417dcc0-8ec9-404c-9f48-6c83c38b999b [2026-09-28T11:33:14.302708] Deploying "src/gen/ProcessorService.Incidents_drafts.hdbtable"... ok (0s 164ms) (STDOUT, APP/TASK/deploy)#
#2026 09 28 11:33:20.811#Z#DEBUG#2bb21052-bb30-11f1-a969-eeee0a843796.incident-management-db-deployer#flowable-async-job-executor-thread-41642#
[PollExecuteTaskStatusExecution] 5417dcc0-8ec9-404c-9f48-6c83c38b999b [2026-09-28T11:33:14.302711] Deploying "src/gen/data/sap.capire.incidents-Addresses.hdbtabledata"... (STDOUT, APP/TASK/deploy)#
#2026 09 28 11:33:20.811#Z#DEBUG#2bb21052-bb30-11f1-a969-eeee0a843796.incident-management-db-deployer#flowable-async-job-executor-thread-41642#
[PollExecuteTaskStatusExecution] 5417dcc0-8ec9-404c-9f48-6c83c38b999b [2026-09-28T11:33:14.302714] Deploying "src/gen/data/sap.capire.incidents-Addresses.hdbtabledata"... ok (0s 0ms) (STDOUT, APP/TASK/deploy)#
#2026 09 28 11:33:20.811#Z#DEBUG#2bb21052-bb30-11f1-a969-eeee0a843796.incident-management-db-deployer#flowable-async-job-executor-thread-41642#
[PollExecuteTaskStatusExecution] 5417dcc0-8ec9-404c-9f48-6c83c38b999b [2026-09-28T11:33:14.302725] Deploying "src/gen/data/sap.capire.incidents-Customers.csv"... (STDOUT, APP/TASK/deploy)#
#2026 09 28 11:33:20.811#Z#DEBUG#2bb21052-bb30-11f1-a969-eeee0a843796.incident-management-db-deployer#flowable-async-job-executor-thread-41642#
[PollExecuteTaskStatusExecution] 5417dcc0-8ec9-404c-9f48-6c83c38b999b [2026-09-28T11:33:14.302728] Deploying "src/gen/data/sap.capire.incidents-Addresses.csv"... ok (0s 12ms) (STDOUT, APP/TASK/deploy)#
#2026 09 28 11:33:20.811#Z#DEBUG#2bb21052-bb30-11f1-a969-eeee0a843796.incident-management-db-deployer#flowable-async-job-executor-thread-41642#
[PollExecuteTaskStatusExecution] 5417dcc0-8ec9-404c-9f48-6c83c38b999b [2026-09-28T11:33:14.302730] Deploying "src/gen/data/sap.capire.incidents-Customers.hdbtabledata"... (STDOUT, APP/TASK/deploy)#
#2026 09 28 11:33:20.811#Z#DEBUG#2bb21052-bb30-11f1-a969-eeee0a843796.incident-management-db-deployer#flowable-async-job-executor-thread-41642#
[PollExecuteTaskStatusExecution] 5417dcc0-8ec9-404c-9f48-6c83c38b999b [2026-09-28T11:33:14.302732] Deploying "src/gen/data/sap.capire.incidents-Customers.hdbtabledata"... ok (0s 0ms) (STDOUT, APP/TASK/deploy)#
#2026 09 28 11:33:20.811#Z#DEBUG#2bb21052-bb30-11f1-a969-eeee0a843796.incident-management-db-deployer#flowable-async-job-executor-thread-41642#
[PollExecuteTaskStatusExecution] 5417dcc0-8ec9-404c-9f48-6c83c38b999b [2026-09-28T11:33:14.302735] Deploying "src/gen/data/sap.capire.incidents-Incidents.conversation.csv"... (STDOUT, APP/TASK/deploy)#
#2026 09 28 11:33:20.811#Z#DEBUG#2bb21052-bb30-11f1-a969-eeee0a843796.incident-management-db-deployer#flowable-async-job-executor-thread-41642#
[PollExecuteTaskStatusExecution] 5417dcc0-8ec9-404c-9f48-6c83c38b999b [2026-09-28T11:33:14.302737] Deploying "src/gen/data/sap.capire.incidents-Customers.csv"... ok (0s 7ms) (STDOUT, APP/TASK/deploy)#
#2026 09 28 11:33:20.811#Z#DEBUG#2bb21052-bb30-11f1-a969-eeee0a843796.incident-management-db-deployer#flowable-async-job-executor-thread-41642#
[PollExecuteTaskStatusExecution] 5417dcc0-8ec9-404c-9f48-6c83c38b999b [2026-09-28T11:33:14.302740] Deploying "src/gen/data/sap.capire.incidents-Incidents.conversation.hdbtabledata"... (STDOUT, APP/TASK/deploy)#
#2026 09 28 11:33:20.811#Z#DEBUG#2bb21052-bb30-11f1-a969-eeee0a843796.incident-management-db-deployer#flowable-async-job-executor-thread-41642#
[PollExecuteTaskStatusExecution] 5417dcc0-8ec9-404c-9f48-6c83c38b999b [2026-09-28T11:33:14.302743] Deploying "src/gen/data/sap.capire.incidents-Incidents.conversation.hdbtabledata"... ok (0s 0ms) (STDOUT, APP/TASK/deploy)#
#2026 09 28 11:33:20.811#Z#DEBUG#2bb21052-bb30-11f1-a969-eeee0a843796.incident-management-db-deployer#flowable-async-job-executor-thread-41642#
[PollExecuteTaskStatusExecution] 5417dcc0-8ec9-404c-9f48-6c83c38b999b [2026-09-28T11:33:14.302746] Deploying "src/gen/data/sap.capire.incidents-Incidents.csv"... (STDOUT, APP/TASK/deploy)#
#2026 09 28 11:33:20.811#Z#DEBUG#2bb21052-bb30-11f1-a969-eeee0a843796.incident-management-db-deployer#flowable-async-job-executor-thread-41642#
[PollExecuteTaskStatusExecution] 5417dcc0-8ec9-404c-9f48-6c83c38b999b [2026-09-28T11:33:14.302748] Deploying "src/gen/data/sap.capire.incidents-Incidents.conversation.csv"... ok (0s 5ms) (STDOUT, APP/TASK/deploy)#
#2026 09 28 11:33:20.811#Z#DEBUG#2bb21052-bb30-11f1-a969-eeee0a843796.incident-management-db-deployer#flowable-async-job-executor-thread-41642#
[PollExecuteTaskStatusExecution] 5417dcc0-8ec9-404c-9f48-6c83c38b999b [2026-09-28T11:33:14.302750] Deploying "src/gen/cds.outbox.Messages.hdbtable"... ok (0s 17ms) (STDOUT, APP/TASK/deploy)#
#2026 09 28 11:33:20.811#Z#DEBUG#2bb21052-bb30-11f1-a969-eeee0a843796.incident-management-db-deployer#flowable-async-job-executor-thread-41642#
[PollExecuteTaskStatusExecution] 5417dcc0-8ec9-404c-9f48-6c83c38b999b [2026-09-28T11:33:14.302753] Deploying "src/gen/data/sap.capire.incidents-Incidents.hdbtabledata"... (STDOUT, APP/TASK/deploy)#
#2026 09 28 11:33:20.811#Z#DEBUG#2bb21052-bb30-11f1-a969-eeee0a843796.incident-management-db-deployer#flowable-async-job-executor-thread-41642#
[PollExecuteTaskStatusExecution] 5417dcc0-8ec9-404c-9f48-6c83c38b999b [2026-09-28T11:33:14.302755] Deploying "src/gen/data/sap.capire.incidents-Incidents.hdbtabledata"... ok (0s 0ms) (STDOUT, APP/TASK/deploy)#
#2026 09 28 11:33:20.811#Z#DEBUG#2bb21052-bb30-11f1-a969-eeee0a843796.incident-management-db-deployer#flowable-async-job-executor-thread-41642#
[PollExecuteTaskStatusExecution] 5417dcc0-8ec9-404c-9f48-6c83c38b999b [2026-09-28T11:33:14.302757] Deploying "src/gen/data/sap.capire.incidents-Status.csv"... (STDOUT, APP/TASK/deploy)#
#2026 09 28 11:33:20.811#Z#DEBUG#2bb21052-bb30-11f1-a969-eeee0a843796.incident-management-db-deployer#flowable-async-job-executor-thread-41642#
[PollExecuteTaskStatusExecution] 5417dcc0-8ec9-404c-9f48-6c83c38b999b [2026-09-28T11:33:14.302761] Deploying "src/gen/data/sap.capire.incidents-Status.hdbtabledata"... (STDOUT, APP/TASK/deploy)#
#2026 09 28 11:33:20.811#Z#DEBUG#2bb21052-bb30-11f1-a969-eeee0a843796.incident-management-db-deployer#flowable-async-job-executor-thread-41642#
[PollExecuteTaskStatusExecution] 5417dcc0-8ec9-404c-9f48-6c83c38b999b [2026-09-28T11:33:14.302768] Deploying "src/gen/data/sap.capire.incidents-Status.hdbtabledata"... ok (0s 0ms) (STDOUT, APP/TASK/deploy)#
#2026 09 28 11:33:20.811#Z#DEBUG#2bb21052-bb30-11f1-a969-eeee0a843796.incident-management-db-deployer#flowable-async-job-executor-thread-41642#
[PollExecuteTaskStatusExecution] 5417dcc0-8ec9-404c-9f48-6c83c38b999b [2026-09-28T11:33:14.302770] Deploying "src/gen/data/sap.capire.incidents-Status.texts.csv"... (STDOUT, APP/TASK/deploy)#
#2026 09 28 11:33:20.811#Z#DEBUG#2bb21052-bb30-11f1-a969-eeee0a843796.incident-management-db-deployer#flowable-async-job-executor-thread-41642#
[PollExecuteTaskStatusExecution] 5417dcc0-8ec9-404c-9f48-6c83c38b999b [2026-09-28T11:33:14.302773] Deploying "src/gen/data/sap.capire.incidents-Incidents.csv"... ok (0s 2ms) (STDOUT, APP/TASK/deploy)#
#2026 09 28 11:33:20.811#Z#DEBUG#2bb21052-bb30-11f1-a969-eeee0a843796.incident-management-db-deployer#flowable-async-job-executor-thread-41642#
[PollExecuteTaskStatusExecution] 5417dcc0-8ec9-404c-9f48-6c83c38b999b [2026-09-28T11:33:14.302775] Deploying "src/gen/data/sap.capire.incidents-Status.texts.hdbtabledata"... (STDOUT, APP/TASK/deploy)#
#2026 09 28 11:33:20.811#Z#DEBUG#2bb21052-bb30-11f1-a969-eeee0a843796.incident-management-db-deployer#flowable-async-job-executor-thread-41642#
[PollExecuteTaskStatusExecution] 5417dcc0-8ec9-404c-9f48-6c83c38b999b [2026-09-28T11:33:14.302778] Deploying "src/gen/data/sap.capire.incidents-Status.texts.hdbtabledata"... ok (0s 0ms) (STDOUT, APP/TASK/deploy)#
#2026 09 28 11:33:20.811#Z#DEBUG#2bb21052-bb30-11f1-a969-eeee0a843796.incident-management-db-deployer#flowable-async-job-executor-thread-41642#
[PollExecuteTaskStatusExecution] 5417dcc0-8ec9-404c-9f48-6c83c38b999b [2026-09-28T11:33:14.302780] Deploying "src/gen/data/sap.capire.incidents-Urgency.csv"... (STDOUT, APP/TASK/deploy)#
#2026 09 28 11:33:20.811#Z#DEBUG#2bb21052-bb30-11f1-a969-eeee0a843796.incident-management-db-deployer#flowable-async-job-executor-thread-41642#
[PollExecuteTaskStatusExecution] 5417dcc0-8ec9-404c-9f48-6c83c38b999b [2026-09-28T11:33:14.302785] Deploying "src/gen/data/sap.capire.incidents-Status.texts.csv"... ok (0s 2ms) (STDOUT, APP/TASK/deploy)#
#2026 09 28 11:33:20.811#Z#DEBUG#2bb21052-bb30-11f1-a969-eeee0a843796.incident-management-db-deployer#flowable-async-job-executor-thread-41642#
[PollExecuteTaskStatusExecution] 5417dcc0-8ec9-404c-9f48-6c83c38b999b [2026-09-28T11:33:14.302788] Deploying "src/gen/data/sap.capire.incidents-Urgency.hdbtabledata"... (STDOUT, APP/TASK/deploy)#
#2026 09 28 11:33:20.811#Z#DEBUG#2bb21052-bb30-11f1-a969-eeee0a843796.incident-management-db-deployer#flowable-async-job-executor-thread-41642#
[PollExecuteTaskStatusExecution] 5417dcc0-8ec9-404c-9f48-6c83c38b999b [2026-09-28T11:33:14.302790] Deploying "src/gen/data/sap.capire.incidents-Urgency.hdbtabledata"... ok (0s 0ms) (STDOUT, APP/TASK/deploy)#
#2026 09 28 11:33:20.811#Z#DEBUG#2bb21052-bb30-11f1-a969-eeee0a843796.incident-management-db-deployer#flowable-async-job-executor-thread-41642#
[PollExecuteTaskStatusExecution] 5417dcc0-8ec9-404c-9f48-6c83c38b999b [2026-09-28T11:33:14.302793] Deploying "src/gen/data/sap.capire.incidents-Urgency.texts.csv"... (STDOUT, APP/TASK/deploy)#
#2026 09 28 11:33:20.811#Z#DEBUG#2bb21052-bb30-11f1-a969-eeee0a843796.incident-management-db-deployer#flowable-async-job-executor-thread-41642#
[PollExecuteTaskStatusExecution] 5417dcc0-8ec9-404c-9f48-6c83c38b999b [2026-09-28T11:33:14.302795] Deploying "src/gen/data/sap.capire.incidents-Status.csv"... ok (0s 3ms) (STDOUT, APP/TASK/deploy)#
#2026 09 28 11:33:20.811#Z#DEBUG#2bb21052-bb30-11f1-a969-eeee0a843796.incident-management-db-deployer#flowable-async-job-executor-thread-41642#
[PollExecuteTaskStatusExecution] 5417dcc0-8ec9-404c-9f48-6c83c38b999b [2026-09-28T11:33:14.302797] Deploying "src/gen/data/sap.capire.incidents-Urgency.texts.hdbtabledata"... (STDOUT, APP/TASK/deploy)#
#2026 09 28 11:33:20.811#Z#DEBUG#2bb21052-bb30-11f1-a969-eeee0a843796.incident-management-db-deployer#flowable-async-job-executor-thread-41642#
[PollExecuteTaskStatusExecution] 5417dcc0-8ec9-404c-9f48-6c83c38b999b [2026-09-28T11:33:14.302800] Deploying "src/gen/data/sap.capire.incidents-Urgency.texts.hdbtabledata"... ok (0s 0ms) (STDOUT, APP/TASK/deploy)#
#2026 09 28 11:33:20.811#Z#DEBUG#2bb21052-bb30-11f1-a969-eeee0a843796.incident-management-db-deployer#flowable-async-job-executor-thread-41642#
[PollExecuteTaskStatusExecution] 5417dcc0-8ec9-404c-9f48-6c83c38b999b [2026-09-28T11:33:14.302803] Deploying "src/gen/sap.capire.incidents.Addresses.hdbtable"... (STDOUT, APP/TASK/deploy)#
#2026 09 28 11:33:20.811#Z#DEBUG#2bb21052-bb30-11f1-a969-eeee0a843796.incident-management-db-deployer#flowable-async-job-executor-thread-41642#
[PollExecuteTaskStatusExecution] 5417dcc0-8ec9-404c-9f48-6c83c38b999b [2026-09-28T11:33:14.302805] Deploying "src/gen/data/sap.capire.incidents-Urgency.csv"... ok (0s 2ms) (STDOUT, APP/TASK/deploy)#
#2026 09 28 11:33:20.811#Z#DEBUG#2bb21052-bb30-11f1-a969-eeee0a843796.incident-management-db-deployer#flowable-async-job-executor-thread-41642#
[PollExecuteTaskStatusExecution] 5417dcc0-8ec9-404c-9f48-6c83c38b999b [2026-09-28T11:33:14.302807] Deploying "src/gen/sap.capire.incidents.Customers.hdbtable"... (STDOUT, APP/TASK/deploy)#
#2026 09 28 11:33:20.811#Z#DEBUG#2bb21052-bb30-11f1-a969-eeee0a843796.incident-management-db-deployer#flowable-async-job-executor-thread-41642#
[PollExecuteTaskStatusExecution] 5417dcc0-8ec9-404c-9f48-6c83c38b999b [2026-09-28T11:33:14.302809] Deploying "src/gen/data/sap.capire.incidents-Urgency.texts.csv"... ok (0s 1ms) (STDOUT, APP/TASK/deploy)#
#2026 09 28 11:33:20.811#Z#DEBUG#2bb21052-bb30-11f1-a969-eeee0a843796.incident-management-db-deployer#flowable-async-job-executor-thread-41642#
[PollExecuteTaskStatusExecution] 5417dcc0-8ec9-404c-9f48-6c83c38b999b [2026-09-28T11:33:14.302812] Deploying "src/gen/sap.capire.incidents.Incidents.hdbtable"... (STDOUT, APP/TASK/deploy)#
#2026 09 28 11:33:20.811#Z#DEBUG#2bb21052-bb30-11f1-a969-eeee0a843796.incident-management-db-deployer#flowable-async-job-executor-thread-41642#
[PollExecuteTaskStatusExecution] 5417dcc0-8ec9-404c-9f48-6c83c38b999b [2026-09-28T11:33:14.302814] Deploying "src/gen/sap.capire.incidents.Addresses.hdbtable"... ok (0s 19ms) (STDOUT, APP/TASK/deploy)#
#2026 09 28 11:33:20.811#Z#DEBUG#2bb21052-bb30-11f1-a969-eeee0a843796.incident-management-db-deployer#flowable-async-job-executor-thread-41642#
[PollExecuteTaskStatusExecution] 5417dcc0-8ec9-404c-9f48-6c83c38b999b [2026-09-28T11:33:14.302816] Deploying "src/gen/sap.capire.incidents.Customers.hdbtable"... ok (0s 18ms) (STDOUT, APP/TASK/deploy)#
#2026 09 28 11:33:20.811#Z#DEBUG#2bb21052-bb30-11f1-a969-eeee0a843796.incident-management-db-deployer#flowable-async-job-executor-thread-41642#
[PollExecuteTaskStatusExecution] 5417dcc0-8ec9-404c-9f48-6c83c38b999b [2026-09-28T11:33:14.302818] Deploying "src/gen/sap.capire.incidents.Incidents_conversation.hdbtable"... (STDOUT, APP/TASK/deploy)#
#2026 09 28 11:33:20.811#Z#DEBUG#2bb21052-bb30-11f1-a969-eeee0a843796.incident-management-db-deployer#flowable-async-job-executor-thread-41642#
[PollExecuteTaskStatusExecution] 5417dcc0-8ec9-404c-9f48-6c83c38b999b [2026-09-28T11:33:14.302821] Deploying "src/gen/sap.capire.incidents.Status.hdbtable"... (STDOUT, APP/TASK/deploy)#
#2026 09 28 11:33:20.811#Z#DEBUG#2bb21052-bb30-11f1-a969-eeee0a843796.incident-management-db-deployer#flowable-async-job-executor-thread-41642#
[PollExecuteTaskStatusExecution] 5417dcc0-8ec9-404c-9f48-6c83c38b999b [2026-09-28T11:33:14.302823] Deploying "src/gen/sap.capire.incidents.Incidents.hdbtable"... ok (0s 19ms) (STDOUT, APP/TASK/deploy)#
#2026 09 28 11:33:20.811#Z#DEBUG#2bb21052-bb30-11f1-a969-eeee0a843796.incident-management-db-deployer#flowable-async-job-executor-thread-41642#
[PollExecuteTaskStatusExecution] 5417dcc0-8ec9-404c-9f48-6c83c38b999b [2026-09-28T11:33:14.302825] Deploying "src/gen/sap.capire.incidents.Status_texts.hdbtable"... (STDOUT, APP/TASK/deploy)#
#2026 09 28 11:33:20.811#Z#DEBUG#2bb21052-bb30-11f1-a969-eeee0a843796.incident-management-db-deployer#flowable-async-job-executor-thread-41642#
[PollExecuteTaskStatusExecution] 5417dcc0-8ec9-404c-9f48-6c83c38b999b [2026-09-28T11:33:14.302827] Deploying "src/gen/sap.capire.incidents.Status_texts.hdbtable"... ok (0s 13ms) (STDOUT, APP/TASK/deploy)#
#2026 09 28 11:33:20.811#Z#DEBUG#2bb21052-bb30-11f1-a969-eeee0a843796.incident-management-db-deployer#flowable-async-job-executor-thread-41642#
[PollExecuteTaskStatusExecution] 5417dcc0-8ec9-404c-9f48-6c83c38b999b [2026-09-28T11:33:14.302830] Deploying "src/gen/sap.capire.incidents.Urgency.hdbtable"... (STDOUT, APP/TASK/deploy)#
#2026 09 28 11:33:20.811#Z#DEBUG#2bb21052-bb30-11f1-a969-eeee0a843796.incident-management-db-deployer#flowable-async-job-executor-thread-41642#
[PollExecuteTaskStatusExecution] 5417dcc0-8ec9-404c-9f48-6c83c38b999b [2026-09-28T11:33:14.302834] Deploying "src/gen/sap.capire.incidents.Status.hdbtable"... ok (0s 19ms) (STDOUT, APP/TASK/deploy)#
#2026 09 28 11:33:20.811#Z#DEBUG#2bb21052-bb30-11f1-a969-eeee0a843796.incident-management-db-deployer#flowable-async-job-executor-thread-41642#
[PollExecuteTaskStatusExecution] 5417dcc0-8ec9-404c-9f48-6c83c38b999b [2026-09-28T11:33:14.302841] Deploying "src/gen/sap.capire.incidents.Urgency_texts.hdbtable"... (STDOUT, APP/TASK/deploy)#
#2026 09 28 11:33:20.811#Z#DEBUG#2bb21052-bb30-11f1-a969-eeee0a843796.incident-management-db-deployer#flowable-async-job-executor-thread-41642#
[PollExecuteTaskStatusExecution] 5417dcc0-8ec9-404c-9f48-6c83c38b999b [2026-09-28T11:33:14.302843] Deploying "src/gen/sap.capire.incidents.Incidents_conversation.hdbtable"... ok (0s 21ms) (STDOUT, APP/TASK/deploy)#
#2026 09 28 11:33:20.811#Z#DEBUG#2bb21052-bb30-11f1-a969-eeee0a843796.incident-management-db-deployer#flowable-async-job-executor-thread-41642#
[PollExecuteTaskStatusExecution] 5417dcc0-8ec9-404c-9f48-6c83c38b999b [2026-09-28T11:33:14.302845] Deploying "src/gen/ProcessorService.DraftAdministrativeData.hdbview"... (STDOUT, APP/TASK/deploy)#
#2026 09 28 11:33:20.811#Z#DEBUG#2bb21052-bb30-11f1-a969-eeee0a843796.incident-management-db-deployer#flowable-async-job-executor-thread-41642#
[PollExecuteTaskStatusExecution] 5417dcc0-8ec9-404c-9f48-6c83c38b999b [2026-09-28T11:33:14.302856] Deploying "src/gen/sap.capire.incidents.Urgency.hdbtable"... ok (0s 23ms) (STDOUT, APP/TASK/deploy)#
#2026 09 28 11:33:20.811#Z#DEBUG#2bb21052-bb30-11f1-a969-eeee0a843796.incident-management-db-deployer#flowable-async-job-executor-thread-41642#
[PollExecuteTaskStatusExecution] 5417dcc0-8ec9-404c-9f48-6c83c38b999b [2026-09-28T11:33:14.302861] Deploying "src/gen/data/sap.capire.incidents-Addresses.hdbtabledata$0.expand"... (STDOUT, APP/TASK/deploy)#
#2026 09 28 11:33:20.811#Z#DEBUG#2bb21052-bb30-11f1-a969-eeee0a843796.incident-management-db-deployer#flowable-async-job-executor-thread-41642#
[PollExecuteTaskStatusExecution] 5417dcc0-8ec9-404c-9f48-6c83c38b999b [2026-09-28T11:33:14.302864] Expanded from "src/gen/data/sap.capire.incidents-Addresses.hdbtabledata" (STDOUT, APP/TASK/deploy)#
#2026 09 28 11:33:20.811#Z#DEBUG#2bb21052-bb30-11f1-a969-eeee0a843796.incident-management-db-deployer#flowable-async-job-executor-thread-41642#
[PollExecuteTaskStatusExecution] 5417dcc0-8ec9-404c-9f48-6c83c38b999b [2026-09-28T11:33:14.302866] Deploying "src/gen/sap.capire.incidents.Urgency_texts.hdbtable"... ok (0s 46ms) (STDOUT, APP/TASK/deploy)#
#2026 09 28 11:33:20.811#Z#DEBUG#2bb21052-bb30-11f1-a969-eeee0a843796.incident-management-db-deployer#flowable-async-job-executor-thread-41642#
[PollExecuteTaskStatusExecution] 5417dcc0-8ec9-404c-9f48-6c83c38b999b [2026-09-28T11:33:14.302868] Deploying "src/gen/data/sap.capire.incidents-Customers.hdbtabledata$0.expand"... (STDOUT, APP/TASK/deploy)#
#2026 09 28 11:33:20.811#Z#DEBUG#2bb21052-bb30-11f1-a969-eeee0a843796.incident-management-db-deployer#flowable-async-job-executor-thread-41642#
[PollExecuteTaskStatusExecution] 5417dcc0-8ec9-404c-9f48-6c83c38b999b [2026-09-28T11:33:14.302870] Expanded from "src/gen/data/sap.capire.incidents-Customers.hdbtabledata" (STDOUT, APP/TASK/deploy)#
#2026 09 28 11:33:20.811#Z#DEBUG#2bb21052-bb30-11f1-a969-eeee0a843796.incident-management-db-deployer#flowable-async-job-executor-thread-41642#
[PollExecuteTaskStatusExecution] 5417dcc0-8ec9-404c-9f48-6c83c38b999b [2026-09-28T11:33:14.302872] Deploying "src/gen/ProcessorService.DraftAdministrativeData.hdbview"... ok (0s 45ms) (STDOUT, APP/TASK/deploy)#
#2026 09 28 11:33:20.811#Z#DEBUG#2bb21052-bb30-11f1-a969-eeee0a843796.incident-management-db-deployer#flowable-async-job-executor-thread-41642#
[PollExecuteTaskStatusExecution] 5417dcc0-8ec9-404c-9f48-6c83c38b999b [2026-09-28T11:33:14.302877] Deploying "src/gen/data/sap.capire.incidents-Incidents.hdbtabledata$0.expand"... (STDOUT, APP/TASK/deploy)#
#2026 09 28 11:33:20.811#Z#DEBUG#2bb21052-bb30-11f1-a969-eeee0a843796.incident-management-db-deployer#flowable-async-job-executor-thread-41642#
[PollExecuteTaskStatusExecution] 5417dcc0-8ec9-404c-9f48-6c83c38b999b [2026-09-28T11:33:14.302879] Expanded from "src/gen/data/sap.capire.incidents-Incidents.hdbtabledata" (STDOUT, APP/TASK/deploy)#
#2026 09 28 11:33:20.811#Z#DEBUG#2bb21052-bb30-11f1-a969-eeee0a843796.incident-management-db-deployer#flowable-async-job-executor-thread-41642#
[PollExecuteTaskStatusExecution] 5417dcc0-8ec9-404c-9f48-6c83c38b999b [2026-09-28T11:33:14.302882] Inserted 3 records of the data source file "sap.capire.incidents-Addresses.csv" into the target table "SAP_CAPIRE_INCIDENTS_ADDRESSES" (STDOUT, APP/TASK/deploy)#
#2026 09 28 11:33:20.811#Z#DEBUG#2bb21052-bb30-11f1-a969-eeee0a843796.incident-management-db-deployer#flowable-async-job-executor-thread-41642#
[PollExecuteTaskStatusExecution] 5417dcc0-8ec9-404c-9f48-6c83c38b999b [2026-09-28T11:33:14.302884] Deploying "src/gen/data/sap.capire.incidents-Addresses.hdbtabledata$0.expand"... ok (0s 428ms) (STDOUT, APP/TASK/deploy)#
#2026 09 28 11:33:20.811#Z#DEBUG#2bb21052-bb30-11f1-a969-eeee0a843796.incident-management-db-deployer#flowable-async-job-executor-thread-41642#
[PollExecuteTaskStatusExecution] 5417dcc0-8ec9-404c-9f48-6c83c38b999b [2026-09-28T11:33:14.302888] Deploying "src/gen/data/sap.capire.incidents-Status.texts.hdbtabledata$0.expand"... (STDOUT, APP/TASK/deploy)#
#2026 09 28 11:33:20.811#Z#DEBUG#2bb21052-bb30-11f1-a969-eeee0a843796.incident-management-db-deployer#flowable-async-job-executor-thread-41642#
[PollExecuteTaskStatusExecution] 5417dcc0-8ec9-404c-9f48-6c83c38b999b [2026-09-28T11:33:14.302890] Expanded from "src/gen/data/sap.capire.incidents-Status.texts.hdbtabledata" (STDOUT, APP/TASK/deploy)#
#2026 09 28 11:33:20.811#Z#DEBUG#2bb21052-bb30-11f1-a969-eeee0a843796.incident-management-db-deployer#flowable-async-job-executor-thread-41642#
[PollExecuteTaskStatusExecution] 5417dcc0-8ec9-404c-9f48-6c83c38b999b [2026-09-28T11:33:14.302892] Inserted 4 records of the data source file "sap.capire.incidents-Incidents.csv" into the target table "SAP_CAPIRE_INCIDENTS_INCIDENTS" (STDOUT, APP/TASK/deploy)#
#2026 09 28 11:33:20.811#Z#DEBUG#2bb21052-bb30-11f1-a969-eeee0a843796.incident-management-db-deployer#flowable-async-job-executor-thread-41642#
[PollExecuteTaskStatusExecution] 5417dcc0-8ec9-404c-9f48-6c83c38b999b [2026-09-28T11:33:14.302895] Deploying "src/gen/data/sap.capire.incidents-Incidents.hdbtabledata$0.expand"... ok (0s 404ms) (STDOUT, APP/TASK/deploy)#
#2026 09 28 11:33:20.811#Z#DEBUG#2bb21052-bb30-11f1-a969-eeee0a843796.incident-management-db-deployer#flowable-async-job-executor-thread-41642#
[PollExecuteTaskStatusExecution] 5417dcc0-8ec9-404c-9f48-6c83c38b999b [2026-09-28T11:33:14.302897] Deploying "src/gen/data/sap.capire.incidents-Status.hdbtabledata$0.expand"... (STDOUT, APP/TASK/deploy)#
#2026 09 28 11:33:20.811#Z#DEBUG#2bb21052-bb30-11f1-a969-eeee0a843796.incident-management-db-deployer#flowable-async-job-executor-thread-41642#
[PollExecuteTaskStatusExecution] 5417dcc0-8ec9-404c-9f48-6c83c38b999b [2026-09-28T11:33:14.302900] Expanded from "src/gen/data/sap.capire.incidents-Status.hdbtabledata" (STDOUT, APP/TASK/deploy)#
#2026 09 28 11:33:20.811#Z#DEBUG#2bb21052-bb30-11f1-a969-eeee0a843796.incident-management-db-deployer#flowable-async-job-executor-thread-41642#
[PollExecuteTaskStatusExecution] 5417dcc0-8ec9-404c-9f48-6c83c38b999b [2026-09-28T11:33:14.302902] Inserted 3 records of the data source file "sap.capire.incidents-Customers.csv" into the target table "SAP_CAPIRE_INCIDENTS_CUSTOMERS" (STDOUT, APP/TASK/deploy)#
#2026 09 28 11:33:20.811#Z#DEBUG#2bb21052-bb30-11f1-a969-eeee0a843796.incident-management-db-deployer#flowable-async-job-executor-thread-41642#
[PollExecuteTaskStatusExecution] 5417dcc0-8ec9-404c-9f48-6c83c38b999b [2026-09-28T11:33:14.302907] Deploying "src/gen/data/sap.capire.incidents-Customers.hdbtabledata$0.expand"... ok (0s 406ms) (STDOUT, APP/TASK/deploy)#
#2026 09 28 11:33:20.811#Z#DEBUG#2bb21052-bb30-11f1-a969-eeee0a843796.incident-management-db-deployer#flowable-async-job-executor-thread-41642#
[PollExecuteTaskStatusExecution] 5417dcc0-8ec9-404c-9f48-6c83c38b999b [2026-09-28T11:33:14.302912] Deploying "src/gen/data/sap.capire.incidents-Incidents.conversation.hdbtabledata$0.expand"... (STDOUT, APP/TASK/deploy)#
#2026 09 28 11:33:20.811#Z#DEBUG#2bb21052-bb30-11f1-a969-eeee0a843796.incident-management-db-deployer#flowable-async-job-executor-thread-41642#
[PollExecuteTaskStatusExecution] 5417dcc0-8ec9-404c-9f48-6c83c38b999b [2026-09-28T11:33:14.302916] Expanded from "src/gen/data/sap.capire.incidents-Incidents.conversation.hdbtabledata" (STDOUT, APP/TASK/deploy)#
#2026 09 28 11:33:20.811#Z#DEBUG#2bb21052-bb30-11f1-a969-eeee0a843796.incident-management-db-deployer#flowable-async-job-executor-thread-41642#
[PollExecuteTaskStatusExecution] 5417dcc0-8ec9-404c-9f48-6c83c38b999b [2026-09-28T11:33:14.302920] Inserted 0 records of the data source file "sap.capire.incidents-Status.texts.csv" into the target table "SAP_CAPIRE_INCIDENTS_STATUS_TEXTS" (STDOUT, APP/TASK/deploy)#
#2026 09 28 11:33:20.811#Z#DEBUG#2bb21052-bb30-11f1-a969-eeee0a843796.incident-management-db-deployer#flowable-async-job-executor-thread-41642#
[PollExecuteTaskStatusExecution] 5417dcc0-8ec9-404c-9f48-6c83c38b999b [2026-09-28T11:33:14.302922] Deploying "src/gen/data/sap.capire.incidents-Status.texts.hdbtabledata$0.expand"... ok (0s 32ms) (STDOUT, APP/TASK/deploy)#
#2026 09 28 11:33:20.811#Z#DEBUG#2bb21052-bb30-11f1-a969-eeee0a843796.incident-management-db-deployer#flowable-async-job-executor-thread-41642#
[PollExecuteTaskStatusExecution] 5417dcc0-8ec9-404c-9f48-6c83c38b999b [2026-09-28T11:33:14.302925] Deploying "src/gen/data/sap.capire.incidents-Urgency.hdbtabledata$0.expand"... (STDOUT, APP/TASK/deploy)#
#2026 09 28 11:33:20.811#Z#DEBUG#2bb21052-bb30-11f1-a969-eeee0a843796.incident-management-db-deployer#flowable-async-job-executor-thread-41642#
[PollExecuteTaskStatusExecution] 5417dcc0-8ec9-404c-9f48-6c83c38b999b [2026-09-28T11:33:14.302928] Expanded from "src/gen/data/sap.capire.incidents-Urgency.hdbtabledata" (STDOUT, APP/TASK/deploy)#
#2026 09 28 11:33:20.811#Z#DEBUG#2bb21052-bb30-11f1-a969-eeee0a843796.incident-management-db-deployer#flowable-async-job-executor-thread-41642#
[PollExecuteTaskStatusExecution] 5417dcc0-8ec9-404c-9f48-6c83c38b999b [2026-09-28T11:33:14.302931] Inserted 6 records of the data source file "sap.capire.incidents-Status.csv" into the target table "SAP_CAPIRE_INCIDENTS_STATUS" (STDOUT, APP/TASK/deploy)#
#2026 09 28 11:33:20.811#Z#DEBUG#2bb21052-bb30-11f1-a969-eeee0a843796.incident-management-db-deployer#flowable-async-job-executor-thread-41642#
[PollExecuteTaskStatusExecution] 5417dcc0-8ec9-404c-9f48-6c83c38b999b [2026-09-28T11:33:14.302934] Deploying "src/gen/data/sap.capire.incidents-Status.hdbtabledata$0.expand"... ok (0s 49ms) (STDOUT, APP/TASK/deploy)#
#2026 09 28 11:33:20.811#Z#DEBUG#2bb21052-bb30-11f1-a969-eeee0a843796.incident-management-db-deployer#flowable-async-job-executor-thread-41642#
[PollExecuteTaskStatusExecution] 5417dcc0-8ec9-404c-9f48-6c83c38b999b [2026-09-28T11:33:14.302936] Deploying "src/gen/data/sap.capire.incidents-Urgency.texts.hdbtabledata$0.expand"... (STDOUT, APP/TASK/deploy)#
#2026 09 28 11:33:20.811#Z#DEBUG#2bb21052-bb30-11f1-a969-eeee0a843796.incident-management-db-deployer#flowable-async-job-executor-thread-41642#
[PollExecuteTaskStatusExecution] 5417dcc0-8ec9-404c-9f48-6c83c38b999b [2026-09-28T11:33:14.302938] Expanded from "src/gen/data/sap.capire.incidents-Urgency.texts.hdbtabledata" (STDOUT, APP/TASK/deploy)#
#2026 09 28 11:33:20.811#Z#DEBUG#2bb21052-bb30-11f1-a969-eeee0a843796.incident-management-db-deployer#flowable-async-job-executor-thread-41642#
[PollExecuteTaskStatusExecution] 5417dcc0-8ec9-404c-9f48-6c83c38b999b [2026-09-28T11:33:14.302942] Inserted 4 records of the data source file "sap.capire.incidents-Incidents.conversation.csv" into the target table "SAP_CAPIRE_INCIDENTS_INCIDENTS_CONVERSATION" (STDOUT, APP/TASK/deploy)#
#2026 09 28 11:33:20.811#Z#DEBUG#2bb21052-bb30-11f1-a969-eeee0a843796.incident-management-db-deployer#flowable-async-job-executor-thread-41642#
[PollExecuteTaskStatusExecution] 5417dcc0-8ec9-404c-9f48-6c83c38b999b [2026-09-28T11:33:14.302944] Deploying "src/gen/data/sap.capire.incidents-Incidents.conversation.hdbtabledata$0.expand"... ok (0s 49ms) (STDOUT, APP/TASK/deploy)#
#2026 09 28 11:33:20.811#Z#DEBUG#2bb21052-bb30-11f1-a969-eeee0a843796.incident-management-db-deployer#flowable-async-job-executor-thread-41642#
[PollExecuteTaskStatusExecution] 5417dcc0-8ec9-404c-9f48-6c83c38b999b [2026-09-28T11:33:14.302949] Deploying "src/gen/AdminService.Addresses.hdbview"... (STDOUT, APP/TASK/deploy)#
#2026 09 28 11:33:20.811#Z#DEBUG#2bb21052-bb30-11f1-a969-eeee0a843796.incident-management-db-deployer#flowable-async-job-executor-thread-41642#
[PollExecuteTaskStatusExecution] 5417dcc0-8ec9-404c-9f48-6c83c38b999b [2026-09-28T11:33:14.302951] Deploying "src/gen/AdminService.Addresses.hdbview"... ok (0s 15ms) (STDOUT, APP/TASK/deploy)#
#2026 09 28 11:33:20.811#Z#DEBUG#2bb21052-bb30-11f1-a969-eeee0a843796.incident-management-db-deployer#flowable-async-job-executor-thread-41642#
[PollExecuteTaskStatusExecution] 5417dcc0-8ec9-404c-9f48-6c83c38b999b [2026-09-28T11:33:14.302953] Deploying "src/gen/ProcessorService.Addresses.hdbview"... (STDOUT, APP/TASK/deploy)#
#2026 09 28 11:33:20.811#Z#DEBUG#2bb21052-bb30-11f1-a969-eeee0a843796.incident-management-db-deployer#flowable-async-job-executor-thread-41642#
[PollExecuteTaskStatusExecution] 5417dcc0-8ec9-404c-9f48-6c83c38b999b [2026-09-28T11:33:14.302955] Deploying "src/gen/ProcessorService.Addresses.hdbview"... ok (0s 20ms) (STDOUT, APP/TASK/deploy)#
#2026 09 28 11:33:20.811#Z#DEBUG#2bb21052-bb30-11f1-a969-eeee0a843796.incident-management-db-deployer#flowable-async-job-executor-thread-41642#
[PollExecuteTaskStatusExecution] 5417dcc0-8ec9-404c-9f48-6c83c38b999b [2026-09-28T11:33:14.302957] Deploying "src/gen/AdminService.Incidents.hdbview"... (STDOUT, APP/TASK/deploy)#
#2026 09 28 11:33:20.811#Z#DEBUG#2bb21052-bb30-11f1-a969-eeee0a843796.incident-management-db-deployer#flowable-async-job-executor-thread-41642#
[PollExecuteTaskStatusExecution] 5417dcc0-8ec9-404c-9f48-6c83c38b999b [2026-09-28T11:33:14.302960] Inserted 3 records of the data source file "sap.capire.incidents-Urgency.csv" into the target table "SAP_CAPIRE_INCIDENTS_URGENCY" (STDOUT, APP/TASK/deploy)#
#2026 09 28 11:33:20.811#Z#DEBUG#2bb21052-bb30-11f1-a969-eeee0a843796.incident-management-db-deployer#flowable-async-job-executor-thread-41642#
[PollExecuteTaskStatusExecution] 5417dcc0-8ec9-404c-9f48-6c83c38b999b [2026-09-28T11:33:14.302962] Deploying "src/gen/data/sap.capire.incidents-Urgency.hdbtabledata$0.expand"... ok (0s 59ms) (STDOUT, APP/TASK/deploy)#
#2026 09 28 11:33:20.811#Z#DEBUG#2bb21052-bb30-11f1-a969-eeee0a843796.incident-management-db-deployer#flowable-async-job-executor-thread-41642#
[PollExecuteTaskStatusExecution] 5417dcc0-8ec9-404c-9f48-6c83c38b999b [2026-09-28T11:33:14.302965] Deploying "src/gen/ProcessorService.Incidents.hdbview"... (STDOUT, APP/TASK/deploy)#
#2026 09 28 11:33:20.811#Z#DEBUG#2bb21052-bb30-11f1-a969-eeee0a843796.incident-management-db-deployer#flowable-async-job-executor-thread-41642#
[PollExecuteTaskStatusExecution] 5417dcc0-8ec9-404c-9f48-6c83c38b999b [2026-09-28T11:33:14.302968] Deploying "src/gen/AdminService.Incidents.hdbview"... ok (0s 25ms) (STDOUT, APP/TASK/deploy)#
#2026 09 28 11:33:20.811#Z#DEBUG#2bb21052-bb30-11f1-a969-eeee0a843796.incident-management-db-deployer#flowable-async-job-executor-thread-41642#
[PollExecuteTaskStatusExecution] 5417dcc0-8ec9-404c-9f48-6c83c38b999b [2026-09-28T11:33:14.302970] Deploying "src/gen/AdminService.Customers.hdbview"... (STDOUT, APP/TASK/deploy)#
#2026 09 28 11:33:20.811#Z#DEBUG#2bb21052-bb30-11f1-a969-eeee0a843796.incident-management-db-deployer#flowable-async-job-executor-thread-41642#
[PollExecuteTaskStatusExecution] 5417dcc0-8ec9-404c-9f48-6c83c38b999b [2026-09-28T11:33:14.302973] Inserted 0 records of the data source file "sap.capire.incidents-Urgency.texts.csv" into the target table "SAP_CAPIRE_INCIDENTS_URGENCY_TEXTS" (STDOUT, APP/TASK/deploy)#
#2026 09 28 11:33:20.811#Z#DEBUG#2bb21052-bb30-11f1-a969-eeee0a843796.incident-management-db-deployer#flowable-async-job-executor-thread-41642#
[PollExecuteTaskStatusExecution] 5417dcc0-8ec9-404c-9f48-6c83c38b999b [2026-09-28T11:33:14.302975] Deploying "src/gen/data/sap.capire.incidents-Urgency.texts.hdbtabledata$0.expand"... ok (0s 63ms) (STDOUT, APP/TASK/deploy)#
#2026 09 28 11:33:20.811#Z#DEBUG#2bb21052-bb30-11f1-a969-eeee0a843796.incident-management-db-deployer#flowable-async-job-executor-thread-41642#
[PollExecuteTaskStatusExecution] 5417dcc0-8ec9-404c-9f48-6c83c38b999b [2026-09-28T11:33:14.303003] Deploying "src/gen/ProcessorService.Customers.hdbview"... (STDOUT, APP/TASK/deploy)#
#2026 09 28 11:33:20.811#Z#DEBUG#2bb21052-bb30-11f1-a969-eeee0a843796.incident-management-db-deployer#flowable-async-job-executor-thread-41642#
[PollExecuteTaskStatusExecution] 5417dcc0-8ec9-404c-9f48-6c83c38b999b [2026-09-28T11:33:14.303016] Deploying "src/gen/ProcessorService.Incidents.hdbview"... ok (0s 26ms) (STDOUT, APP/TASK/deploy)#
#2026 09 28 11:33:20.811#Z#DEBUG#2bb21052-bb30-11f1-a969-eeee0a843796.incident-management-db-deployer#flowable-async-job-executor-thread-41642#
[PollExecuteTaskStatusExecution] 5417dcc0-8ec9-404c-9f48-6c83c38b999b [2026-09-28T11:33:14.303019] Deploying "src/gen/AdminService.Status_texts.hdbview"... (STDOUT, APP/TASK/deploy)#
#2026 09 28 11:33:20.811#Z#DEBUG#2bb21052-bb30-11f1-a969-eeee0a843796.incident-management-db-deployer#flowable-async-job-executor-thread-41642#
[PollExecuteTaskStatusExecution] 5417dcc0-8ec9-404c-9f48-6c83c38b999b [2026-09-28T11:33:14.303021] Deploying "src/gen/AdminService.Customers.hdbview"... ok (0s 28ms) (STDOUT, APP/TASK/deploy)#
#2026 09 28 11:33:20.811#Z#DEBUG#2bb21052-bb30-11f1-a969-eeee0a843796.incident-management-db-deployer#flowable-async-job-executor-thread-41642#
[PollExecuteTaskStatusExecution] 5417dcc0-8ec9-404c-9f48-6c83c38b999b [2026-09-28T11:33:14.303023] Deploying "src/gen/ProcessorService.Status_texts.hdbview"... (STDOUT, APP/TASK/deploy)#
#2026 09 28 11:33:20.811#Z#DEBUG#2bb21052-bb30-11f1-a969-eeee0a843796.incident-management-db-deployer#flowable-async-job-executor-thread-41642#
[PollExecuteTaskStatusExecution] 5417dcc0-8ec9-404c-9f48-6c83c38b999b [2026-09-28T11:33:14.303026] Deploying "src/gen/ProcessorService.Customers.hdbview"... ok (0s 27ms) (STDOUT, APP/TASK/deploy)#
#2026 09 28 11:33:20.811#Z#DEBUG#2bb21052-bb30-11f1-a969-eeee0a843796.incident-management-db-deployer#flowable-async-job-executor-thread-41642#
[PollExecuteTaskStatusExecution] 5417dcc0-8ec9-404c-9f48-6c83c38b999b [2026-09-28T11:33:14.303028] Deploying "src/gen/AdminService.Status.hdbview"... (STDOUT, APP/TASK/deploy)#
#2026 09 28 11:33:20.811#Z#DEBUG#2bb21052-bb30-11f1-a969-eeee0a843796.incident-management-db-deployer#flowable-async-job-executor-thread-41642#
[PollExecuteTaskStatusExecution] 5417dcc0-8ec9-404c-9f48-6c83c38b999b [2026-09-28T11:33:14.303030] Deploying "src/gen/AdminService.Status_texts.hdbview"... ok (0s 28ms) (STDOUT, APP/TASK/deploy)#
#2026 09 28 11:33:20.811#Z#DEBUG#2bb21052-bb30-11f1-a969-eeee0a843796.incident-management-db-deployer#flowable-async-job-executor-thread-41642#
[PollExecuteTaskStatusExecution] 5417dcc0-8ec9-404c-9f48-6c83c38b999b [2026-09-28T11:33:14.303033] Deploying "src/gen/ProcessorService.Status.hdbview"... (STDOUT, APP/TASK/deploy)#
#2026 09 28 11:33:20.811#Z#DEBUG#2bb21052-bb30-11f1-a969-eeee0a843796.incident-management-db-deployer#flowable-async-job-executor-thread-41642#
[PollExecuteTaskStatusExecution] 5417dcc0-8ec9-404c-9f48-6c83c38b999b [2026-09-28T11:33:14.303035] Deploying "src/gen/ProcessorService.Status_texts.hdbview"... ok (0s 24ms) (STDOUT, APP/TASK/deploy)#
#2026 09 28 11:33:20.811#Z#DEBUG#2bb21052-bb30-11f1-a969-eeee0a843796.incident-management-db-deployer#flowable-async-job-executor-thread-41642#
[PollExecuteTaskStatusExecution] 5417dcc0-8ec9-404c-9f48-6c83c38b999b [2026-09-28T11:33:14.303040] Deploying "src/gen/localized.sap.capire.incidents.Status.hdbview"... (STDOUT, APP/TASK/deploy)#
#2026 09 28 11:33:20.811#Z#DEBUG#2bb21052-bb30-11f1-a969-eeee0a843796.incident-management-db-deployer#flowable-async-job-executor-thread-41642#
[PollExecuteTaskStatusExecution] 5417dcc0-8ec9-404c-9f48-6c83c38b999b [2026-09-28T11:33:14.303043] Deploying "src/gen/AdminService.Status.hdbview"... ok (0s 24ms) (STDOUT, APP/TASK/deploy)#
#2026 09 28 11:33:20.811#Z#DEBUG#2bb21052-bb30-11f1-a969-eeee0a843796.incident-management-db-deployer#flowable-async-job-executor-thread-41642#
[PollExecuteTaskStatusExecution] 5417dcc0-8ec9-404c-9f48-6c83c38b999b [2026-09-28T11:33:14.303047] Deploying "src/gen/AdminService.Incidents_conversation.hdbview"... (STDOUT, APP/TASK/deploy)#
#2026 09 28 11:33:20.811#Z#DEBUG#2bb21052-bb30-11f1-a969-eeee0a843796.incident-management-db-deployer#flowable-async-job-executor-thread-41642#
[PollExecuteTaskStatusExecution] 5417dcc0-8ec9-404c-9f48-6c83c38b999b [2026-09-28T11:33:14.303049] Deploying "src/gen/ProcessorService.Status.hdbview"... ok (0s 23ms) (STDOUT, APP/TASK/deploy)#
#2026 09 28 11:33:20.811#Z#DEBUG#2bb21052-bb30-11f1-a969-eeee0a843796.incident-management-db-deployer#flowable-async-job-executor-thread-41642#
[PollExecuteTaskStatusExecution] 5417dcc0-8ec9-404c-9f48-6c83c38b999b [2026-09-28T11:33:14.303051] Deploying "src/gen/ProcessorService.Incidents_conversation.hdbview"... (STDOUT, APP/TASK/deploy)#
#2026 09 28 11:33:20.811#Z#DEBUG#2bb21052-bb30-11f1-a969-eeee0a843796.incident-management-db-deployer#flowable-async-job-executor-thread-41642#
[PollExecuteTaskStatusExecution] 5417dcc0-8ec9-404c-9f48-6c83c38b999b [2026-09-28T11:33:14.303055] Deploying "src/gen/localized.sap.capire.incidents.Status.hdbview"... ok (0s 28ms) (STDOUT, APP/TASK/deploy)#
#2026 09 28 11:33:20.811#Z#DEBUG#2bb21052-bb30-11f1-a969-eeee0a843796.incident-management-db-deployer#flowable-async-job-executor-thread-41642#
[PollExecuteTaskStatusExecution] 5417dcc0-8ec9-404c-9f48-6c83c38b999b [2026-09-28T11:33:14.303057] Deploying "src/gen/AdminService.Urgency.hdbview"... (STDOUT, APP/TASK/deploy)#
#2026 09 28 11:33:20.811#Z#DEBUG#2bb21052-bb30-11f1-a969-eeee0a843796.incident-management-db-deployer#flowable-async-job-executor-thread-41642#
[PollExecuteTaskStatusExecution] 5417dcc0-8ec9-404c-9f48-6c83c38b999b [2026-09-28T11:33:14.303059] Deploying "src/gen/ProcessorService.Incidents_conversation.hdbview"... ok (0s 28ms) (STDOUT, APP/TASK/deploy)#
#2026 09 28 11:33:20.811#Z#DEBUG#2bb21052-bb30-11f1-a969-eeee0a843796.incident-management-db-deployer#flowable-async-job-executor-thread-41642#
[PollExecuteTaskStatusExecution] 5417dcc0-8ec9-404c-9f48-6c83c38b999b [2026-09-28T11:33:14.303061] Deploying "src/gen/ProcessorService.Urgency.hdbview"... (STDOUT, APP/TASK/deploy)#
#2026 09 28 11:33:20.811#Z#DEBUG#2bb21052-bb30-11f1-a969-eeee0a843796.incident-management-db-deployer#flowable-async-job-executor-thread-41642#
[PollExecuteTaskStatusExecution] 5417dcc0-8ec9-404c-9f48-6c83c38b999b [2026-09-28T11:33:14.303064] Deploying "src/gen/AdminService.Incidents_conversation.hdbview"... ok (0s 29ms) (STDOUT, APP/TASK/deploy)#
#2026 09 28 11:33:20.811#Z#DEBUG#2bb21052-bb30-11f1-a969-eeee0a843796.incident-management-db-deployer#flowable-async-job-executor-thread-41642#
[PollExecuteTaskStatusExecution] 5417dcc0-8ec9-404c-9f48-6c83c38b999b [2026-09-28T11:33:14.303066] Deploying "src/gen/AdminService.Urgency_texts.hdbview"... (STDOUT, APP/TASK/deploy)#
#2026 09 28 11:33:20.811#Z#DEBUG#2bb21052-bb30-11f1-a969-eeee0a843796.incident-management-db-deployer#flowable-async-job-executor-thread-41642#
[PollExecuteTaskStatusExecution] 5417dcc0-8ec9-404c-9f48-6c83c38b999b [2026-09-28T11:33:14.303068] Deploying "src/gen/AdminService.Urgency.hdbview"... ok (0s 23ms) (STDOUT, APP/TASK/deploy)#
#2026 09 28 11:33:20.811#Z#DEBUG#2bb21052-bb30-11f1-a969-eeee0a843796.incident-management-db-deployer#flowable-async-job-executor-thread-41642#
[PollExecuteTaskStatusExecution] 5417dcc0-8ec9-404c-9f48-6c83c38b999b [2026-09-28T11:33:14.303071] Deploying "src/gen/ProcessorService.Urgency_texts.hdbview"... (STDOUT, APP/TASK/deploy)#
#2026 09 28 11:33:20.811#Z#DEBUG#2bb21052-bb30-11f1-a969-eeee0a843796.incident-management-db-deployer#flowable-async-job-executor-thread-41642#
[PollExecuteTaskStatusExecution] 5417dcc0-8ec9-404c-9f48-6c83c38b999b [2026-09-28T11:33:14.303072] Deploying "src/gen/ProcessorService.Urgency.hdbview"... ok (0s 23ms) (STDOUT, APP/TASK/deploy)#
#2026 09 28 11:33:20.811#Z#DEBUG#2bb21052-bb30-11f1-a969-eeee0a843796.incident-management-db-deployer#flowable-async-job-executor-thread-41642#
[PollExecuteTaskStatusExecution] 5417dcc0-8ec9-404c-9f48-6c83c38b999b [2026-09-28T11:33:14.303075] Deploying "src/gen/localized.sap.capire.incidents.Urgency.hdbview"... (STDOUT, APP/TASK/deploy)#
#2026 09 28 11:33:20.811#Z#DEBUG#2bb21052-bb30-11f1-a969-eeee0a843796.incident-management-db-deployer#flowable-async-job-executor-thread-41642#
[PollExecuteTaskStatusExecution] 5417dcc0-8ec9-404c-9f48-6c83c38b999b [2026-09-28T11:33:14.303077] Deploying "src/gen/AdminService.Urgency_texts.hdbview"... ok (0s 23ms) (STDOUT, APP/TASK/deploy)#
#2026 09 28 11:33:20.811#Z#DEBUG#2bb21052-bb30-11f1-a969-eeee0a843796.incident-management-db-deployer#flowable-async-job-executor-thread-41642#
[PollExecuteTaskStatusExecution] 5417dcc0-8ec9-404c-9f48-6c83c38b999b [2026-09-28T11:33:14.303080] Deploying "src/gen/localized.AdminService.Status.hdbview"... (STDOUT, APP/TASK/deploy)#
#2026 09 28 11:33:20.811#Z#DEBUG#2bb21052-bb30-11f1-a969-eeee0a843796.incident-management-db-deployer#flowable-async-job-executor-thread-41642#
[PollExecuteTaskStatusExecution] 5417dcc0-8ec9-404c-9f48-6c83c38b999b [2026-09-28T11:33:14.303082] Deploying "src/gen/ProcessorService.Urgency_texts.hdbview"... ok (0s 29ms) (STDOUT, APP/TASK/deploy)#
#2026 09 28 11:33:20.811#Z#DEBUG#2bb21052-bb30-11f1-a969-eeee0a843796.incident-management-db-deployer#flowable-async-job-executor-thread-41642#
[PollExecuteTaskStatusExecution] 5417dcc0-8ec9-404c-9f48-6c83c38b999b [2026-09-28T11:33:14.303084] Deploying "src/gen/localized.ProcessorService.Status.hdbview"... (STDOUT, APP/TASK/deploy)#
#2026 09 28 11:33:20.811#Z#DEBUG#2bb21052-bb30-11f1-a969-eeee0a843796.incident-management-db-deployer#flowable-async-job-executor-thread-41642#
[PollExecuteTaskStatusExecution] 5417dcc0-8ec9-404c-9f48-6c83c38b999b [2026-09-28T11:33:14.303087] Deploying "src/gen/localized.AdminService.Status.hdbview"... ok (0s 29ms) (STDOUT, APP/TASK/deploy)#
#2026 09 28 11:33:20.811#Z#DEBUG#2bb21052-bb30-11f1-a969-eeee0a843796.incident-management-db-deployer#flowable-async-job-executor-thread-41642#
[PollExecuteTaskStatusExecution] 5417dcc0-8ec9-404c-9f48-6c83c38b999b [2026-09-28T11:33:14.303089] Deploying "src/gen/localized.sap.capire.incidents.Urgency.hdbview"... ok (0s 30ms) (STDOUT, APP/TASK/deploy)#
#2026 09 28 11:33:20.811#Z#DEBUG#2bb21052-bb30-11f1-a969-eeee0a843796.incident-management-db-deployer#flowable-async-job-executor-thread-41642#
[PollExecuteTaskStatusExecution] 5417dcc0-8ec9-404c-9f48-6c83c38b999b [2026-09-28T11:33:14.303091] Deploying "src/gen/localized.AdminService.Urgency.hdbview"... (STDOUT, APP/TASK/deploy)#
#2026 09 28 11:33:20.811#Z#DEBUG#2bb21052-bb30-11f1-a969-eeee0a843796.incident-management-db-deployer#flowable-async-job-executor-thread-41642#
[PollExecuteTaskStatusExecution] 5417dcc0-8ec9-404c-9f48-6c83c38b999b [2026-09-28T11:33:14.303094] Deploying "src/gen/localized.ProcessorService.Urgency.hdbview"... (STDOUT, APP/TASK/deploy)#
#2026 09 28 11:33:20.811#Z#DEBUG#2bb21052-bb30-11f1-a969-eeee0a843796.incident-management-db-deployer#flowable-async-job-executor-thread-41642#
[PollExecuteTaskStatusExecution] 5417dcc0-8ec9-404c-9f48-6c83c38b999b [2026-09-28T11:33:14.303096] Deploying "src/gen/localized.ProcessorService.Status.hdbview"... ok (0s 34ms) (STDOUT, APP/TASK/deploy)#
#2026 09 28 11:33:20.811#Z#DEBUG#2bb21052-bb30-11f1-a969-eeee0a843796.incident-management-db-deployer#flowable-async-job-executor-thread-41642#
[PollExecuteTaskStatusExecution] 5417dcc0-8ec9-404c-9f48-6c83c38b999b [2026-09-28T11:33:14.303098] Deploying "src/gen/localized.ProcessorService.Urgency.hdbview"... ok (0s 34ms) (STDOUT, APP/TASK/deploy)#
#2026 09 28 11:33:20.811#Z#DEBUG#2bb21052-bb30-11f1-a969-eeee0a843796.incident-management-db-deployer#flowable-async-job-executor-thread-41642#
[PollExecuteTaskStatusExecution] 5417dcc0-8ec9-404c-9f48-6c83c38b999b [2026-09-28T11:33:14.303101] Deploying "src/gen/localized.AdminService.Urgency.hdbview"... ok (0s 34ms) (STDOUT, APP/TASK/deploy)#
#2026 09 28 11:33:20.811#Z#DEBUG#2bb21052-bb30-11f1-a969-eeee0a843796.incident-management-db-deployer#flowable-async-job-executor-thread-41642#
[PollExecuteTaskStatusExecution] 5417dcc0-8ec9-404c-9f48-6c83c38b999b [2026-09-28T11:33:14.303104] Processing work list... ok (0s 965ms) (STDOUT, APP/TASK/deploy)#
#2026 09 28 11:33:20.811#Z#DEBUG#2bb21052-bb30-11f1-a969-eeee0a843796.incident-management-db-deployer#flowable-async-job-executor-thread-41642#
[PollExecuteTaskStatusExecution] 5417dcc0-8ec9-404c-9f48-6c83c38b999b [2026-09-28T11:33:14.303109] Finalizing... (STDOUT, APP/TASK/deploy)#
#2026 09 28 11:33:20.811#Z#DEBUG#2bb21052-bb30-11f1-a969-eeee0a843796.incident-management-db-deployer#flowable-async-job-executor-thread-41642#
[PollExecuteTaskStatusExecution] 5417dcc0-8ec9-404c-9f48-6c83c38b999b [2026-09-28T11:33:14.303113] Finalizing... ok (0s 84ms) (STDOUT, APP/TASK/deploy)#
#2026 09 28 11:33:20.811#Z#DEBUG#2bb21052-bb30-11f1-a969-eeee0a843796.incident-management-db-deployer#flowable-async-job-executor-thread-41642#
[PollExecuteTaskStatusExecution] 5417dcc0-8ec9-404c-9f48-6c83c38b999b [2026-09-28T11:33:14.303115] Make succeeded (0 warnings): 53 files deployed (effective 61), 0 files undeployed (effective 0), 0 dependent files redeployed (STDOUT, APP/TASK/deploy)#
#2026 09 28 11:33:20.811#Z#DEBUG#2bb21052-bb30-11f1-a969-eeee0a843796.incident-management-db-deployer#flowable-async-job-executor-thread-41642#
[PollExecuteTaskStatusExecution] 5417dcc0-8ec9-404c-9f48-6c83c38b999b [2026-09-28T11:33:14.303117] Making... ok (2s 307ms) (STDOUT, APP/TASK/deploy)#
#2026 09 28 11:33:20.811#Z#DEBUG#2bb21052-bb30-11f1-a969-eeee0a843796.incident-management-db-deployer#flowable-async-job-executor-thread-41642#
[PollExecuteTaskStatusExecution] 5417dcc0-8ec9-404c-9f48-6c83c38b999b [2026-09-28T11:33:14.303120] Enabling table replication for the container schema "A9932762E51D46ECA64C0B8ECA56D3F1"... (STDOUT, APP/TASK/deploy)#
#2026 09 28 11:33:20.811#Z#DEBUG#2bb21052-bb30-11f1-a969-eeee0a843796.incident-management-db-deployer#flowable-async-job-executor-thread-41642#
[PollExecuteTaskStatusExecution] 5417dcc0-8ec9-404c-9f48-6c83c38b999b [2026-09-28T11:33:14.303124] Enabling table replication for the container schema "A9932762E51D46ECA64C0B8ECA56D3F1"... ok (0s 8ms) (STDOUT, APP/TASK/deploy)#
#2026 09 28 11:33:20.811#Z#DEBUG#2bb21052-bb30-11f1-a969-eeee0a843796.incident-management-db-deployer#flowable-async-job-executor-thread-41642#
[PollExecuteTaskStatusExecution] 5417dcc0-8ec9-404c-9f48-6c83c38b999b [2026-09-28T11:33:14.303127] Starting make in the container "A9932762E51D46ECA64C0B8ECA56D3F1" with 53 files to deploy, 0 files to undeploy... ok (2s 368ms) (STDOUT, APP/TASK/deploy)#
#2026 09 28 11:33:20.811#Z#DEBUG#2bb21052-bb30-11f1-a969-eeee0a843796.incident-management-db-deployer#flowable-async-job-executor-thread-41642#
[PollExecuteTaskStatusExecution] 5417dcc0-8ec9-404c-9f48-6c83c38b999b [2026-09-28T11:33:14.334457] Deploying to the container "A9932762E51D46ECA64C0B8ECA56D3F1"... ok (2s 770ms) (STDOUT, APP/TASK/deploy)#
#2026 09 28 11:33:20.811#Z#DEBUG#2bb21052-bb30-11f1-a969-eeee0a843796.incident-management-db-deployer#flowable-async-job-executor-thread-41642#
[PollExecuteTaskStatusExecution] 5417dcc0-8ec9-404c-9f48-6c83c38b999b [2026-09-28T11:33:14.334680] No default-access-role handling needed; global role "A9932762E51D46ECA64C0B8ECA56D3F1::access_role" will not be adapted (STDOUT, APP/TASK/deploy)#
#2026 09 28 11:33:20.811#Z#DEBUG#2bb21052-bb30-11f1-a969-eeee0a843796.incident-management-db-deployer#flowable-async-job-executor-thread-41642#
[PollExecuteTaskStatusExecution] 5417dcc0-8ec9-404c-9f48-6c83c38b999b [2026-09-28T11:33:14.335149] Unlocking the container "A9932762E51D46ECA64C0B8ECA56D3F1"... (STDOUT, APP/TASK/deploy)#
#2026 09 28 11:33:20.811#Z#DEBUG#2bb21052-bb30-11f1-a969-eeee0a843796.incident-management-db-deployer#flowable-async-job-executor-thread-41642#
[PollExecuteTaskStatusExecution] 5417dcc0-8ec9-404c-9f48-6c83c38b999b [2026-09-28T11:33:14.335240] Unlocking the container "A9932762E51D46ECA64C0B8ECA56D3F1"... ok (0s 0ms) (STDOUT, APP/TASK/deploy)#
#2026 09 28 11:33:20.811#Z#DEBUG#2bb21052-bb30-11f1-a969-eeee0a843796.incident-management-db-deployer#flowable-async-job-executor-thread-41642#
[PollExecuteTaskStatusExecution] 5417dcc0-8ec9-404c-9f48-6c83c38b999b [2026-09-28T11:33:14.335412] Deployment to container A9932762E51D46ECA64C0B8ECA56D3F1 done [Deployment ID: none]. (STDOUT, APP/TASK/deploy)#
#2026 09 28 11:33:20.811#Z#DEBUG#2bb21052-bb30-11f1-a969-eeee0a843796.incident-management-db-deployer#flowable-async-job-executor-thread-41642#
[PollExecuteTaskStatusExecution] 5417dcc0-8ec9-404c-9f48-6c83c38b999b [2026-09-28T11:33:14.336047] Deployment ended at 2026-09-28 11:33:14 (STDOUT, APP/TASK/deploy)#
#2026 09 28 11:33:20.811#Z#DEBUG#2bb21052-bb30-11f1-a969-eeee0a843796.incident-management-db-deployer#flowable-async-job-executor-thread-41642#
[PollExecuteTaskStatusExecution] 5417dcc0-8ec9-404c-9f48-6c83c38b999b [2026-09-28T11:33:14.336394] (4s 703ms) (STDOUT, APP/TASK/deploy)#
#2026 09 28 11:33:20.811#Z#DEBUG#2bb21052-bb30-11f1-a969-eeee0a843796.incident-management-db-deployer#flowable-async-job-executor-thread-41642#
[PollExecuteTaskStatusExecution] 5417dcc0-8ec9-404c-9f48-6c83c38b999b [2026-09-28T11:33:14.354963] npm notice (STDERR, APP/TASK/deploy)#
#2026 09 28 11:33:20.811#Z#DEBUG#2bb21052-bb30-11f1-a969-eeee0a843796.incident-management-db-deployer#flowable-async-job-executor-thread-41642#
[PollExecuteTaskStatusExecution] 5417dcc0-8ec9-404c-9f48-6c83c38b999b [2026-09-28T11:33:14.355026] npm notice New major version of npm available! 11.17.0 -> 12.1.0 (STDERR, APP/TASK/deploy)#
#2026 09 28 11:33:20.811#Z#DEBUG#2bb21052-bb30-11f1-a969-eeee0a843796.incident-management-db-deployer#flowable-async-job-executor-thread-41642#
[PollExecuteTaskStatusExecution] 5417dcc0-8ec9-404c-9f48-6c83c38b999b [2026-09-28T11:33:14.355030] npm notice Changelog: https://github.com/npm/cli/releases/tag/v12.1.0 (STDERR, APP/TASK/deploy)#
#2026 09 28 11:33:20.811#Z#DEBUG#2bb21052-bb30-11f1-a969-eeee0a843796.incident-management-db-deployer#flowable-async-job-executor-thread-41642#
[PollExecuteTaskStatusExecution] 5417dcc0-8ec9-404c-9f48-6c83c38b999b [2026-09-28T11:33:14.355032] npm notice To update run: npm install -g npm@12.1.0 (STDERR, APP/TASK/deploy)#
#2026 09 28 11:33:20.811#Z#DEBUG#2bb21052-bb30-11f1-a969-eeee0a843796.incident-management-db-deployer#flowable-async-job-executor-thread-41642#
[PollExecuteTaskStatusExecution] 5417dcc0-8ec9-404c-9f48-6c83c38b999b [2026-09-28T11:33:14.355034] npm notice (STDERR, APP/TASK/deploy)#
#2026 09 28 11:33:20.811#Z#DEBUG#2bb21052-bb30-11f1-a969-eeee0a843796.incident-management-db-deployer#flowable-async-job-executor-thread-41642#
[PollExecuteTaskStatusExecution] 5417dcc0-8ec9-404c-9f48-6c83c38b999b [2026-09-28T11:33:14.429970] Exit status 0 (STDOUT, APP/TASK/deploy)#
#2026 09 28 11:33:20.811#Z#DEBUG#2bb21052-bb30-11f1-a969-eeee0a843796.incident-management-db-deployer#flowable-async-job-executor-thread-41642#
[PollExecuteTaskStatusExecution] 5417dcc0-8ec9-404c-9f48-6c83c38b999b [2026-09-28T11:33:15.181402] Cell d1cc041a-d5a1-41d6-b9f6-6cda736ce3f0 stopping instance af137d52-6dac-4b3e-a816-9f1cafaedd8b (STDOUT, CELL)#
#2026 09 28 11:33:20.811#Z#DEBUG#2bb21052-bb30-11f1-a969-eeee0a843796.incident-management-db-deployer#flowable-async-job-executor-thread-41642#
[PollExecuteTaskStatusExecution] 5417dcc0-8ec9-404c-9f48-6c83c38b999b [2026-09-28T11:33:15.181464] Cell d1cc041a-d5a1-41d6-b9f6-6cda736ce3f0 destroying container for instance af137d52-6dac-4b3e-a816-9f1cafaedd8b (STDOUT, CELL)#
#2026 09 28 11:33:20.811#Z#DEBUG#2bb21052-bb30-11f1-a969-eeee0a843796.incident-management-db-deployer#flowable-async-job-executor-thread-41642#
[PollExecuteTaskStatusExecution] 5417dcc0-8ec9-404c-9f48-6c83c38b999b [2026-09-28T11:33:17.528585] Cell d1cc041a-d5a1-41d6-b9f6-6cda736ce3f0 successfully destroyed container for instance af137d52-6dac-4b3e-a816-9f1cafaedd8b (STDOUT, CELL)#
