#2026 09 28 11:31:39.111#Z#INFO#2bb21052-bb30-11f1-a969-eeee0a843796.OPERATION#http-nio-0.0.0.0-8080-exec-9#
[XS2StartProcessListener] Operation ID: 2bb21052-bb30-11f1-a969-eeee0a843796#
#2026 09 28 11:31:39.130#Z#DEBUG#2bb21052-bb30-11f1-a969-eeee0a843796.OPERATION#http-nio-0.0.0.0-8080-exec-9#
[XS2StartProcessListener] Process environment: {
  "SKIP_SSL_VALIDATION" : "false",
  "FLOWABLE_JOB_EXECUTOR_MAX_THREADS" : "32",
  "VERSION" : "2.54.1",
  "BASIC_AUTH_ENABLED" : "true",
  "FLOWABLE_JOB_EXECUTOR_QUEUE_CAPACITY" : "16",
  "FLOWABLE_JOB_EXECUTOR_CORE_THREADS" : "8"
}#
#2026 09 28 11:31:39.130#Z#DEBUG#2bb21052-bb30-11f1-a969-eeee0a843796.OPERATION#http-nio-0.0.0.0-8080-exec-9#
[XS2StartProcessListener] Current user: alexandru.burea@dialogdata.de#
#2026 09 28 11:31:39.130#Z#DEBUG#2bb21052-bb30-11f1-a969-eeee0a843796.OPERATION#http-nio-0.0.0.0-8080-exec-9#
[XS2StartProcessListener] Client space: dev#
#2026 09 28 11:31:39.130#Z#DEBUG#2bb21052-bb30-11f1-a969-eeee0a843796.OPERATION#http-nio-0.0.0.0-8080-exec-9#
[XS2StartProcessListener] Client organization: 277e0127trial#
#2026 09 28 11:31:39.130#Z#INFO#2bb21052-bb30-11f1-a969-eeee0a843796.OPERATION#http-nio-0.0.0.0-8080-exec-9#
[XS2StartProcessListener] Process variables: {
  "keepFiles" : false,
  "skipAppDigestCalculation" : false,
  "abortOnError" : false,
  "mtaId" : "incident-management",
  "noFailOnMissingPermissions" : false,
  "isSecurityEnabled" : false,
  "apiRequestPath" : "https://deploy-service.cf.us10-001.hana.ondemand.com/api/v1/spaces/625adf6d-63f6-4db7-a3cd-0f6c39a650f8/operations",
  "deleteServiceBrokers" : false,
  "appArchiveId" : "46aa66f6-50a8-4fd9-99d9-6680430a78c8",
  "isDisposableUserProvidedServiceEnabled" : false,
  "deleteServiceKeys" : false,
  "noRestartSubscribedApps" : false,
  "noStart" : false,
  "deleteServices" : false
}#
#2026 09 28 11:31:39.494#Z#DEBUG#2bb21052-bb30-11f1-a969-eeee0a843796.OPERATION#flowable-async-job-executor-thread-18633#
[ValidateDeployParametersStep] Executing task "validateParametersTask" of process "2bb21078-bb30-11f1-a969-eeee0a843796"...#
#2026 09 28 11:31:39.494#Z#DEBUG#2bb21052-bb30-11f1-a969-eeee0a843796.OPERATION#flowable-async-job-executor-thread-18633#
[ValidateDeployParametersStep] Validating parameters...#
#2026 09 28 11:31:39.496#Z#INFO#2bb21052-bb30-11f1-a969-eeee0a843796.OPERATION#flowable-async-job-executor-thread-18633#
[ValidateDeployParametersStep] Size of mtars is 5,736,887 and size of extension descriptors is 0#
#2026 09 28 11:31:39.531#Z#INFO#2bb21052-bb30-11f1-a969-eeee0a843796.OPERATION#flowable-async-job-executor-thread-18633#
[ValidateDeployParametersStep] Archive was not split! Total size in bytes: 5,736,887#
#2026 09 28 11:31:39.531#Z#INFO#2bb21052-bb30-11f1-a969-eeee0a843796.OPERATION#flowable-async-job-executor-thread-18633#
[ValidateDeployParametersStep] Deploying in org "277e0127trial" and space "dev"#
#2026 09 28 11:31:39.536#Z#DEBUG#2bb21052-bb30-11f1-a969-eeee0a843796.OPERATION#flowable-async-job-executor-thread-18633#
[ValidateDeployParametersStep] Parameters validated#
#2026 09 28 11:31:39.536#Z#DEBUG#2bb21052-bb30-11f1-a969-eeee0a843796.OPERATION#flowable-async-job-executor-thread-18633#
Step "Validate Parameters" finished#
#2026 09 28 11:31:39.565#Z#DEBUG#2bb21052-bb30-11f1-a969-eeee0a843796.OPERATION#flowable-async-job-executor-thread-18634#
[DeleteRemainingFileParts] Executing task "deleteRemainingFileParts" of process "2bb21078-bb30-11f1-a969-eeee0a843796"...#
#2026 09 28 11:31:39.566#Z#DEBUG#2bb21052-bb30-11f1-a969-eeee0a843796.OPERATION#flowable-async-job-executor-thread-18634#
Step "Delete Remaining File Parts" finished#
#2026 09 28 11:31:39.594#Z#DEBUG#2bb21052-bb30-11f1-a969-eeee0a843796.OPERATION#flowable-async-job-executor-thread-18635#
[XS2ProcessMtaArchiveStep] Executing task "processArchiveTask" of process "2bb21078-bb30-11f1-a969-eeee0a843796"...#
#2026 09 28 11:31:39.595#Z#DEBUG#2bb21052-bb30-11f1-a969-eeee0a843796.OPERATION#flowable-async-job-executor-thread-18635#
[XS2ProcessMtaArchiveStep] Processing MTA archive...#
#2026 09 28 11:31:39.595#Z#DEBUG#2bb21052-bb30-11f1-a969-eeee0a843796.OPERATION#flowable-async-job-executor-thread-18635#
[XS2ProcessMtaArchiveStep] MTA Archive ID: 46aa66f6-50a8-4fd9-99d9-6680430a78c8#
#2026 09 28 11:31:39.817#Z#DEBUG#2bb21052-bb30-11f1-a969-eeee0a843796.OPERATION#flowable-async-job-executor-thread-18635#
[XS2ProcessMtaArchiveStep] MTA Descriptor length: 3,991#
#2026 09 28 11:31:39.817#Z#DEBUG#2bb21052-bb30-11f1-a969-eeee0a843796.OPERATION#flowable-async-job-executor-thread-18635#
[XS2ProcessMtaArchiveStep] MTA Archive Modules: [incident-management-app-deployer, incident-management-db-deployer, incident-management-srv]#
#2026 09 28 11:31:39.817#Z#DEBUG#2bb21052-bb30-11f1-a969-eeee0a843796.OPERATION#flowable-async-job-executor-thread-18635#
[XS2ProcessMtaArchiveStep] MTA Archive Requires: []#
#2026 09 28 11:31:39.817#Z#DEBUG#2bb21052-bb30-11f1-a969-eeee0a843796.OPERATION#flowable-async-job-executor-thread-18635#
[XS2ProcessMtaArchiveStep] MTA Archive Resources: [incident-management-auth]#
#2026 09 28 11:31:39.825#Z#DEBUG#2bb21052-bb30-11f1-a969-eeee0a843796.OPERATION#flowable-async-job-executor-thread-18635#
[XS2ProcessMtaArchiveStep] MTA archive processed#
#2026 09 28 11:31:39.825#Z#DEBUG#2bb21052-bb30-11f1-a969-eeee0a843796.OPERATION#flowable-async-job-executor-thread-18635#
Step "Process Archive" finished#
#2026 09 28 11:31:39.863#Z#DEBUG#2bb21052-bb30-11f1-a969-eeee0a843796.OPERATION#flowable-async-job-executor-thread-18636#
[ProcessMtaExtensionDescriptorsStep] Executing task "processExtensionDescriptorsTask" of process "2bb21078-bb30-11f1-a969-eeee0a843796"...#
#2026 09 28 11:31:39.864#Z#DEBUG#2bb21052-bb30-11f1-a969-eeee0a843796.OPERATION#flowable-async-job-executor-thread-18636#
[ProcessMtaExtensionDescriptorsStep] Processing MTA extension descriptors...#
#2026 09 28 11:31:39.865#Z#DEBUG#2bb21052-bb30-11f1-a969-eeee0a843796.OPERATION#flowable-async-job-executor-thread-18636#
[ProcessMtaExtensionDescriptorsStep] Provided extension descriptors: [ ]#
#2026 09 28 11:31:39.865#Z#DEBUG#2bb21052-bb30-11f1-a969-eeee0a843796.OPERATION#flowable-async-job-executor-thread-18636#
[ProcessMtaExtensionDescriptorsStep] No extension descriptors in use#
#2026 09 28 11:31:39.865#Z#DEBUG#2bb21052-bb30-11f1-a969-eeee0a843796.OPERATION#flowable-async-job-executor-thread-18636#
[ProcessMtaExtensionDescriptorsStep] MTA extension descriptors processed#
#2026 09 28 11:31:39.865#Z#DEBUG#2bb21052-bb30-11f1-a969-eeee0a843796.OPERATION#flowable-async-job-executor-thread-18636#
Step "Process Extension Descriptors" finished#
#2026 09 28 11:31:39.899#Z#DEBUG#2bb21052-bb30-11f1-a969-eeee0a843796.OPERATION#flowable-async-job-executor-thread-18637#
[XS2DetectMtaSchemaVersionStep] Executing task "detectSchemaVersionTask" of process "2bb21078-bb30-11f1-a969-eeee0a843796"...#
#2026 09 28 11:31:39.900#Z#DEBUG#2bb21052-bb30-11f1-a969-eeee0a843796.OPERATION#flowable-async-job-executor-thread-18637#
[XS2DetectMtaSchemaVersionStep] Detecting MTA major schema version...#
#2026 09 28 11:31:39.902#Z#INFO#2bb21052-bb30-11f1-a969-eeee0a843796.OPERATION#flowable-async-job-executor-thread-18637#
[XS2DetectMtaSchemaVersionStep] Detected MTA schema version: "3"#
#2026 09 28 11:31:39.906#Z#DEBUG#2bb21052-bb30-11f1-a969-eeee0a843796.OPERATION#flowable-async-job-executor-thread-18637#
Step "Detect Schema Version" finished#
#2026 09 28 11:31:39.945#Z#DEBUG#2bb21052-bb30-11f1-a969-eeee0a843796.OPERATION#flowable-async-job-executor-thread-18638#
[MergeDescriptorsStep] Executing task "mergeDescriptorsTask" of process "2bb21078-bb30-11f1-a969-eeee0a843796"...#
#2026 09 28 11:31:39.946#Z#DEBUG#2bb21052-bb30-11f1-a969-eeee0a843796.OPERATION#flowable-async-job-executor-thread-18638#
[MergeDescriptorsStep] Validating and merging descriptors...#
#2026 09 28 11:31:39.949#Z#DEBUG#2bb21052-bb30-11f1-a969-eeee0a843796.OPERATION#flowable-async-job-executor-thread-18638#
[MergeDescriptorsStep] Merged deployment descriptor: {
  "majorSchemaVersion" : 3,
  "schemaVersion" : "3.3.0",
  "id" : "incident-management",
  "version" : "1.0.0",
  "modules" : [ {
    "majorSchemaVersion" : 3,
    "name" : "incident-management-srv",
    "type" : "javascript.nodejs",
    "path" : "incident-management-srv",
    "properties" : { },
    "parameters" : {
      "buildpack" : "nodejs_buildpack",
      "instances" : 1
    },
    "requiredDependencies" : [ {
      "majorSchemaVersion" : 3,
      "name" : "********",
      "properties" : { },
      "parameters" : { },
      "propertiesMetadata" : {
        "metadata" : { }
      },
      "parametersMetadata" : {
        "metadata" : { }
      }
    }, {
      "majorSchemaVersion" : 3,
      "name" : "incident-management-db",
      "properties" : { },
      "parameters" : { },
      "propertiesMetadata" : {
        "metadata" : { }
      },
      "parametersMetadata" : {
        "metadata" : { }
      }
    }, {
      "majorSchemaVersion" : 3,
      "name" : "incident-management-destination",
      "properties" : { },
      "parameters" : { },
      "propertiesMetadata" : {
        "metadata" : { }
      },
      "parametersMetadata" : {
        "metadata" : { }
      }
    } ],
    "providedDependencies" : [ {
      "majorSchemaVersion" : 3,
      "name" : "srv-api",
      "isPublic" : false,
      "properties" : {
        "srv-url" : "${default-url}"
      },
      "parameters" : { },
      "propertiesMetadata" : {
        "metadata" : { }
      },
      "parametersMetadata" : {
        "metadata" : { }
      }
    }, {
      "majorSchemaVersion" : 3,
      "name" : "incident-management-srv",
      "isPublic" : false,
      "properties" : { },
      "parameters" : { },
      "propertiesMetadata" : {
        "metadata" : { }
      },
      "parametersMetadata" : {
        "metadata" : { }
      }
    } ],
    "propertiesMetadata" : {
      "metadata" : { }
    },
    "parametersMetadata" : {
      "metadata" : { }
    },
    "hooks" : [ ]
  }, {
    "majorSchemaVersion" : 3,
    "name" : "incident-management-db-deployer",
    "type" : "com.sap.xs.hdi",
    "path" : "incident-management-db-deployer",
    "properties" : {
      "EXIT" : 1
    },
    "parameters" : {
      "memory" : "256M",
      "buildpack" : "nodejs_buildpack",
      "no-route" : true,
      "dependency-type" : "hard",
      "tasks" : [ {
        "name" : "deploy",
        "memory" : "256M",
        "command" : "npm start"
      } ],
      "no-start" : true
    },
    "requiredDependencies" : [ {
      "majorSchemaVersion" : 3,
      "name" : "incident-management-db",
      "properties" : { },
      "parameters" : { },
      "propertiesMetadata" : {
        "metadata" : { }
      },
      "parametersMetadata" : {
        "metadata" : { }
      }
    } ],
    "providedDependencies" : [ {
      "majorSchemaVersion" : 3,
      "name" : "incident-management-db-deployer",
      "isPublic" : false,
      "properties" : { },
      "parameters" : { },
      "propertiesMetadata" : {
        "metadata" : { }
      },
      "parametersMetadata" : {
        "metadata" : { }
      }
    } ],
    "propertiesMetadata" : {
      "metadata" : { }
    },
    "parametersMetadata" : {
      "metadata" : { }
    },
    "hooks" : [ ]
  }, {
    "majorSchemaVersion" : 3,
    "name" : "incident-management-app-deployer",
    "type" : "com.sap.application.content",
    "path" : "incident-management-app-deployer",
    "properties" : { },
    "parameters" : {
      "config" : {
        "destinations" : [ {
          "Authentication" : "********",
          "DynamicDestination" : true,
          "ForwardAuthToken" : "********",
          "Name" : "srv-api",
          "ProxyType" : "Internet",
          "Type" : "HTTP",
          "URL" : "~{srv-api/srv-url}"
        } ]
      }
    },
    "requiredDependencies" : [ {
      "majorSchemaVersion" : 3,
      "name" : "********",
      "properties" : { },
      "parameters" : { },
      "propertiesMetadata" : {
        "metadata" : { }
      },
      "parametersMetadata" : {
        "metadata" : { }
      }
    }, {
      "majorSchemaVersion" : 3,
      "name" : "srv-api",
      "properties" : { },
      "parameters" : { },
      "propertiesMetadata" : {
        "metadata" : { }
      },
      "parametersMetadata" : {
        "metadata" : { }
      }
    }, {
      "majorSchemaVersion" : 3,
      "name" : "incident-management-html5-repo-host",
      "properties" : { },
      "parameters" : {
        "config" : {
          "HTML5Runtime_enabled" : true
        },
        "content-target" : true
      },
      "propertiesMetadata" : {
        "metadata" : { }
      },
      "parametersMetadata" : {
        "metadata" : { }
      }
    } ],
    "providedDependencies" : [ {
      "majorSchemaVersion" : 3,
      "name" : "incident-management-app-deployer",
      "isPublic" : false,
      "properties" : { },
      "parameters" : { },
      "propertiesMetadata" : {
        "metadata" : { }
      },
      "parametersMetadata" : {
        "metadata" : { }
      }
    } ],
    "propertiesMetadata" : {
      "metadata" : { }
    },
    "parametersMetadata" : {
      "metadata" : { }
    },
    "hooks" : [ ]
  }, {
    "majorSchemaVersion" : 3,
    "name" : "incident-management-destinations",
    "type" : "com.sap.application.content",
    "properties" : { },
    "parameters" : {
      "content" : {
        "instance" : {
          "destinations" : [ {
            "Name" : "incident-management-html5-repository",
            "ServiceInstanceName" : "incident-management-html5-repo-host",
            "ServiceKeyName" : "********",
            "sap.cloud.service" : "incidentmanagement.service"
          }, {
            "Authentication" : "********",
            "Name" : "********",
            "ServiceInstanceName" : "********",
            "ServiceKeyName" : "********",
            "sap.cloud.service" : "incidentmanagement.service"
          } ],
          "existing_destinations_policy" : "update"
        }
      }
    },
    "requiredDependencies" : [ {
      "majorSchemaVersion" : 3,
      "name" : "********",
      "properties" : { },
      "parameters" : {
        "service-key" : "********"
      },
      "propertiesMetadata" : {
        "metadata" : { }
      },
      "parametersMetadata" : {
        "metadata" : { }
      }
    }, {
      "majorSchemaVersion" : 3,
      "name" : "incident-management-html5-repo-host",
      "properties" : { },
      "parameters" : {
        "service-key" : "********"
      },
      "propertiesMetadata" : {
        "metadata" : { }
      },
      "parametersMetadata" : {
        "metadata" : { }
      }
    }, {
      "majorSchemaVersion" : 3,
      "name" : "srv-api",
      "properties" : { },
      "parameters" : { },
      "propertiesMetadata" : {
        "metadata" : { }
      },
      "parametersMetadata" : {
        "metadata" : { }
      }
    }, {
      "majorSchemaVersion" : 3,
      "name" : "incident-management-destination",
      "properties" : { },
      "parameters" : {
        "content-target" : true
      },
      "propertiesMetadata" : {
        "metadata" : { }
      },
      "parametersMetadata" : {
        "metadata" : { }
      }
    } ],
    "providedDependencies" : [ {
      "majorSchemaVersion" : 3,
      "name" : "incident-management-destinations",
      "isPublic" : false,
      "properties" : { },
      "parameters" : { },
      "propertiesMetadata" : {
        "metadata" : { }
      },
      "parametersMetadata" : {
        "metadata" : { }
      }
    } ],
    "propertiesMetadata" : {
      "metadata" : { }
    },
    "parametersMetadata" : {
      "metadata" : { }
    },
    "hooks" : [ ]
  } ],
  "resources" : [ {
    "majorSchemaVersion" : 3,
    "name" : "********",
    "type" : "org.cloudfoundry.managed-service",
    "properties" : { },
    "parameters" : {
      "path" : "./xs-security.json",
      "service-plan" : "application",
      "type" : "managed-service",
      "config" : {
        "oauth2-configuration" : "********",
        "role-collections" : [ {
          "description" : "generated",
          "name" : "support (incident-management ${org}-${space})",
          "role-template-references" : [ "$XSAPPNAME.support" ]
        }, {
          "description" : "generated",
          "name" : "admin (incident-management ${org}-${space})",
          "role-template-references" : [ "$XSAPPNAME.admin" ]
        } ],
        "tenant-mode" : "dedicated",
        "xsappname" : "incident-management-${org}-${space}"
      },
      "service" : "xsuaa"
    },
    "isActive" : true,
    "isOptional" : false,
    "propertiesMetadata" : {
      "metadata" : { }
    },
    "parametersMetadata" : {
      "metadata" : { }
    },
    "requiredDependencies" : [ ],
    "processedAfter" : [ ]
  }, {
    "majorSchemaVersion" : 3,
    "name" : "incident-management-db",
    "type" : "com.sap.xs.hdi-container",
    "properties" : { },
    "parameters" : {
      "type" : "managed-service",
      "service" : "hana",
      "service-plan" : "hdi-shared"
    },
    "isActive" : true,
    "isOptional" : false,
    "propertiesMetadata" : {
      "metadata" : { }
    },
    "parametersMetadata" : {
      "metadata" : { }
    },
    "requiredDependencies" : [ ],
    "processedAfter" : [ ]
  }, {
    "majorSchemaVersion" : 3,
    "name" : "incident-management-destination",
    "type" : "org.cloudfoundry.managed-service",
    "properties" : { },
    "parameters" : {
      "service-plan" : "lite",
      "type" : "managed-service",
      "config" : {
        "HTML5Runtime_enabled" : true,
        "init_data" : {
          "instance" : {
            "destinations" : [ {
              "Authentication" : "********",
              "DynamicDestination" : true,
              "ForwardAuthToken" : "********",
              "Name" : "srv-api",
              "ProxyType" : "Internet",
              "Type" : "HTTP",
              "URL" : "~{srv-api/srv-url}"
            } ],
            "existing_destinations_policy" : "update"
          }
        }
      },
      "service" : "destination"
    },
    "isActive" : true,
    "isOptional" : false,
    "propertiesMetadata" : {
      "metadata" : { }
    },
    "parametersMetadata" : {
      "metadata" : { }
    },
    "requiredDependencies" : [ {
      "majorSchemaVersion" : 3,
      "name" : "srv-api",
      "properties" : { },
      "parameters" : { },
      "propertiesMetadata" : {
        "metadata" : { }
      },
      "parametersMetadata" : {
        "metadata" : { }
      }
    } ],
    "processedAfter" : [ ]
  }, {
    "majorSchemaVersion" : 3,
    "name" : "incident-management-html5-repo-host",
    "type" : "org.cloudfoundry.managed-service",
    "properties" : { },
    "parameters" : {
      "type" : "managed-service",
      "service" : "html5-apps-repo",
      "service-plan" : "app-host"
    },
    "isActive" : true,
    "isOptional" : false,
    "propertiesMetadata" : {
      "metadata" : { }
    },
    "parametersMetadata" : {
      "metadata" : { }
    },
    "requiredDependencies" : [ ],
    "processedAfter" : [ ]
  } ],
  "parameters" : {
    "enable-parallel-deployments" : true,
    "deploy_mode" : "html5-repo"
  },
  "parametersMetadata" : {
    "metadata" : { }
  }
}#
#2026 09 28 11:31:39.952#Z#DEBUG#2bb21052-bb30-11f1-a969-eeee0a843796.OPERATION#flowable-async-job-executor-thread-18638#
[MergeDescriptorsStep] Descriptors validated and merged#
#2026 09 28 11:31:39.952#Z#DEBUG#2bb21052-bb30-11f1-a969-eeee0a843796.OPERATION#flowable-async-job-executor-thread-18638#
Step "Merge Descriptors" finished#
#2026 09 28 11:31:39.989#Z#DEBUG#2bb21052-bb30-11f1-a969-eeee0a843796.OPERATION#flowable-async-job-executor-thread-18639#
[CollectCloudLoggingServiceParametersStep] Executing task "sid-9C5714DF-CEC8-4019-8873-CBBA99AC459A" of process "2bb21078-bb30-11f1-a969-eeee0a843796"...#
#2026 09 28 11:31:39.993#Z#DEBUG#2bb21052-bb30-11f1-a969-eeee0a843796.OPERATION#flowable-async-job-executor-thread-18639#
Step "Collect Cloud Logging Service Parameters" finished#
#2026 09 28 11:31:40.026#Z#DEBUG#2bb21052-bb30-11f1-a969-eeee0a843796.OPERATION#flowable-async-job-executor-thread-18633#
[DetectDeployedMtaStep] Executing task "detectDeployedMtaTask" of process "2bb21078-bb30-11f1-a969-eeee0a843796"...#
#2026 09 28 11:31:40.027#Z#DEBUG#2bb21052-bb30-11f1-a969-eeee0a843796.OPERATION#flowable-async-job-executor-thread-18633#
[DetectDeployedMtaStep] Detecting deployed MTA...#
#2026 09 28 11:31:40.098#Z#DEBUG#2bb21052-bb30-11f1-a969-eeee0a843796.OPERATION#flowable-async-job-executor-thread-18633#
[DetectDeployedMtaStep] Detecting MTA by id incident-management and namespace null#
#2026 09 28 11:31:40.098#Z#DEBUG#2bb21052-bb30-11f1-a969-eeee0a843796.OPERATION#flowable-async-job-executor-thread-18633#
[DetectDeployedMtaStep] Getting applications by metadata label selector "mta_id=65411f2f607a75efbe525f81cfecafad,!mta_namespace"...#
#2026 09 28 11:31:40.136#Z#DEBUG#2bb21052-bb30-11f1-a969-eeee0a843796.OPERATION#flowable-async-job-executor-thread-18633#
[DetectDeployedMtaStep] Getting service instances by metadata label selector "mta_id=65411f2f607a75efbe525f81cfecafad,!mta_namespace"...#
#2026 09 28 11:31:40.164#Z#INFO#2bb21052-bb30-11f1-a969-eeee0a843796.OPERATION#flowable-async-job-executor-thread-18633#
[DetectDeployedMtaStep] No deployed MTA detected - this is initial deployment of MTA with ID "incident-management"#
#2026 09 28 11:31:40.171#Z#DEBUG#2bb21052-bb30-11f1-a969-eeee0a843796.OPERATION#flowable-async-job-executor-thread-18633#
[DetectDeployedMtaStep] Detecting backup mta by id "incident-management" and namespace "null"#
#2026 09 28 11:31:40.171#Z#DEBUG#2bb21052-bb30-11f1-a969-eeee0a843796.OPERATION#flowable-async-job-executor-thread-18633#
[DetectDeployedMtaStep] Getting applications by metadata label selector "mta_id=65411f2f607a75efbe525f81cfecafad,mta_namespace=b698114a0995e936895b9598a6c19a2c"...#
#2026 09 28 11:31:40.197#Z#DEBUG#2bb21052-bb30-11f1-a969-eeee0a843796.OPERATION#flowable-async-job-executor-thread-18633#
[DetectDeployedMtaStep] Getting service instances by metadata label selector "mta_id=65411f2f607a75efbe525f81cfecafad,mta_namespace=b698114a0995e936895b9598a6c19a2c"...#
#2026 09 28 11:31:40.230#Z#DEBUG#2bb21052-bb30-11f1-a969-eeee0a843796.OPERATION#flowable-async-job-executor-thread-18633#
[DetectDeployedMtaStep] Deployed MTA service keys: [ ]#
#2026 09 28 11:31:40.230#Z#DEBUG#2bb21052-bb30-11f1-a969-eeee0a843796.OPERATION#flowable-async-job-executor-thread-18633#
Step "Detect Deployed MTA" finished#
#2026 09 28 11:31:40.269#Z#DEBUG#2bb21052-bb30-11f1-a969-eeee0a843796.OPERATION#flowable-async-job-executor-thread-18633#
[XS2CollectSystemParametersStep] Executing task "collectSystemParametersTask" of process "2bb21078-bb30-11f1-a969-eeee0a843796"...#
#2026 09 28 11:31:40.270#Z#DEBUG#2bb21052-bb30-11f1-a969-eeee0a843796.OPERATION#flowable-async-job-executor-thread-18633#
[XS2CollectSystemParametersStep] Collecting system parameters...#
#2026 09 28 11:31:40.271#Z#DEBUG#2bb21052-bb30-11f1-a969-eeee0a843796.OPERATION#flowable-async-job-executor-thread-18633#
[XS2CollectSystemParametersStep] Getting default domain...#
#2026 09 28 11:31:40.302#Z#DEBUG#2bb21052-bb30-11f1-a969-eeee0a843796.OPERATION#flowable-async-job-executor-thread-18633#
[XS2CollectSystemParametersStep] Default domain: cfapps.us10-001.hana.ondemand.com#
#2026 09 28 11:31:40.303#Z#DEBUG#2bb21052-bb30-11f1-a969-eeee0a843796.OPERATION#flowable-async-job-executor-thread-18633#
[XS2CollectSystemParametersStep] Checking for overwriting read-only parameters for mta with id: "incident-management"#
#2026 09 28 11:31:40.303#Z#DEBUG#2bb21052-bb30-11f1-a969-eeee0a843796.OPERATION#flowable-async-job-executor-thread-18633#
[XS2CollectSystemParametersStep] No read-only parameters are overwritten#
#2026 09 28 11:31:40.320#Z#DEBUG#2bb21052-bb30-11f1-a969-eeee0a843796.OPERATION#flowable-async-job-executor-thread-18633#
[XS2CollectSystemParametersStep] Descriptor with system parameters: {
  "majorSchemaVersion" : 3,
  "schemaVersion" : "3.3.0",
  "id" : "incident-management",
  "version" : "1.0.0",
  "modules" : [ {
    "majorSchemaVersion" : 3,
    "name" : "incident-management-srv",
    "type" : "javascript.nodejs",
    "path" : "incident-management-srv",
    "properties" : { },
    "parameters" : {
      "default-url" : "${protocol}://${default-uri}",
      "default-app-name" : "incident-management-srv",
      "generated-password" : "********",
      "default-live-url" : "${protocol}://${default-live-uri}",
      "default-uri" : "${host}.${domain}",
      "default-instances" : 1,
      "default-live-host" : "277e0127trial-dev-incident-management-srv",
      "instances" : 1,
      "buildpack" : "nodejs_buildpack",
      "default-host" : "277e0127trial-dev-incident-management-srv",
      "app-name" : "${default-app-name}",
      "default-live-uri" : "277e0127trial-dev-incident-management-srv.${domain}",
      "protocol" : "https",
      "default-live-app-name" : "incident-management-srv",
      "default-live-domain" : "cfapps.us10-001.hana.ondemand.com",
      "domain" : "${default-domain}",
      "host" : "${default-host}",
      "generated-user" : "********"
    },
    "requiredDependencies" : [ {
      "majorSchemaVersion" : 3,
      "name" : "********",
      "properties" : { },
      "parameters" : { },
      "propertiesMetadata" : {
        "metadata" : { }
      },
      "parametersMetadata" : {
        "metadata" : { }
      }
    }, {
      "majorSchemaVersion" : 3,
      "name" : "incident-management-db",
      "properties" : { },
      "parameters" : { },
      "propertiesMetadata" : {
        "metadata" : { }
      },
      "parametersMetadata" : {
        "metadata" : { }
      }
    }, {
      "majorSchemaVersion" : 3,
      "name" : "incident-management-destination",
      "properties" : { },
      "parameters" : { },
      "propertiesMetadata" : {
        "metadata" : { }
      },
      "parametersMetadata" : {
        "metadata" : { }
      }
    } ],
    "providedDependencies" : [ {
      "majorSchemaVersion" : 3,
      "name" : "srv-api",
      "isPublic" : false,
      "properties" : {
        "srv-url" : "${default-url}"
      },
      "parameters" : { },
      "propertiesMetadata" : {
        "metadata" : { }
      },
      "parametersMetadata" : {
        "metadata" : { }
      }
    }, {
      "majorSchemaVersion" : 3,
      "name" : "incident-management-srv",
      "isPublic" : false,
      "properties" : { },
      "parameters" : { },
      "propertiesMetadata" : {
        "metadata" : { }
      },
      "parametersMetadata" : {
        "metadata" : { }
      }
    } ],
    "propertiesMetadata" : {
      "metadata" : { }
    },
    "parametersMetadata" : {
      "metadata" : { }
    },
    "hooks" : [ ]
  }, {
    "majorSchemaVersion" : 3,
    "name" : "incident-management-db-deployer",
    "type" : "com.sap.xs.hdi",
    "path" : "incident-management-db-deployer",
    "properties" : {
      "EXIT" : 1
    },
    "parameters" : {
      "default-url" : "${protocol}://${default-uri}",
      "default-app-name" : "incident-management-db-deployer",
      "generated-password" : "********",
      "default-live-url" : "${protocol}://${default-live-uri}",
      "default-uri" : "${host}.${domain}",
      "memory" : "256M",
      "default-instances" : 1,
      "no-route" : true,
      "default-live-host" : "277e0127trial-dev-incident-management-db-deployer",
      "instances" : "${default-instances}",
      "buildpack" : "nodejs_buildpack",
      "default-host" : "277e0127trial-dev-incident-management-db-deployer",
      "app-name" : "${default-app-name}",
      "default-live-uri" : "277e0127trial-dev-incident-management-db-deployer.${domain}",
      "protocol" : "https",
      "default-live-app-name" : "incident-management-db-deployer",
      "default-live-domain" : "cfapps.us10-001.hana.ondemand.com",
      "dependency-type" : "hard",
      "domain" : "${default-domain}",
      "host" : "${default-host}",
      "generated-user" : "********",
      "tasks" : [ {
        "name" : "deploy",
        "memory" : "256M",
        "command" : "npm start"
      } ],
      "no-start" : true
    },
    "requiredDependencies" : [ {
      "majorSchemaVersion" : 3,
      "name" : "incident-management-db",
      "properties" : { },
      "parameters" : { },
      "propertiesMetadata" : {
        "metadata" : { }
      },
      "parametersMetadata" : {
        "metadata" : { }
      }
    } ],
    "providedDependencies" : [ {
      "majorSchemaVersion" : 3,
      "name" : "incident-management-db-deployer",
      "isPublic" : false,
      "properties" : { },
      "parameters" : { },
      "propertiesMetadata" : {
        "metadata" : { }
      },
      "parametersMetadata" : {
        "metadata" : { }
      }
    } ],
    "propertiesMetadata" : {
      "metadata" : { }
    },
    "parametersMetadata" : {
      "metadata" : { }
    },
    "hooks" : [ ]
  }, {
    "majorSchemaVersion" : 3,
    "name" : "incident-management-app-deployer",
    "type" : "com.sap.application.content",
    "path" : "incident-management-app-deployer",
    "properties" : { },
    "parameters" : {
      "default-url" : "${protocol}://${default-uri}",
      "default-app-name" : "incident-management-app-deployer",
      "generated-password" : "********",
      "default-live-url" : "${protocol}://${default-live-uri}",
      "default-uri" : "${host}.${domain}",
      "default-instances" : 1,
      "default-live-host" : "277e0127trial-dev-incident-management-app-deployer",
      "instances" : "${default-instances}",
      "default-host" : "277e0127trial-dev-incident-management-app-deployer",
      "app-name" : "${default-app-name}",
      "default-live-uri" : "277e0127trial-dev-incident-management-app-deployer.${domain}",
      "protocol" : "https",
      "default-live-app-name" : "incident-management-app-deployer",
      "default-live-domain" : "cfapps.us10-001.hana.ondemand.com",
      "domain" : "${default-domain}",
      "host" : "${default-host}",
      "generated-user" : "********",
      "config" : {
        "destinations" : [ {
          "Authentication" : "********",
          "DynamicDestination" : true,
          "ForwardAuthToken" : "********",
          "Name" : "srv-api",
          "ProxyType" : "Internet",
          "Type" : "HTTP",
          "URL" : "~{srv-api/srv-url}"
        } ]
      }
    },
    "requiredDependencies" : [ {
      "majorSchemaVersion" : 3,
      "name" : "********",
      "properties" : { },
      "parameters" : { },
      "propertiesMetadata" : {
        "metadata" : { }
      },
      "parametersMetadata" : {
        "metadata" : { }
      }
    }, {
      "majorSchemaVersion" : 3,
      "name" : "srv-api",
      "properties" : { },
      "parameters" : { },
      "propertiesMetadata" : {
        "metadata" : { }
      },
      "parametersMetadata" : {
        "metadata" : { }
      }
    }, {
      "majorSchemaVersion" : 3,
      "name" : "incident-management-html5-repo-host",
      "properties" : { },
      "parameters" : {
        "config" : {
          "HTML5Runtime_enabled" : true
        },
        "content-target" : true
      },
      "propertiesMetadata" : {
        "metadata" : { }
      },
      "parametersMetadata" : {
        "metadata" : { }
      }
    } ],
    "providedDependencies" : [ {
      "majorSchemaVersion" : 3,
      "name" : "incident-management-app-deployer",
      "isPublic" : false,
      "properties" : { },
      "parameters" : { },
      "propertiesMetadata" : {
        "metadata" : { }
      },
      "parametersMetadata" : {
        "metadata" : { }
      }
    } ],
    "propertiesMetadata" : {
      "metadata" : { }
    },
    "parametersMetadata" : {
      "metadata" : { }
    },
    "hooks" : [ ]
  }, {
    "majorSchemaVersion" : 3,
    "name" : "incident-management-destinations",
    "type" : "com.sap.application.content",
    "properties" : { },
    "parameters" : {
      "default-url" : "${protocol}://${default-uri}",
      "default-app-name" : "incident-management-destinations",
      "generated-password" : "********",
      "default-live-url" : "${protocol}://${default-live-uri}",
      "default-uri" : "${host}.${domain}",
      "default-instances" : 1,
      "default-live-host" : "277e0127trial-dev-incident-management-destinations",
      "instances" : "${default-instances}",
      "default-host" : "277e0127trial-dev-incident-management-destinations",
      "content" : {
        "instance" : {
          "destinations" : [ {
            "Name" : "incident-management-html5-repository",
            "ServiceInstanceName" : "incident-management-html5-repo-host",
            "ServiceKeyName" : "********",
            "sap.cloud.service" : "incidentmanagement.service"
          }, {
            "Authentication" : "********",
            "Name" : "********",
            "ServiceInstanceName" : "********",
            "ServiceKeyName" : "********",
            "sap.cloud.service" : "incidentmanagement.service"
          } ],
          "existing_destinations_policy" : "update"
        }
      },
      "app-name" : "${default-app-name}",
      "default-live-uri" : "277e0127trial-dev-incident-management-destinations.${domain}",
      "protocol" : "https",
      "default-live-app-name" : "incident-management-destinations",
      "default-live-domain" : "cfapps.us10-001.hana.ondemand.com",
      "domain" : "${default-domain}",
      "host" : "${default-host}",
      "generated-user" : "********"
    },
    "requiredDependencies" : [ {
      "majorSchemaVersion" : 3,
      "name" : "********",
      "properties" : { },
      "parameters" : {
        "service-key" : "********"
      },
      "propertiesMetadata" : {
        "metadata" : { }
      },
      "parametersMetadata" : {
        "metadata" : { }
      }
    }, {
      "majorSchemaVersion" : 3,
      "name" : "incident-management-html5-repo-host",
      "properties" : { },
      "parameters" : {
        "service-key" : "********"
      },
      "propertiesMetadata" : {
        "metadata" : { }
      },
      "parametersMetadata" : {
        "metadata" : { }
      }
    }, {
      "majorSchemaVersion" : 3,
      "name" : "srv-api",
      "properties" : { },
      "parameters" : { },
      "propertiesMetadata" : {
        "metadata" : { }
      },
      "parametersMetadata" : {
        "metadata" : { }
      }
    }, {
      "majorSchemaVersion" : 3,
      "name" : "incident-management-destination",
      "properties" : { },
      "parameters" : {
        "content-target" : true
      },
      "propertiesMetadata" : {
        "metadata" : { }
      },
      "parametersMetadata" : {
        "metadata" : { }
      }
    } ],
    "providedDependencies" : [ {
      "majorSchemaVersion" : 3,
      "name" : "incident-management-destinations",
      "isPublic" : false,
      "properties" : { },
      "parameters" : { },
      "propertiesMetadata" : {
        "metadata" : { }
      },
      "parametersMetadata" : {
        "metadata" : { }
      }
    } ],
    "propertiesMetadata" : {
      "metadata" : { }
    },
    "parametersMetadata" : {
      "metadata" : { }
    },
    "hooks" : [ ]
  } ],
  "resources" : [ {
    "majorSchemaVersion" : 3,
    "name" : "********",
    "type" : "org.cloudfoundry.managed-service",
    "properties" : { },
    "parameters" : {
      "generated-password" : "********",
      "path" : "./xs-security.json",
      "service-name" : "${default-service-name}",
      "service-plan" : "application",
      "service" : "xsuaa",
      "generated-user" : "********",
      "default-xsappname" : "********",
      "type" : "managed-service",
      "config" : {
        "oauth2-configuration" : "********",
        "role-collections" : [ {
          "description" : "generated",
          "name" : "support (incident-management ${org}-${space})",
          "role-template-references" : [ "$XSAPPNAME.support" ]
        }, {
          "description" : "generated",
          "name" : "admin (incident-management ${org}-${space})",
          "role-template-references" : [ "$XSAPPNAME.admin" ]
        } ],
        "tenant-mode" : "dedicated",
        "xsappname" : "incident-management-${org}-${space}"
      },
      "default-service-name" : "********",
      "default-container-name" : "********"
    },
    "isActive" : true,
    "isOptional" : false,
    "propertiesMetadata" : {
      "metadata" : { }
    },
    "parametersMetadata" : {
      "metadata" : { }
    },
    "requiredDependencies" : [ ],
    "processedAfter" : [ ]
  }, {
    "majorSchemaVersion" : 3,
    "name" : "incident-management-db",
    "type" : "com.sap.xs.hdi-container",
    "properties" : { },
    "parameters" : {
      "generated-password" : "********",
      "service-name" : "${default-service-name}",
      "service-plan" : "hdi-shared",
      "service" : "hana",
      "generated-user" : "********",
      "default-xsappname" : "incident-management-db",
      "type" : "managed-service",
      "default-service-name" : "incident-management-db",
      "default-container-name" : "277E0127TRIAL_DEV_INCIDENT_MANAGEMENT_DB"
    },
    "isActive" : true,
    "isOptional" : false,
    "propertiesMetadata" : {
      "metadata" : { }
    },
    "parametersMetadata" : {
      "metadata" : { }
    },
    "requiredDependencies" : [ ],
    "processedAfter" : [ ]
  }, {
    "majorSchemaVersion" : 3,
    "name" : "incident-management-destination",
    "type" : "org.cloudfoundry.managed-service",
    "properties" : { },
    "parameters" : {
      "generated-password" : "********",
      "service-name" : "${default-service-name}",
      "service-plan" : "lite",
      "service" : "destination",
      "generated-user" : "********",
      "default-xsappname" : "incident-management-destination",
      "type" : "managed-service",
      "config" : {
        "HTML5Runtime_enabled" : true,
        "init_data" : {
          "instance" : {
            "destinations" : [ {
              "Authentication" : "********",
              "DynamicDestination" : true,
              "ForwardAuthToken" : "********",
              "Name" : "srv-api",
              "ProxyType" : "Internet",
              "Type" : "HTTP",
              "URL" : "~{srv-api/srv-url}"
            } ],
            "existing_destinations_policy" : "update"
          }
        }
      },
      "default-service-name" : "incident-management-destination",
      "default-container-name" : "277E0127TRIAL_DEV_INCIDENT_MANAGEMENT_DESTINATION"
    },
    "isActive" : true,
    "isOptional" : false,
    "propertiesMetadata" : {
      "metadata" : { }
    },
    "parametersMetadata" : {
      "metadata" : { }
    },
    "requiredDependencies" : [ {
      "majorSchemaVersion" : 3,
      "name" : "srv-api",
      "properties" : { },
      "parameters" : { },
      "propertiesMetadata" : {
        "metadata" : { }
      },
      "parametersMetadata" : {
        "metadata" : { }
      }
    } ],
    "processedAfter" : [ ]
  }, {
    "majorSchemaVersion" : 3,
    "name" : "incident-management-html5-repo-host",
    "type" : "org.cloudfoundry.managed-service",
    "properties" : { },
    "parameters" : {
      "generated-password" : "********",
      "service-name" : "${default-service-name}",
      "service-plan" : "app-host",
      "service" : "html5-apps-repo",
      "generated-user" : "********",
      "default-xsappname" : "incident-management-html5-repo-host",
      "type" : "managed-service",
      "default-service-name" : "incident-management-html5-repo-host",
      "default-container-name" : "277E0127TRIAL_DEV_INCIDENT_MANAGEMENT_HTML5_REPO_HOST"
    },
    "isActive" : true,
    "isOptional" : false,
    "propertiesMetadata" : {
      "metadata" : { }
    },
    "parametersMetadata" : {
      "metadata" : { }
    },
    "requiredDependencies" : [ ],
    "processedAfter" : [ ]
  } ],
  "parameters" : {
    "deploy_mode" : "html5-repo",
    "mta-id" : "incident-management",
    "authorization-url" : "********",
    "org-guid" : "9bac6195-6fde-4833-ad06-da82f9540eb9",
    "org" : "277e0127trial",
    "deploy-target" : "277e0127trial dev",
    "enable-parallel-deployments" : true,
    "space" : "dev",
    "xs-api-url" : "https://api.cf.us10-001.hana.ondemand.com",
    "deploy-url" : "deploy-service.cfapps.us10-001.hana.ondemand.com",
    "xs-type" : "CF",
    "default-domain" : "cfapps.us10-001.hana.ondemand.com",
    "mta-version" : "1.0.0",
    "xs-auth-url" : "********",
    "space-guid" : "625adf6d-63f6-4db7-a3cd-0f6c39a650f8",
    "user" : "********",
    "controller-url" : "https://api.cf.us10-001.hana.ondemand.com",
    "timestamp" : "20260928113139"
  },
  "parametersMetadata" : {
    "metadata" : { }
  }
}#
#2026 09 28 11:31:40.320#Z#DEBUG#2bb21052-bb30-11f1-a969-eeee0a843796.OPERATION#flowable-async-job-executor-thread-18633#
[XS2CollectSystemParametersStep] Version rule: SAME_HIGHER#
#2026 09 28 11:31:40.320#Z#INFO#2bb21052-bb30-11f1-a969-eeee0a843796.OPERATION#flowable-async-job-executor-thread-18633#
[XS2CollectSystemParametersStep] Detected new MTA version: "1.0.0"#
#2026 09 28 11:31:40.325#Z#DEBUG#2bb21052-bb30-11f1-a969-eeee0a843796.OPERATION#flowable-async-job-executor-thread-18633#
[XS2CollectSystemParametersStep] MTA accepted for deployment#
#2026 09 28 11:31:40.325#Z#DEBUG#2bb21052-bb30-11f1-a969-eeee0a843796.OPERATION#flowable-async-job-executor-thread-18633#
[XS2CollectSystemParametersStep] System parameters collected#
#2026 09 28 11:31:40.325#Z#DEBUG#2bb21052-bb30-11f1-a969-eeee0a843796.OPERATION#flowable-async-job-executor-thread-18633#
Step "Collect System Parameters" finished#
#2026 09 28 11:31:40.355#Z#DEBUG#2bb21052-bb30-11f1-a969-eeee0a843796.OPERATION#flowable-async-job-executor-thread-18633#
[ProcessDescriptorStep] Executing task "processDescriptorTask" of process "2bb21078-bb30-11f1-a969-eeee0a843796"...#
#2026 09 28 11:31:40.356#Z#DEBUG#2bb21052-bb30-11f1-a969-eeee0a843796.OPERATION#flowable-async-job-executor-thread-18633#
[ProcessDescriptorStep] Resolving properties and parameters in merged descriptor...#
#2026 09 28 11:31:40.360#Z#DEBUG#2bb21052-bb30-11f1-a969-eeee0a843796.OPERATION#flowable-async-job-executor-thread-18633#
[ProcessDescriptorStep] Subscriptions: [ ]#
#2026 09 28 11:31:40.360#Z#DEBUG#2bb21052-bb30-11f1-a969-eeee0a843796.OPERATION#flowable-async-job-executor-thread-18633#
[ProcessDescriptorStep] MTA modules: [incident-management-app-deployer, incident-management-db-deployer, incident-management-srv, incident-management-destinations]#
#2026 09 28 11:31:40.361#Z#DEBUG#2bb21052-bb30-11f1-a969-eeee0a843796.OPERATION#flowable-async-job-executor-thread-18633#
[ProcessDescriptorStep] Resolved deployment descriptor: {
  "majorSchemaVersion" : 3,
  "schemaVersion" : "3.3.0",
  "id" : "incident-management",
  "version" : "1.0.0",
  "modules" : [ {
    "majorSchemaVersion" : 3,
    "name" : "incident-management-srv",
    "type" : "javascript.nodejs",
    "path" : "incident-management-srv",
    "properties" : { },
    "parameters" : {
      "default-url" : "https://277e0127trial-dev-incident-management-srv.cfapps.us10-001.hana.ondemand.com",
      "default-app-name" : "incident-management-srv",
      "generated-password" : "********",
      "default-live-url" : "https://277e0127trial-dev-incident-management-srv.cfapps.us10-001.hana.ondemand.com",
      "default-uri" : "277e0127trial-dev-incident-management-srv.cfapps.us10-001.hana.ondemand.com",
      "default-instances" : 1,
      "default-live-host" : "277e0127trial-dev-incident-management-srv",
      "instances" : 1,
      "buildpack" : "nodejs_buildpack",
      "default-host" : "277e0127trial-dev-incident-management-srv",
      "app-name" : "incident-management-srv",
      "default-live-uri" : "277e0127trial-dev-incident-management-srv.cfapps.us10-001.hana.ondemand.com",
      "protocol" : "https",
      "default-live-app-name" : "incident-management-srv",
      "default-live-domain" : "cfapps.us10-001.hana.ondemand.com",
      "domain" : "cfapps.us10-001.hana.ondemand.com",
      "host" : "277e0127trial-dev-incident-management-srv",
      "generated-user" : "********"
    },
    "requiredDependencies" : [ {
      "majorSchemaVersion" : 3,
      "name" : "********",
      "properties" : { },
      "parameters" : { },
      "propertiesMetadata" : {
        "metadata" : { }
      },
      "parametersMetadata" : {
        "metadata" : { }
      }
    }, {
      "majorSchemaVersion" : 3,
      "name" : "incident-management-db",
      "properties" : { },
      "parameters" : { },
      "propertiesMetadata" : {
        "metadata" : { }
      },
      "parametersMetadata" : {
        "metadata" : { }
      }
    }, {
      "majorSchemaVersion" : 3,
      "name" : "incident-management-destination",
      "properties" : { },
      "parameters" : { },
      "propertiesMetadata" : {
        "metadata" : { }
      },
      "parametersMetadata" : {
        "metadata" : { }
      }
    } ],
    "providedDependencies" : [ {
      "majorSchemaVersion" : 3,
      "name" : "srv-api",
      "isPublic" : false,
      "properties" : {
        "srv-url" : "https://277e0127trial-dev-incident-management-srv.cfapps.us10-001.hana.ondemand.com"
      },
      "parameters" : { },
      "propertiesMetadata" : {
        "metadata" : { }
      },
      "parametersMetadata" : {
        "metadata" : { }
      }
    }, {
      "majorSchemaVersion" : 3,
      "name" : "incident-management-srv",
      "isPublic" : false,
      "properties" : { },
      "parameters" : { },
      "propertiesMetadata" : {
        "metadata" : { }
      },
      "parametersMetadata" : {
        "metadata" : { }
      }
    } ],
    "propertiesMetadata" : {
      "metadata" : { }
    },
    "parametersMetadata" : {
      "metadata" : { }
    },
    "hooks" : [ ]
  }, {
    "majorSchemaVersion" : 3,
    "name" : "incident-management-db-deployer",
    "type" : "com.sap.xs.hdi",
    "path" : "incident-management-db-deployer",
    "properties" : {
      "EXIT" : 1
    },
    "parameters" : {
      "default-url" : "https://277e0127trial-dev-incident-management-db-deployer.cfapps.us10-001.hana.ondemand.com",
      "default-app-name" : "incident-management-db-deployer",
      "generated-password" : "********",
      "default-live-url" : "https://277e0127trial-dev-incident-management-db-deployer.cfapps.us10-001.hana.ondemand.com",
      "default-uri" : "277e0127trial-dev-incident-management-db-deployer.cfapps.us10-001.hana.ondemand.com",
      "memory" : "256M",
      "default-instances" : 1,
      "no-route" : true,
      "default-live-host" : "277e0127trial-dev-incident-management-db-deployer",
      "instances" : 1,
      "buildpack" : "nodejs_buildpack",
      "default-host" : "277e0127trial-dev-incident-management-db-deployer",
      "app-name" : "incident-management-db-deployer",
      "default-live-uri" : "277e0127trial-dev-incident-management-db-deployer.cfapps.us10-001.hana.ondemand.com",
      "protocol" : "https",
      "default-live-app-name" : "incident-management-db-deployer",
      "default-live-domain" : "cfapps.us10-001.hana.ondemand.com",
      "dependency-type" : "hard",
      "domain" : "cfapps.us10-001.hana.ondemand.com",
      "host" : "277e0127trial-dev-incident-management-db-deployer",
      "generated-user" : "********",
      "tasks" : [ {
        "command" : "npm start",
        "memory" : "256M",
        "name" : "deploy"
      } ],
      "no-start" : true
    },
    "requiredDependencies" : [ {
      "majorSchemaVersion" : 3,
      "name" : "incident-management-db",
      "properties" : { },
      "parameters" : { },
      "propertiesMetadata" : {
        "metadata" : { }
      },
      "parametersMetadata" : {
        "metadata" : { }
      }
    } ],
    "providedDependencies" : [ {
      "majorSchemaVersion" : 3,
      "name" : "incident-management-db-deployer",
      "isPublic" : false,
      "properties" : { },
      "parameters" : { },
      "propertiesMetadata" : {
        "metadata" : { }
      },
      "parametersMetadata" : {
        "metadata" : { }
      }
    } ],
    "propertiesMetadata" : {
      "metadata" : { }
    },
    "parametersMetadata" : {
      "metadata" : { }
    },
    "hooks" : [ ]
  }, {
    "majorSchemaVersion" : 3,
    "name" : "incident-management-app-deployer",
    "type" : "com.sap.application.content",
    "path" : "incident-management-app-deployer",
    "properties" : { },
    "parameters" : {
      "default-url" : "https://277e0127trial-dev-incident-management-app-deployer.cfapps.us10-001.hana.ondemand.com",
      "default-app-name" : "incident-management-app-deployer",
      "generated-password" : "********",
      "default-live-url" : "https://277e0127trial-dev-incident-management-app-deployer.cfapps.us10-001.hana.ondemand.com",
      "default-uri" : "277e0127trial-dev-incident-management-app-deployer.cfapps.us10-001.hana.ondemand.com",
      "default-instances" : 1,
      "default-live-host" : "277e0127trial-dev-incident-management-app-deployer",
      "instances" : 1,
      "default-host" : "277e0127trial-dev-incident-management-app-deployer",
      "app-name" : "incident-management-app-deployer",
      "default-live-uri" : "277e0127trial-dev-incident-management-app-deployer.cfapps.us10-001.hana.ondemand.com",
      "protocol" : "https",
      "default-live-app-name" : "incident-management-app-deployer",
      "default-live-domain" : "cfapps.us10-001.hana.ondemand.com",
      "domain" : "cfapps.us10-001.hana.ondemand.com",
      "host" : "277e0127trial-dev-incident-management-app-deployer",
      "generated-user" : "********",
      "config" : {
        "destinations" : [ {
          "Authentication" : "********",
          "DynamicDestination" : true,
          "ForwardAuthToken" : "********",
          "Name" : "srv-api",
          "ProxyType" : "Internet",
          "Type" : "HTTP",
          "URL" : "https://277e0127trial-dev-incident-management-srv.cfapps.us10-001.hana.ondemand.com"
        } ]
      }
    },
    "requiredDependencies" : [ {
      "majorSchemaVersion" : 3,
      "name" : "********",
      "properties" : { },
      "parameters" : { },
      "propertiesMetadata" : {
        "metadata" : { }
      },
      "parametersMetadata" : {
        "metadata" : { }
      }
    }, {
      "majorSchemaVersion" : 3,
      "name" : "srv-api",
      "properties" : { },
      "parameters" : { },
      "propertiesMetadata" : {
        "metadata" : { }
      },
      "parametersMetadata" : {
        "metadata" : { }
      }
    }, {
      "majorSchemaVersion" : 3,
      "name" : "incident-management-html5-repo-host",
      "properties" : { },
      "parameters" : {
        "config" : {
          "HTML5Runtime_enabled" : true
        },
        "content-target" : true
      },
      "propertiesMetadata" : {
        "metadata" : { }
      },
      "parametersMetadata" : {
        "metadata" : { }
      }
    } ],
    "providedDependencies" : [ {
      "majorSchemaVersion" : 3,
      "name" : "incident-management-app-deployer",
      "isPublic" : false,
      "properties" : { },
      "parameters" : { },
      "propertiesMetadata" : {
        "metadata" : { }
      },
      "parametersMetadata" : {
        "metadata" : { }
      }
    } ],
    "propertiesMetadata" : {
      "metadata" : { }
    },
    "parametersMetadata" : {
      "metadata" : { }
    },
    "hooks" : [ ]
  }, {
    "majorSchemaVersion" : 3,
    "name" : "incident-management-destinations",
    "type" : "com.sap.application.content",
    "properties" : { },
    "parameters" : {
      "default-url" : "https://277e0127trial-dev-incident-management-destinations.cfapps.us10-001.hana.ondemand.com",
      "default-app-name" : "incident-management-destinations",
      "generated-password" : "********",
      "default-live-url" : "https://277e0127trial-dev-incident-management-destinations.cfapps.us10-001.hana.ondemand.com",
      "default-uri" : "277e0127trial-dev-incident-management-destinations.cfapps.us10-001.hana.ondemand.com",
      "default-instances" : 1,
      "default-live-host" : "277e0127trial-dev-incident-management-destinations",
      "instances" : 1,
      "default-host" : "277e0127trial-dev-incident-management-destinations",
      "content" : {
        "instance" : {
          "destinations" : [ {
            "Name" : "incident-management-html5-repository",
            "ServiceInstanceName" : "incident-management-html5-repo-host",
            "ServiceKeyName" : "********",
            "sap.cloud.service" : "incidentmanagement.service"
          }, {
            "Authentication" : "********",
            "Name" : "********",
            "ServiceInstanceName" : "********",
            "ServiceKeyName" : "********",
            "sap.cloud.service" : "incidentmanagement.service"
          } ],
          "existing_destinations_policy" : "update"
        }
      },
      "app-name" : "incident-management-destinations",
      "default-live-uri" : "277e0127trial-dev-incident-management-destinations.cfapps.us10-001.hana.ondemand.com",
      "protocol" : "https",
      "default-live-app-name" : "incident-management-destinations",
      "default-live-domain" : "cfapps.us10-001.hana.ondemand.com",
      "domain" : "cfapps.us10-001.hana.ondemand.com",
      "host" : "277e0127trial-dev-incident-management-destinations",
      "generated-user" : "********"
    },
    "requiredDependencies" : [ {
      "majorSchemaVersion" : 3,
      "name" : "********",
      "properties" : { },
      "parameters" : {
        "service-key" : "********"
      },
      "propertiesMetadata" : {
        "metadata" : { }
      },
      "parametersMetadata" : {
        "metadata" : { }
      }
    }, {
      "majorSchemaVersion" : 3,
      "name" : "incident-management-html5-repo-host",
      "properties" : { },
      "parameters" : {
        "service-key" : "********"
      },
      "propertiesMetadata" : {
        "metadata" : { }
      },
      "parametersMetadata" : {
        "metadata" : { }
      }
    }, {
      "majorSchemaVersion" : 3,
      "name" : "srv-api",
      "properties" : { },
      "parameters" : { },
      "propertiesMetadata" : {
        "metadata" : { }
      },
      "parametersMetadata" : {
        "metadata" : { }
      }
    }, {
      "majorSchemaVersion" : 3,
      "name" : "incident-management-destination",
      "properties" : { },
      "parameters" : {
        "content-target" : true
      },
      "propertiesMetadata" : {
        "metadata" : { }
      },
      "parametersMetadata" : {
        "metadata" : { }
      }
    } ],
    "providedDependencies" : [ {
      "majorSchemaVersion" : 3,
      "name" : "incident-management-destinations",
      "isPublic" : false,
      "properties" : { },
      "parameters" : { },
      "propertiesMetadata" : {
        "metadata" : { }
      },
      "parametersMetadata" : {
        "metadata" : { }
      }
    } ],
    "propertiesMetadata" : {
      "metadata" : { }
    },
    "parametersMetadata" : {
      "metadata" : { }
    },
    "hooks" : [ ]
  } ],
  "resources" : [ {
    "majorSchemaVersion" : 3,
    "name" : "********",
    "type" : "org.cloudfoundry.managed-service",
    "properties" : { },
    "parameters" : {
      "generated-password" : "********",
      "path" : "./xs-security.json",
      "service-name" : "********",
      "service-plan" : "application",
      "service" : "xsuaa",
      "generated-user" : "********",
      "default-xsappname" : "********",
      "type" : "managed-service",
      "config" : {
        "oauth2-configuration" : "********",
        "role-collections" : [ {
          "description" : "generated",
          "name" : "support (incident-management 277e0127trial-dev)",
          "role-template-references" : [ "$XSAPPNAME.support" ]
        }, {
          "description" : "generated",
          "name" : "admin (incident-management 277e0127trial-dev)",
          "role-template-references" : [ "$XSAPPNAME.admin" ]
        } ],
        "tenant-mode" : "dedicated",
        "xsappname" : "incident-management-277e0127trial-dev"
      },
      "default-service-name" : "********",
      "default-container-name" : "********"
    },
    "isActive" : true,
    "isOptional" : false,
    "propertiesMetadata" : {
      "metadata" : { }
    },
    "parametersMetadata" : {
      "metadata" : { }
    },
    "requiredDependencies" : [ ],
    "processedAfter" : [ ]
  }, {
    "majorSchemaVersion" : 3,
    "name" : "incident-management-db",
    "type" : "com.sap.xs.hdi-container",
    "properties" : { },
    "parameters" : {
      "generated-password" : "********",
      "service-name" : "incident-management-db",
      "service-plan" : "hdi-shared",
      "service" : "hana",
      "generated-user" : "********",
      "default-xsappname" : "incident-management-db",
      "type" : "managed-service",
      "default-service-name" : "incident-management-db",
      "default-container-name" : "277E0127TRIAL_DEV_INCIDENT_MANAGEMENT_DB"
    },
    "isActive" : true,
    "isOptional" : false,
    "propertiesMetadata" : {
      "metadata" : { }
    },
    "parametersMetadata" : {
      "metadata" : { }
    },
    "requiredDependencies" : [ ],
    "processedAfter" : [ ]
  }, {
    "majorSchemaVersion" : 3,
    "name" : "incident-management-destination",
    "type" : "org.cloudfoundry.managed-service",
    "properties" : { },
    "parameters" : {
      "generated-password" : "********",
      "service-name" : "incident-management-destination",
      "service-plan" : "lite",
      "service" : "destination",
      "generated-user" : "********",
      "default-xsappname" : "incident-management-destination",
      "type" : "managed-service",
      "config" : {
        "HTML5Runtime_enabled" : true,
        "init_data" : {
          "instance" : {
            "destinations" : [ {
              "Authentication" : "********",
              "DynamicDestination" : true,
              "ForwardAuthToken" : "********",
              "Name" : "srv-api",
              "ProxyType" : "Internet",
              "Type" : "HTTP",
              "URL" : "https://277e0127trial-dev-incident-management-srv.cfapps.us10-001.hana.ondemand.com"
            } ],
            "existing_destinations_policy" : "update"
          }
        }
      },
      "default-service-name" : "incident-management-destination",
      "default-container-name" : "277E0127TRIAL_DEV_INCIDENT_MANAGEMENT_DESTINATION"
    },
    "isActive" : true,
    "isOptional" : false,
    "propertiesMetadata" : {
      "metadata" : { }
    },
    "parametersMetadata" : {
      "metadata" : { }
    },
    "requiredDependencies" : [ {
      "majorSchemaVersion" : 3,
      "name" : "srv-api",
      "properties" : { },
      "parameters" : { },
      "propertiesMetadata" : {
        "metadata" : { }
      },
      "parametersMetadata" : {
        "metadata" : { }
      }
    } ],
    "processedAfter" : [ ]
  }, {
    "majorSchemaVersion" : 3,
    "name" : "incident-management-html5-repo-host",
    "type" : "org.cloudfoundry.managed-service",
    "properties" : { },
    "parameters" : {
      "generated-password" : "********",
      "service-name" : "incident-management-html5-repo-host",
      "service-plan" : "app-host",
      "service" : "html5-apps-repo",
      "generated-user" : "********",
      "default-xsappname" : "incident-management-html5-repo-host",
      "type" : "managed-service",
      "default-service-name" : "incident-management-html5-repo-host",
      "default-container-name" : "277E0127TRIAL_DEV_INCIDENT_MANAGEMENT_HTML5_REPO_HOST"
    },
    "isActive" : true,
    "isOptional" : false,
    "propertiesMetadata" : {
      "metadata" : { }
    },
    "parametersMetadata" : {
      "metadata" : { }
    },
    "requiredDependencies" : [ ],
    "processedAfter" : [ ]
  } ],
  "parameters" : {
    "deploy_mode" : "html5-repo",
    "mta-id" : "incident-management",
    "authorization-url" : "********",
    "org-guid" : "9bac6195-6fde-4833-ad06-da82f9540eb9",
    "org" : "277e0127trial",
    "deploy-target" : "277e0127trial dev",
    "enable-parallel-deployments" : true,
    "region-primary-domain" : "us10.hana.ondemand.com",
    "space" : "dev",
    "region-domain" : "us10-001.hana.ondemand.com",
    "xs-api-url" : "https://api.cf.us10-001.hana.ondemand.com",
    "deploy-url" : "deploy-service.cfapps.us10-001.hana.ondemand.com",
    "xs-type" : "CF",
    "default-domain" : "cfapps.us10-001.hana.ondemand.com",
    "mta-version" : "1.0.0",
    "xs-auth-url" : "********",
    "space-guid" : "625adf6d-63f6-4db7-a3cd-0f6c39a650f8",
    "user" : "********",
    "controller-url" : "https://api.cf.us10-001.hana.ondemand.com",
    "timestamp" : "20260928113139"
  },
  "parametersMetadata" : {
    "metadata" : { }
  }
}#
#2026 09 28 11:31:40.361#Z#DEBUG#2bb21052-bb30-11f1-a969-eeee0a843796.OPERATION#flowable-async-job-executor-thread-18633#
[ProcessDescriptorStep] Merged descriptor properties and parameters resolved#
#2026 09 28 11:31:40.361#Z#DEBUG#2bb21052-bb30-11f1-a969-eeee0a843796.OPERATION#flowable-async-job-executor-thread-18633#
Step "Process Descriptor Step" finished#
#2026 09 28 11:31:40.394#Z#DEBUG#2bb21052-bb30-11f1-a969-eeee0a843796.OPERATION#flowable-async-job-executor-thread-18633#
[XS2BuildCloudDeployModelStep] Executing task "buildDeployModelTask" of process "2bb21078-bb30-11f1-a969-eeee0a843796"...#
#2026 09 28 11:31:40.398#Z#DEBUG#2bb21052-bb30-11f1-a969-eeee0a843796.OPERATION#flowable-async-job-executor-thread-18633#
[XS2BuildCloudDeployModelStep] Service keys defined for content deployment grouped by service name: {
  "incident-management-auth" : "********",
  "incident-management-html5-repo-host" : [ {
    "name" : "********",
    "v3Metadata" : {
      "annotations" : {
        "mta_id" : "incident-management",
        "mta_version" : "1.0.0"
      },
      "labels" : {
        "mta_id" : "65411f2f607a75efbe525f81cfecafad",
        "space_guid" : "625adf6d-63f6-4db7-a3cd-0f6c39a650f8"
      }
    },
    "credentials" : "********",
    "moduleName" : "incident-management-app-deployer",
    "resourceName" : "incident-management-html5-repo-host",
    "serviceInstance" : {
      "isOptional" : false,
      "isManaged" : false,
      "name" : "incident-management-html5-repo-host",
      "credentials" : "********",
      "tags" : [ ],
      "shouldSkipParametersUpdate" : false,
      "shouldSkipPlanUpdate" : false,
      "shouldSkipTagsUpdate" : false,
      "shouldSkipSyslogUrlUpdate" : false
    },
    "shouldDeleteServiceKeyAfterDeploy" : "********",
    "resourceType" : "org.cloudfoundry.managed-service"
  }, {
    "name" : "********",
    "v3Metadata" : {
      "annotations" : {
        "mta_id" : "incident-management",
        "mta_version" : "1.0.0"
      },
      "labels" : {
        "mta_id" : "65411f2f607a75efbe525f81cfecafad",
        "space_guid" : "625adf6d-63f6-4db7-a3cd-0f6c39a650f8"
      }
    },
    "credentials" : "********",
    "moduleName" : "incident-management-destinations",
    "resourceName" : "incident-management-html5-repo-host",
    "serviceInstance" : {
      "isOptional" : false,
      "isManaged" : false,
      "name" : "incident-management-html5-repo-host",
      "credentials" : "********",
      "tags" : [ ],
      "shouldSkipParametersUpdate" : false,
      "shouldSkipPlanUpdate" : false,
      "shouldSkipTagsUpdate" : false,
      "shouldSkipSyslogUrlUpdate" : false
    },
    "shouldDeleteServiceKeyAfterDeploy" : "********",
    "resourceType" : "org.cloudfoundry.managed-service"
  } ],
  "incident-management-destination" : [ {
    "name" : "********",
    "v3Metadata" : {
      "annotations" : {
        "mta_id" : "incident-management",
        "mta_version" : "1.0.0"
      },
      "labels" : {
        "mta_id" : "65411f2f607a75efbe525f81cfecafad",
        "space_guid" : "625adf6d-63f6-4db7-a3cd-0f6c39a650f8"
      }
    },
    "credentials" : "********",
    "moduleName" : "incident-management-destinations",
    "resourceName" : "incident-management-destination",
    "serviceInstance" : {
      "isOptional" : false,
      "isManaged" : false,
      "name" : "incident-management-destination",
      "credentials" : "********",
      "tags" : [ ],
      "shouldSkipParametersUpdate" : false,
      "shouldSkipPlanUpdate" : false,
      "shouldSkipTagsUpdate" : false,
      "shouldSkipSyslogUrlUpdate" : false
    },
    "shouldDeleteServiceKeyAfterDeploy" : "********",
    "resourceType" : "org.cloudfoundry.managed-service"
  } ]
}#
#2026 09 28 11:31:40.398#Z#DEBUG#2bb21052-bb30-11f1-a969-eeee0a843796.OPERATION#flowable-async-job-executor-thread-18633#
[XS2BuildCloudDeployModelStep] Building cloud deployment model...#
#2026 09 28 11:31:40.399#Z#DEBUG#2bb21052-bb30-11f1-a969-eeee0a843796.OPERATION#flowable-async-job-executor-thread-18633#
[XS2BuildCloudDeployModelStep] MTA archive modules: [incident-management-app-deployer, incident-management-db-deployer, incident-management-srv]#
#2026 09 28 11:31:40.399#Z#DEBUG#2bb21052-bb30-11f1-a969-eeee0a843796.OPERATION#flowable-async-job-executor-thread-18633#
[XS2BuildCloudDeployModelStep] Deployed modules: []#
#2026 09 28 11:31:40.400#Z#DEBUG#2bb21052-bb30-11f1-a969-eeee0a843796.OPERATION#flowable-async-job-executor-thread-18633#
[XS2BuildCloudDeployModelStep] MTA modules: [incident-management-app-deployer, incident-management-db-deployer, incident-management-srv, incident-management-destinations]#
#2026 09 28 11:31:40.400#Z#DEBUG#2bb21052-bb30-11f1-a969-eeee0a843796.OPERATION#flowable-async-job-executor-thread-18633#
[XS2BuildCloudDeployModelStep] Service keys to create: {
  "incident-management-auth" : "********",
  "incident-management-db" : [ ],
  "incident-management-html5-repo-host" : [ ],
  "incident-management-destination" : [ ]
}#
#2026 09 28 11:31:40.400#Z#DEBUG#2bb21052-bb30-11f1-a969-eeee0a843796.OPERATION#flowable-async-job-executor-thread-18633#
[XS2BuildCloudDeployModelStep] Modules to deploy: [{
  "majorSchemaVersion" : 3,
  "name" : "incident-management-srv",
  "type" : "javascript.nodejs",
  "path" : "incident-management-srv",
  "properties" : { },
  "parameters" : {
    "default-url" : "https://277e0127trial-dev-incident-management-srv.cfapps.us10-001.hana.ondemand.com",
    "default-app-name" : "incident-management-srv",
    "generated-password" : "********",
    "default-live-url" : "https://277e0127trial-dev-incident-management-srv.cfapps.us10-001.hana.ondemand.com",
    "default-uri" : "277e0127trial-dev-incident-management-srv.cfapps.us10-001.hana.ondemand.com",
    "default-instances" : 1,
    "default-live-host" : "277e0127trial-dev-incident-management-srv",
    "instances" : 1,
    "buildpack" : "nodejs_buildpack",
    "default-host" : "277e0127trial-dev-incident-management-srv",
    "app-name" : "incident-management-srv",
    "default-live-uri" : "277e0127trial-dev-incident-management-srv.cfapps.us10-001.hana.ondemand.com",
    "protocol" : "https",
    "default-live-app-name" : "incident-management-srv",
    "default-live-domain" : "cfapps.us10-001.hana.ondemand.com",
    "dependency-type" : "soft",
    "domain" : "cfapps.us10-001.hana.ondemand.com",
    "host" : "277e0127trial-dev-incident-management-srv",
    "generated-user" : "********"
  },
  "requiredDependencies" : [ {
    "majorSchemaVersion" : 3,
    "name" : "********",
    "properties" : { },
    "parameters" : { },
    "propertiesMetadata" : {
      "metadata" : { }
    },
    "parametersMetadata" : {
      "metadata" : { }
    }
  }, {
    "majorSchemaVersion" : 3,
    "name" : "incident-management-db",
    "properties" : { },
    "parameters" : { },
    "propertiesMetadata" : {
      "metadata" : { }
    },
    "parametersMetadata" : {
      "metadata" : { }
    }
  }, {
    "majorSchemaVersion" : 3,
    "name" : "incident-management-destination",
    "properties" : { },
    "parameters" : { },
    "propertiesMetadata" : {
      "metadata" : { }
    },
    "parametersMetadata" : {
      "metadata" : { }
    }
  } ],
  "providedDependencies" : [ {
    "majorSchemaVersion" : 3,
    "name" : "srv-api",
    "isPublic" : false,
    "properties" : {
      "srv-url" : "https://277e0127trial-dev-incident-management-srv.cfapps.us10-001.hana.ondemand.com"
    },
    "parameters" : { },
    "propertiesMetadata" : {
      "metadata" : { }
    },
    "parametersMetadata" : {
      "metadata" : { }
    }
  }, {
    "majorSchemaVersion" : 3,
    "name" : "incident-management-srv",
    "isPublic" : false,
    "properties" : { },
    "parameters" : { },
    "propertiesMetadata" : {
      "metadata" : { }
    },
    "parametersMetadata" : {
      "metadata" : { }
    }
  } ],
  "propertiesMetadata" : {
    "metadata" : { }
  },
  "parametersMetadata" : {
    "metadata" : { }
  },
  "deployedAfter" : [ ],
  "hooks" : [ ]
}, {
  "majorSchemaVersion" : 3,
  "name" : "incident-management-db-deployer",
  "type" : "com.sap.xs.hdi",
  "path" : "incident-management-db-deployer",
  "properties" : {
    "EXIT" : 1
  },
  "parameters" : {
    "default-url" : "https://277e0127trial-dev-incident-management-db-deployer.cfapps.us10-001.hana.ondemand.com",
    "default-app-name" : "incident-management-db-deployer",
    "generated-password" : "********",
    "default-live-url" : "https://277e0127trial-dev-incident-management-db-deployer.cfapps.us10-001.hana.ondemand.com",
    "default-uri" : "277e0127trial-dev-incident-management-db-deployer.cfapps.us10-001.hana.ondemand.com",
    "memory" : "256M",
    "default-instances" : 1,
    "no-route" : true,
    "default-live-host" : "277e0127trial-dev-incident-management-db-deployer",
    "instances" : 1,
    "buildpack" : "nodejs_buildpack",
    "default-host" : "277e0127trial-dev-incident-management-db-deployer",
    "app-name" : "incident-management-db-deployer",
    "default-live-uri" : "277e0127trial-dev-incident-management-db-deployer.cfapps.us10-001.hana.ondemand.com",
    "protocol" : "https",
    "default-live-app-name" : "incident-management-db-deployer",
    "default-live-domain" : "cfapps.us10-001.hana.ondemand.com",
    "dependency-type" : "hard",
    "domain" : "cfapps.us10-001.hana.ondemand.com",
    "host" : "277e0127trial-dev-incident-management-db-deployer",
    "generated-user" : "********",
    "tasks" : [ {
      "command" : "npm start",
      "memory" : "256M",
      "name" : "deploy"
    } ],
    "no-start" : true
  },
  "requiredDependencies" : [ {
    "majorSchemaVersion" : 3,
    "name" : "incident-management-db",
    "properties" : { },
    "parameters" : { },
    "propertiesMetadata" : {
      "metadata" : { }
    },
    "parametersMetadata" : {
      "metadata" : { }
    }
  } ],
  "providedDependencies" : [ {
    "majorSchemaVersion" : 3,
    "name" : "incident-management-db-deployer",
    "isPublic" : false,
    "properties" : { },
    "parameters" : { },
    "propertiesMetadata" : {
      "metadata" : { }
    },
    "parametersMetadata" : {
      "metadata" : { }
    }
  } ],
  "propertiesMetadata" : {
    "metadata" : { }
  },
  "parametersMetadata" : {
    "metadata" : { }
  },
  "deployedAfter" : [ ],
  "hooks" : [ ]
}, {
  "majorSchemaVersion" : 3,
  "name" : "incident-management-app-deployer",
  "type" : "com.sap.application.content",
  "path" : "incident-management-app-deployer",
  "properties" : { },
  "parameters" : {
    "default-url" : "https://277e0127trial-dev-incident-management-app-deployer.cfapps.us10-001.hana.ondemand.com",
    "default-app-name" : "incident-management-app-deployer",
    "generated-password" : "********",
    "default-live-url" : "https://277e0127trial-dev-incident-management-app-deployer.cfapps.us10-001.hana.ondemand.com",
    "default-uri" : "277e0127trial-dev-incident-management-app-deployer.cfapps.us10-001.hana.ondemand.com",
    "default-instances" : 1,
    "default-live-host" : "277e0127trial-dev-incident-management-app-deployer",
    "instances" : 1,
    "default-host" : "277e0127trial-dev-incident-management-app-deployer",
    "app-name" : "incident-management-app-deployer",
    "default-live-uri" : "277e0127trial-dev-incident-management-app-deployer.cfapps.us10-001.hana.ondemand.com",
    "protocol" : "https",
    "default-live-app-name" : "incident-management-app-deployer",
    "default-live-domain" : "cfapps.us10-001.hana.ondemand.com",
    "dependency-type" : "soft",
    "domain" : "cfapps.us10-001.hana.ondemand.com",
    "host" : "277e0127trial-dev-incident-management-app-deployer",
    "generated-user" : "********",
    "config" : {
      "destinations" : [ {
        "Authentication" : "********",
        "DynamicDestination" : true,
        "ForwardAuthToken" : "********",
        "Name" : "srv-api",
        "ProxyType" : "Internet",
        "Type" : "HTTP",
        "URL" : "https://277e0127trial-dev-incident-management-srv.cfapps.us10-001.hana.ondemand.com"
      } ]
    }
  },
  "requiredDependencies" : [ {
    "majorSchemaVersion" : 3,
    "name" : "********",
    "properties" : { },
    "parameters" : { },
    "propertiesMetadata" : {
      "metadata" : { }
    },
    "parametersMetadata" : {
      "metadata" : { }
    }
  }, {
    "majorSchemaVersion" : 3,
    "name" : "srv-api",
    "properties" : { },
    "parameters" : { },
    "propertiesMetadata" : {
      "metadata" : { }
    },
    "parametersMetadata" : {
      "metadata" : { }
    }
  }, {
    "majorSchemaVersion" : 3,
    "name" : "incident-management-html5-repo-host",
    "properties" : { },
    "parameters" : {
      "config" : {
        "HTML5Runtime_enabled" : true
      },
      "content-target" : true
    },
    "propertiesMetadata" : {
      "metadata" : { }
    },
    "parametersMetadata" : {
      "metadata" : { }
    }
  } ],
  "providedDependencies" : [ {
    "majorSchemaVersion" : 3,
    "name" : "incident-management-app-deployer",
    "isPublic" : false,
    "properties" : { },
    "parameters" : { },
    "propertiesMetadata" : {
      "metadata" : { }
    },
    "parametersMetadata" : {
      "metadata" : { }
    }
  } ],
  "propertiesMetadata" : {
    "metadata" : { }
  },
  "parametersMetadata" : {
    "metadata" : { }
  },
  "deployedAfter" : [ ],
  "hooks" : [ ]
}, {
  "majorSchemaVersion" : 3,
  "name" : "incident-management-destinations",
  "type" : "com.sap.application.content",
  "properties" : { },
  "parameters" : {
    "default-url" : "https://277e0127trial-dev-incident-management-destinations.cfapps.us10-001.hana.ondemand.com",
    "default-app-name" : "incident-management-destinations",
    "generated-password" : "********",
    "default-live-url" : "https://277e0127trial-dev-incident-management-destinations.cfapps.us10-001.hana.ondemand.com",
    "default-uri" : "277e0127trial-dev-incident-management-destinations.cfapps.us10-001.hana.ondemand.com",
    "default-instances" : 1,
    "default-live-host" : "277e0127trial-dev-incident-management-destinations",
    "instances" : 1,
    "default-host" : "277e0127trial-dev-incident-management-destinations",
    "content" : {
      "instance" : {
        "destinations" : [ {
          "Name" : "incident-management-html5-repository",
          "ServiceInstanceName" : "incident-management-html5-repo-host",
          "ServiceKeyName" : "********",
          "sap.cloud.service" : "incidentmanagement.service"
        }, {
          "Authentication" : "********",
          "Name" : "********",
          "ServiceInstanceName" : "********",
          "ServiceKeyName" : "********",
          "sap.cloud.service" : "incidentmanagement.service"
        } ],
        "existing_destinations_policy" : "update"
      }
    },
    "app-name" : "incident-management-destinations",
    "default-live-uri" : "277e0127trial-dev-incident-management-destinations.cfapps.us10-001.hana.ondemand.com",
    "protocol" : "https",
    "default-live-app-name" : "incident-management-destinations",
    "default-live-domain" : "cfapps.us10-001.hana.ondemand.com",
    "dependency-type" : "soft",
    "domain" : "cfapps.us10-001.hana.ondemand.com",
    "host" : "277e0127trial-dev-incident-management-destinations",
    "generated-user" : "********"
  },
  "requiredDependencies" : [ {
    "majorSchemaVersion" : 3,
    "name" : "********",
    "properties" : { },
    "parameters" : {
      "service-key" : "********"
    },
    "propertiesMetadata" : {
      "metadata" : { }
    },
    "parametersMetadata" : {
      "metadata" : { }
    }
  }, {
    "majorSchemaVersion" : 3,
    "name" : "incident-management-html5-repo-host",
    "properties" : { },
    "parameters" : {
      "service-key" : "********"
    },
    "propertiesMetadata" : {
      "metadata" : { }
    },
    "parametersMetadata" : {
      "metadata" : { }
    }
  }, {
    "majorSchemaVersion" : 3,
    "name" : "srv-api",
    "properties" : { },
    "parameters" : { },
    "propertiesMetadata" : {
      "metadata" : { }
    },
    "parametersMetadata" : {
      "metadata" : { }
    }
  }, {
    "majorSchemaVersion" : 3,
    "name" : "incident-management-destination",
    "properties" : { },
    "parameters" : {
      "content-target" : true
    },
    "propertiesMetadata" : {
      "metadata" : { }
    },
    "parametersMetadata" : {
      "metadata" : { }
    }
  } ],
  "providedDependencies" : [ {
    "majorSchemaVersion" : 3,
    "name" : "incident-management-destinations",
    "isPublic" : false,
    "properties" : { },
    "parameters" : { },
    "propertiesMetadata" : {
      "metadata" : { }
    },
    "parametersMetadata" : {
      "metadata" : { }
    }
  } ],
  "propertiesMetadata" : {
    "metadata" : { }
  },
  "parametersMetadata" : {
    "metadata" : { }
  },
  "deployedAfter" : [ ],
  "hooks" : [ ]
}]#
#2026 09 28 11:31:40.401#Z#DEBUG#2bb21052-bb30-11f1-a969-eeee0a843796.OPERATION#flowable-async-job-executor-thread-18633#
[XS2BuildCloudDeployModelStep] Custom domains: []#
#2026 09 28 11:31:40.403#Z#DEBUG#2bb21052-bb30-11f1-a969-eeee0a843796.OPERATION#flowable-async-job-executor-thread-18633#
[XS2BuildCloudDeployModelStep] Calculating resource batches...#
#2026 09 28 11:31:40.403#Z#DEBUG#2bb21052-bb30-11f1-a969-eeee0a843796.OPERATION#flowable-async-job-executor-thread-18633#
[XS2BuildCloudDeployModelStep] Calculating resource batches completed.#
#2026 09 28 11:31:40.403#Z#DEBUG#2bb21052-bb30-11f1-a969-eeee0a843796.OPERATION#flowable-async-job-executor-thread-18633#
[XS2BuildCloudDeployModelStep] Cloud deployment model built#
#2026 09 28 11:31:40.403#Z#DEBUG#2bb21052-bb30-11f1-a969-eeee0a843796.OPERATION#flowable-async-job-executor-thread-18633#
Step "Build Deploy Model" finished#
#2026 09 28 11:31:40.447#Z#DEBUG#2bb21052-bb30-11f1-a969-eeee0a843796.OPERATION#flowable-async-job-executor-thread-18634#
[BuildCloudUndeployModelStep] Executing task "buildUndeployModelTask" of process "2bb21078-bb30-11f1-a969-eeee0a843796"...#
#2026 09 28 11:31:40.448#Z#DEBUG#2bb21052-bb30-11f1-a969-eeee0a843796.OPERATION#flowable-async-job-executor-thread-18634#
[BuildCloudUndeployModelStep] Building cloud undeployment model...#
#2026 09 28 11:31:40.449#Z#DEBUG#2bb21052-bb30-11f1-a969-eeee0a843796.OPERATION#flowable-async-job-executor-thread-18634#
[BuildCloudUndeployModelStep] Detecting service keys to delete.#
#2026 09 28 11:31:40.449#Z#DEBUG#2bb21052-bb30-11f1-a969-eeee0a843796.OPERATION#flowable-async-job-executor-thread-18634#
[BuildCloudUndeployModelStep] No deployed service keys detected!#
#2026 09 28 11:31:40.449#Z#DEBUG#2bb21052-bb30-11f1-a969-eeee0a843796.OPERATION#flowable-async-job-executor-thread-18634#
[BuildCloudUndeployModelStep] Detected service keys to delete "[]"#
#2026 09 28 11:31:40.452#Z#DEBUG#2bb21052-bb30-11f1-a969-eeee0a843796.OPERATION#flowable-async-job-executor-thread-18634#
Step "Build Undeploy Model" finished#
#2026 09 28 11:31:40.500#Z#DEBUG#2bb21052-bb30-11f1-a969-eeee0a843796.OPERATION#flowable-async-job-executor-thread-18634#
[AddDomainsStep] Executing task "addDomainsTask" of process "2bb21078-bb30-11f1-a969-eeee0a843796"...#
#2026 09 28 11:31:40.509#Z#DEBUG#2bb21052-bb30-11f1-a969-eeee0a843796.OPERATION#flowable-async-job-executor-thread-18634#
[AddDomainsStep] Custom domains: []#
#2026 09 28 11:31:40.509#Z#DEBUG#2bb21052-bb30-11f1-a969-eeee0a843796.OPERATION#flowable-async-job-executor-thread-18634#
Step "Add Domains" finished#
#2026 09 28 11:31:40.927#Z#DEBUG#2bb21052-bb30-11f1-a969-eeee0a843796.OPERATION#flowable-async-job-executor-thread-18634#
[ExtractBatchedServicesWithResolvedDynamicParametersStep] Executing task "prepareModulesDeploymentTask" of process "2c8fc656-bb30-11f1-a969-eeee0a843796"...#
#2026 09 28 11:31:40.928#Z#DEBUG#2bb21052-bb30-11f1-a969-eeee0a843796.OPERATION#flowable-async-job-executor-thread-18634#
[ExtractBatchedServicesWithResolvedDynamicParametersStep] Extracting services and resolving dynamic parameters from batch#
#2026 09 28 11:31:40.929#Z#DEBUG#2bb21052-bb30-11f1-a969-eeee0a843796.OPERATION#flowable-async-job-executor-thread-18634#
[ExtractBatchedServicesWithResolvedDynamicParametersStep] Services to create: [ {
  "isOptional" : false,
  "isManaged" : true,
  "name" : "********",
  "v3Metadata" : {
    "annotations" : {
      "mta_id" : "incident-management",
      "mta_version" : "1.0.0",
      "mta_resource" : "********"
    },
    "labels" : {
      "mta_id" : "65411f2f607a75efbe525f81cfecafad"
    }
  },
  "label" : "xsuaa",
  "plan" : "application",
  "credentials" : "********",
  "tags" : [ ],
  "type" : "managed",
  "resourceName" : "********",
  "shouldSkipParametersUpdate" : false,
  "shouldSkipPlanUpdate" : false,
  "shouldSkipTagsUpdate" : false,
  "shouldSkipSyslogUrlUpdate" : false
}, {
  "isOptional" : false,
  "isManaged" : true,
  "name" : "incident-management-db",
  "v3Metadata" : {
    "annotations" : {
      "mta_id" : "incident-management",
      "mta_version" : "1.0.0",
      "mta_resource" : "{\"name\":\"incident-management-db\"}"
    },
    "labels" : {
      "mta_id" : "65411f2f607a75efbe525f81cfecafad"
    }
  },
  "label" : "hana",
  "plan" : "hdi-shared",
  "credentials" : "********",
  "tags" : [ ],
  "type" : "managed",
  "resourceName" : "incident-management-db",
  "shouldSkipParametersUpdate" : false,
  "shouldSkipPlanUpdate" : false,
  "shouldSkipTagsUpdate" : false,
  "shouldSkipSyslogUrlUpdate" : false
}, {
  "isOptional" : false,
  "isManaged" : true,
  "name" : "incident-management-destination",
  "v3Metadata" : {
    "annotations" : {
      "mta_id" : "incident-management",
      "mta_version" : "1.0.0",
      "mta_resource" : "{\"name\":\"incident-management-destination\"}"
    },
    "labels" : {
      "mta_id" : "65411f2f607a75efbe525f81cfecafad"
    }
  },
  "label" : "destination",
  "plan" : "lite",
  "credentials" : "********",
  "tags" : [ ],
  "type" : "managed",
  "resourceName" : "incident-management-destination",
  "shouldSkipParametersUpdate" : false,
  "shouldSkipPlanUpdate" : false,
  "shouldSkipTagsUpdate" : false,
  "shouldSkipSyslogUrlUpdate" : false
}, {
  "isOptional" : false,
  "isManaged" : true,
  "name" : "incident-management-html5-repo-host",
  "v3Metadata" : {
    "annotations" : {
      "mta_id" : "incident-management",
      "mta_version" : "1.0.0",
      "mta_resource" : "{\"name\":\"incident-management-html5-repo-host\"}"
    },
    "labels" : {
      "mta_id" : "65411f2f607a75efbe525f81cfecafad"
    }
  },
  "label" : "html5-apps-repo",
  "plan" : "app-host",
  "credentials" : "********",
  "tags" : [ ],
  "type" : "managed",
  "resourceName" : "incident-management-html5-repo-host",
  "shouldSkipParametersUpdate" : false,
  "shouldSkipPlanUpdate" : false,
  "shouldSkipTagsUpdate" : false,
  "shouldSkipSyslogUrlUpdate" : false
} ]#
#2026 09 28 11:31:40.930#Z#DEBUG#2bb21052-bb30-11f1-a969-eeee0a843796.OPERATION#flowable-async-job-executor-thread-18634#
Step "Extract Services with Resolved Dynamic parameters from batch" finished#
#2026 09 28 11:31:41.023#Z#DEBUG#2bb21052-bb30-11f1-a969-eeee0a843796.OPERATION#flowable-async-job-executor-thread-18635#
[CheckServiceOperationStateStep] Executing task "CheckServiceOperationStateTask" of process "2ccf3fa1-bb30-11f1-a969-eeee0a843796"...#
#2026 09 28 11:31:41.024#Z#DEBUG#2bb21052-bb30-11f1-a969-eeee0a843796.OPERATION#flowable-async-job-executor-thread-18635#
[CheckServiceOperationStateStep] Getting service instance "incident-management-destination"...#
#2026 09 28 11:31:41.050#Z#DEBUG#2bb21052-bb30-11f1-a969-eeee0a843796.OPERATION#flowable-async-job-executor-thread-18635#
Step "Check for service operations in Progress" finished#
#2026 09 28 11:31:41.079#Z#DEBUG#2bb21052-bb30-11f1-a969-eeee0a843796.OPERATION#flowable-async-job-executor-thread-18635#
[DetermineServiceCreateUpdateServiceActionsStep] Executing task "DetermineServiceCreateUpdateActionsTask" of process "2ccf3fa1-bb30-11f1-a969-eeee0a843796"...#
#2026 09 28 11:31:41.081#Z#INFO#2bb21052-bb30-11f1-a969-eeee0a843796.OPERATION#flowable-async-job-executor-thread-18635#
[DetermineServiceCreateUpdateServiceActionsStep] Processing service "incident-management-destination"...#
#2026 09 28 11:31:41.086#Z#DEBUG#2bb21052-bb30-11f1-a969-eeee0a843796.OPERATION#flowable-async-job-executor-thread-18635#
[DetermineServiceCreateUpdateServiceActionsStep] Getting service instance "incident-management-destination"...#
#2026 09 28 11:31:41.107#Z#DEBUG#2bb21052-bb30-11f1-a969-eeee0a843796.OPERATION#flowable-async-job-executor-thread-18635#
[DetermineServiceCreateUpdateServiceActionsStep] Service should be created#
#2026 09 28 11:31:41.110#Z#DEBUG#2bb21052-bb30-11f1-a969-eeee0a843796.OPERATION#flowable-async-job-executor-thread-18635#
Step "Determine update actions" finished#
#2026 09 28 11:31:41.154#Z#DEBUG#2bb21052-bb30-11f1-a969-eeee0a843796.OPERATION#flowable-async-job-executor-thread-18635#
[CreateServiceStep] Executing task "CreateServiceTask" of process "2ccf3fa1-bb30-11f1-a969-eeee0a843796"...#
#2026 09 28 11:31:41.157#Z#INFO#2bb21052-bb30-11f1-a969-eeee0a843796.OPERATION#flowable-async-job-executor-thread-18635#
[CreateServiceStep] Creating service "incident-management-destination" from MTA resource "incident-management-destination"...#
#2026 09 28 11:31:41.161#Z#DEBUG#2bb21052-bb30-11f1-a969-eeee0a843796.OPERATION#flowable-async-job-executor-thread-18635#
[CreateServiceStep] Creating service instance: {
  "isOptional" : false,
  "isManaged" : true,
  "name" : "incident-management-destination",
  "v3Metadata" : {
    "annotations" : {
      "mta_id" : "incident-management",
      "mta_version" : "1.0.0",
      "mta_resource" : "{\"name\":\"incident-management-destination\"}"
    },
    "labels" : {
      "mta_id" : "65411f2f607a75efbe525f81cfecafad"
    }
  },
  "label" : "destination",
  "plan" : "lite",
  "credentials" : "********",
  "tags" : [ ],
  "type" : "managed",
  "resourceName" : "incident-management-destination",
  "shouldSkipParametersUpdate" : false,
  "shouldSkipPlanUpdate" : false,
  "shouldSkipTagsUpdate" : false,
  "shouldSkipSyslogUrlUpdate" : false
}#
#2026 09 28 11:31:41.365#Z#DEBUG#2bb21052-bb30-11f1-a969-eeee0a843796.OPERATION#flowable-async-job-executor-thread-18635#
[CreateServiceStep] Service "incident-management-destination" created#
#2026 09 28 11:31:41.365#Z#DEBUG#2bb21052-bb30-11f1-a969-eeee0a843796.OPERATION#flowable-async-job-executor-thread-18635#
[CreateServiceStep] Triggered service operations: {
  "incident-management-destination" : "CREATE"
}#
#2026 09 28 11:31:41.366#Z#DEBUG#2bb21052-bb30-11f1-a969-eeee0a843796.OPERATION#flowable-async-job-executor-thread-18635#
Step "Create" finished#
#2026 09 28 11:31:42.349#Z#DEBUG#2bb21052-bb30-11f1-a969-eeee0a843796.OPERATION#flowable-async-job-executor-thread-22182#
[CheckServiceOperationStateStep] Executing task "CheckServiceOperationStateTask" of process "2d99944c-bb30-11f1-ad12-eeee0a89329a"...#
#2026 09 28 11:31:42.416#Z#DEBUG#2bb21052-bb30-11f1-a969-eeee0a843796.OPERATION#flowable-async-job-executor-thread-22182#
[CheckServiceOperationStateStep] Getting service instance "incident-management-db"...#
#2026 09 28 11:31:42.454#Z#DEBUG#2bb21052-bb30-11f1-a969-eeee0a843796.OPERATION#flowable-async-job-executor-thread-22182#
Step "Check for service operations in Progress" finished#
#2026 09 28 11:31:42.480#Z#DEBUG#2bb21052-bb30-11f1-a969-eeee0a843796.OPERATION#flowable-async-job-executor-thread-22184#
[DetermineServiceCreateUpdateServiceActionsStep] Executing task "DetermineServiceCreateUpdateActionsTask" of process "2d99944c-bb30-11f1-ad12-eeee0a89329a"...#
#2026 09 28 11:31:42.481#Z#INFO#2bb21052-bb30-11f1-a969-eeee0a843796.OPERATION#flowable-async-job-executor-thread-22184#
[DetermineServiceCreateUpdateServiceActionsStep] Processing service "incident-management-db"...#
#2026 09 28 11:31:42.485#Z#DEBUG#2bb21052-bb30-11f1-a969-eeee0a843796.OPERATION#flowable-async-job-executor-thread-22184#
[DetermineServiceCreateUpdateServiceActionsStep] Getting service instance "incident-management-db"...#
#2026 09 28 11:31:42.511#Z#DEBUG#2bb21052-bb30-11f1-a969-eeee0a843796.OPERATION#flowable-async-job-executor-thread-22184#
[DetermineServiceCreateUpdateServiceActionsStep] Service should be created#
#2026 09 28 11:31:42.513#Z#DEBUG#2bb21052-bb30-11f1-a969-eeee0a843796.OPERATION#flowable-async-job-executor-thread-22184#
Step "Determine update actions" finished#
#2026 09 28 11:31:42.452#Z#DEBUG#2bb21052-bb30-11f1-a969-eeee0a843796.OPERATION#flowable-async-job-executor-thread-41569#
[CheckServiceOperationStateStep] Executing task "CheckServiceOperationStateTask" of process "2dab2146-bb30-11f1-bac1-eeee0a847a12"...#
#2026 09 28 11:31:42.514#Z#DEBUG#2bb21052-bb30-11f1-a969-eeee0a843796.OPERATION#flowable-async-job-executor-thread-41569#
[CheckServiceOperationStateStep] Getting service instance "incident-management-html5-repo-host"...#
#2026 09 28 11:31:42.564#Z#DEBUG#2bb21052-bb30-11f1-a969-eeee0a843796.OPERATION#flowable-async-job-executor-thread-41569#
Step "Check for service operations in Progress" finished#
#2026 09 28 11:31:42.581#Z#DEBUG#2bb21052-bb30-11f1-a969-eeee0a843796.OPERATION#flowable-async-job-executor-thread-41569#
[DetermineServiceCreateUpdateServiceActionsStep] Executing task "DetermineServiceCreateUpdateActionsTask" of process "2dab2146-bb30-11f1-bac1-eeee0a847a12"...#
#2026 09 28 11:31:42.581#Z#INFO#2bb21052-bb30-11f1-a969-eeee0a843796.OPERATION#flowable-async-job-executor-thread-41569#
[DetermineServiceCreateUpdateServiceActionsStep] Processing service "incident-management-html5-repo-host"...#
#2026 09 28 11:31:42.584#Z#DEBUG#2bb21052-bb30-11f1-a969-eeee0a843796.OPERATION#flowable-async-job-executor-thread-41569#
[DetermineServiceCreateUpdateServiceActionsStep] Getting service instance "incident-management-html5-repo-host"...#
#2026 09 28 11:31:42.609#Z#DEBUG#2bb21052-bb30-11f1-a969-eeee0a843796.OPERATION#flowable-async-job-executor-thread-41569#
[DetermineServiceCreateUpdateServiceActionsStep] Service should be created#
#2026 09 28 11:31:42.611#Z#DEBUG#2bb21052-bb30-11f1-a969-eeee0a843796.OPERATION#flowable-async-job-executor-thread-41569#
Step "Determine update actions" finished#
#2026 09 28 11:31:42.548#Z#DEBUG#2bb21052-bb30-11f1-a969-eeee0a843796.OPERATION#flowable-async-job-executor-thread-22184#
[CreateServiceStep] Executing task "CreateServiceTask" of process "2d99944c-bb30-11f1-ad12-eeee0a89329a"...#
#2026 09 28 11:31:42.550#Z#INFO#2bb21052-bb30-11f1-a969-eeee0a843796.OPERATION#flowable-async-job-executor-thread-22184#
[CreateServiceStep] Creating service "incident-management-db" from MTA resource "incident-management-db"...#
#2026 09 28 11:31:42.554#Z#DEBUG#2bb21052-bb30-11f1-a969-eeee0a843796.OPERATION#flowable-async-job-executor-thread-22184#
[CreateServiceStep] Creating service instance: {
  "isOptional" : false,
  "isManaged" : true,
  "name" : "incident-management-db",
  "v3Metadata" : {
    "annotations" : {
      "mta_id" : "incident-management",
      "mta_version" : "1.0.0",
      "mta_resource" : "{\"name\":\"incident-management-db\"}"
    },
    "labels" : {
      "mta_id" : "65411f2f607a75efbe525f81cfecafad"
    }
  },
  "label" : "hana",
  "plan" : "hdi-shared",
  "credentials" : "********",
  "tags" : [ ],
  "type" : "managed",
  "resourceName" : "incident-management-db",
  "shouldSkipParametersUpdate" : false,
  "shouldSkipPlanUpdate" : false,
  "shouldSkipTagsUpdate" : false,
  "shouldSkipSyslogUrlUpdate" : false
}#
#2026 09 28 11:31:42.775#Z#DEBUG#2bb21052-bb30-11f1-a969-eeee0a843796.OPERATION#flowable-async-job-executor-thread-22184#
[CreateServiceStep] Service "incident-management-db" created#
#2026 09 28 11:31:42.775#Z#DEBUG#2bb21052-bb30-11f1-a969-eeee0a843796.OPERATION#flowable-async-job-executor-thread-22184#
[CreateServiceStep] Triggered service operations: {
  "incident-management-db" : "CREATE"
}#
#2026 09 28 11:31:42.776#Z#DEBUG#2bb21052-bb30-11f1-a969-eeee0a843796.OPERATION#flowable-async-job-executor-thread-22184#
Step "Create" finished#
#2026 09 28 11:31:42.638#Z#DEBUG#2bb21052-bb30-11f1-a969-eeee0a843796.OPERATION#flowable-async-job-executor-thread-41569#
[CreateServiceStep] Executing task "CreateServiceTask" of process "2dab2146-bb30-11f1-bac1-eeee0a847a12"...#
#2026 09 28 11:31:42.640#Z#INFO#2bb21052-bb30-11f1-a969-eeee0a843796.OPERATION#flowable-async-job-executor-thread-41569#
[CreateServiceStep] Creating service "incident-management-html5-repo-host" from MTA resource "incident-management-html5-repo-host"...#
#2026 09 28 11:31:42.643#Z#DEBUG#2bb21052-bb30-11f1-a969-eeee0a843796.OPERATION#flowable-async-job-executor-thread-41569#
[CreateServiceStep] Creating service instance: {
  "isOptional" : false,
  "isManaged" : true,
  "name" : "incident-management-html5-repo-host",
  "v3Metadata" : {
    "annotations" : {
      "mta_id" : "incident-management",
      "mta_version" : "1.0.0",
      "mta_resource" : "{\"name\":\"incident-management-html5-repo-host\"}"
    },
    "labels" : {
      "mta_id" : "65411f2f607a75efbe525f81cfecafad"
    }
  },
  "label" : "html5-apps-repo",
  "plan" : "app-host",
  "credentials" : "********",
  "tags" : [ ],
  "type" : "managed",
  "resourceName" : "incident-management-html5-repo-host",
  "shouldSkipParametersUpdate" : false,
  "shouldSkipPlanUpdate" : false,
  "shouldSkipTagsUpdate" : false,
  "shouldSkipSyslogUrlUpdate" : false
}#
#2026 09 28 11:31:42.864#Z#DEBUG#2bb21052-bb30-11f1-a969-eeee0a843796.OPERATION#flowable-async-job-executor-thread-41569#
[CreateServiceStep] Service "incident-management-html5-repo-host" created#
#2026 09 28 11:31:42.864#Z#DEBUG#2bb21052-bb30-11f1-a969-eeee0a843796.OPERATION#flowable-async-job-executor-thread-41569#
[CreateServiceStep] Triggered service operations: {
  "incident-management-html5-repo-host" : "CREATE"
}#
#2026 09 28 11:31:42.865#Z#DEBUG#2bb21052-bb30-11f1-a969-eeee0a843796.OPERATION#flowable-async-job-executor-thread-41569#
Step "Create" finished#
#2026 09 28 11:31:43.089#Z#DEBUG#2bb21052-bb30-11f1-a969-eeee0a843796.OPERATION#flowable-async-job-executor-thread-18637#
[CheckServiceOperationStateStep] Executing task "CheckServiceOperationStateTask" of process "2e0a5800-bb30-11f1-a969-eeee0a843796"...#
#2026 09 28 11:31:43.091#Z#DEBUG#2bb21052-bb30-11f1-a969-eeee0a843796.OPERATION#flowable-async-job-executor-thread-18637#
[CheckServiceOperationStateStep] Getting service instance "incident-management-auth"...#
#2026 09 28 11:31:43.120#Z#DEBUG#2bb21052-bb30-11f1-a969-eeee0a843796.OPERATION#flowable-async-job-executor-thread-18637#
Step "Check for service operations in Progress" finished#
#2026 09 28 11:31:43.148#Z#DEBUG#2bb21052-bb30-11f1-a969-eeee0a843796.OPERATION#flowable-async-job-executor-thread-18637#
[DetermineServiceCreateUpdateServiceActionsStep] Executing task "DetermineServiceCreateUpdateActionsTask" of process "2e0a5800-bb30-11f1-a969-eeee0a843796"...#
#2026 09 28 11:31:43.150#Z#INFO#2bb21052-bb30-11f1-a969-eeee0a843796.OPERATION#flowable-async-job-executor-thread-18637#
[DetermineServiceCreateUpdateServiceActionsStep] Processing service "incident-management-auth"...#
#2026 09 28 11:31:43.154#Z#DEBUG#2bb21052-bb30-11f1-a969-eeee0a843796.OPERATION#flowable-async-job-executor-thread-18637#
[DetermineServiceCreateUpdateServiceActionsStep] Getting service instance "incident-management-auth"...#
#2026 09 28 11:31:43.176#Z#INFO#2bb21052-bb30-11f1-a969-eeee0a843796.OPERATION#flowable-async-job-executor-thread-18637#
[DetermineServiceCreateUpdateServiceActionsStep] Setting service "incident-management-auth" parameters from "xs-security.json"#
#2026 09 28 11:31:43.223#Z#DEBUG#2bb21052-bb30-11f1-a969-eeee0a843796.OPERATION#flowable-async-job-executor-thread-18637#
[DetermineServiceCreateUpdateServiceActionsStep] Service should be created#
#2026 09 28 11:31:43.235#Z#DEBUG#2bb21052-bb30-11f1-a969-eeee0a843796.OPERATION#flowable-async-job-executor-thread-18637#
Step "Determine update actions" finished#
#2026 09 28 11:31:43.282#Z#DEBUG#2bb21052-bb30-11f1-a969-eeee0a843796.OPERATION#flowable-async-job-executor-thread-18637#
[CreateServiceStep] Executing task "CreateServiceTask" of process "2e0a5800-bb30-11f1-a969-eeee0a843796"...#
#2026 09 28 11:31:43.284#Z#INFO#2bb21052-bb30-11f1-a969-eeee0a843796.OPERATION#flowable-async-job-executor-thread-18637#
[CreateServiceStep] Creating service "incident-management-auth" from MTA resource "incident-management-auth"...#
#2026 09 28 11:31:43.289#Z#DEBUG#2bb21052-bb30-11f1-a969-eeee0a843796.OPERATION#flowable-async-job-executor-thread-18637#
[CreateServiceStep] Creating service instance: {
  "isOptional" : false,
  "isManaged" : true,
  "name" : "********",
  "v3Metadata" : {
    "annotations" : {
      "mta_id" : "incident-management",
      "mta_version" : "1.0.0",
      "mta_resource" : "********"
    },
    "labels" : {
      "mta_id" : "65411f2f607a75efbe525f81cfecafad"
    }
  },
  "label" : "xsuaa",
  "plan" : "application",
  "credentials" : "********",
  "tags" : [ ],
  "type" : "managed",
  "resourceName" : "********",
  "shouldSkipParametersUpdate" : false,
  "shouldSkipPlanUpdate" : false,
  "shouldSkipTagsUpdate" : false,
  "shouldSkipSyslogUrlUpdate" : false
}#
#2026 09 28 11:31:43.533#Z#DEBUG#2bb21052-bb30-11f1-a969-eeee0a843796.OPERATION#flowable-async-job-executor-thread-18637#
[CreateServiceStep] Service "incident-management-auth" created#
#2026 09 28 11:31:43.533#Z#DEBUG#2bb21052-bb30-11f1-a969-eeee0a843796.OPERATION#flowable-async-job-executor-thread-18637#
[CreateServiceStep] Triggered service operations: {
  "incident-management-auth" : "CREATE"
}#
#2026 09 28 11:31:43.534#Z#DEBUG#2bb21052-bb30-11f1-a969-eeee0a843796.OPERATION#flowable-async-job-executor-thread-18637#
Step "Create" finished#
#2026 09 28 11:31:50.015#Z#DEBUG#2bb21052-bb30-11f1-a969-eeee0a843796.OPERATION#flowable-async-job-executor-thread-22187#
[CreateServiceStep] Executing task "CreateServiceTask" of process "2dab2146-bb30-11f1-bac1-eeee0a847a12"...#
#2026 09 28 11:31:50.016#Z#DEBUG#2bb21052-bb30-11f1-a969-eeee0a843796.OPERATION#flowable-async-job-executor-thread-22187#
[CreateServiceStep] Polling service operations...#
#2026 09 28 11:31:50.020#Z#DEBUG#2bb21052-bb30-11f1-a969-eeee0a843796.OPERATION#flowable-async-job-executor-thread-22187#
[CreateServiceStep] Getting service instance "incident-management-html5-repo-host"...#
#2026 09 28 11:31:50.164#Z#DEBUG#2bb21052-bb30-11f1-a969-eeee0a843796.OPERATION#flowable-async-job-executor-thread-22187#
[CreateServiceStep] Last operation for service "incident-management-html5-repo-host": {
  "type" : "CREATE",
  "description" : "",
  "state" : "SUCCEEDED"
}#
#2026 09 28 11:31:50.164#Z#DEBUG#2bb21052-bb30-11f1-a969-eeee0a843796.OPERATION#flowable-async-job-executor-thread-22187#
[CreateServiceStep] Service "incident-management-html5-repo-host" created#
#2026 09 28 11:31:50.164#Z#INFO#2bb21052-bb30-11f1-a969-eeee0a843796.OPERATION#flowable-async-job-executor-thread-22187#
[CreateServiceStep] 1 of 1 done#
#2026 09 28 11:31:50.168#Z#DEBUG#2bb21052-bb30-11f1-a969-eeee0a843796.OPERATION#flowable-async-job-executor-thread-22187#
[CreateServiceStep] Remaining services to poll: [ ]#
#2026 09 28 11:31:50.169#Z#DEBUG#2bb21052-bb30-11f1-a969-eeee0a843796.OPERATION#flowable-async-job-executor-thread-22187#
Step "Create" finished#
#2026 09 28 11:31:50.067#Z#DEBUG#2bb21052-bb30-11f1-a969-eeee0a843796.OPERATION#flowable-async-job-executor-thread-18644#
[CreateServiceStep] Executing task "CreateServiceTask" of process "2d99944c-bb30-11f1-ad12-eeee0a89329a"...#
#2026 09 28 11:31:50.067#Z#DEBUG#2bb21052-bb30-11f1-a969-eeee0a843796.OPERATION#flowable-async-job-executor-thread-18644#
[CreateServiceStep] Polling service operations...#
#2026 09 28 11:31:50.070#Z#DEBUG#2bb21052-bb30-11f1-a969-eeee0a843796.OPERATION#flowable-async-job-executor-thread-18644#
[CreateServiceStep] Getting service instance "incident-management-db"...#
#2026 09 28 11:31:50.077#Z#DEBUG#2bb21052-bb30-11f1-a969-eeee0a843796.OPERATION#flowable-async-job-executor-thread-18645#
[CreateServiceStep] Executing task "CreateServiceTask" of process "2e0a5800-bb30-11f1-a969-eeee0a843796"...#
#2026 09 28 11:31:50.078#Z#DEBUG#2bb21052-bb30-11f1-a969-eeee0a843796.OPERATION#flowable-async-job-executor-thread-18645#
[CreateServiceStep] Polling service operations...#
#2026 09 28 11:31:50.082#Z#DEBUG#2bb21052-bb30-11f1-a969-eeee0a843796.OPERATION#flowable-async-job-executor-thread-18645#
[CreateServiceStep] Getting service instance "incident-management-auth"...#
#2026 09 28 11:31:50.180#Z#DEBUG#2bb21052-bb30-11f1-a969-eeee0a843796.OPERATION#flowable-async-job-executor-thread-18644#
[CreateServiceStep] Last operation for service "incident-management-db": {
  "type" : "CREATE",
  "state" : "SUCCEEDED"
}#
#2026 09 28 11:31:50.180#Z#DEBUG#2bb21052-bb30-11f1-a969-eeee0a843796.OPERATION#flowable-async-job-executor-thread-18644#
[CreateServiceStep] Service "incident-management-db" created#
#2026 09 28 11:31:50.180#Z#INFO#2bb21052-bb30-11f1-a969-eeee0a843796.OPERATION#flowable-async-job-executor-thread-18644#
[CreateServiceStep] 1 of 1 done#
#2026 09 28 11:31:50.186#Z#DEBUG#2bb21052-bb30-11f1-a969-eeee0a843796.OPERATION#flowable-async-job-executor-thread-18644#
[CreateServiceStep] Remaining services to poll: [ ]#
#2026 09 28 11:31:50.187#Z#DEBUG#2bb21052-bb30-11f1-a969-eeee0a843796.OPERATION#flowable-async-job-executor-thread-18644#
Step "Create" finished#
#2026 09 28 11:31:50.047#Z#DEBUG#2bb21052-bb30-11f1-a969-eeee0a843796.OPERATION#flowable-async-job-executor-thread-41575#
[CreateServiceStep] Executing task "CreateServiceTask" of process "2ccf3fa1-bb30-11f1-a969-eeee0a843796"...#
#2026 09 28 11:31:50.047#Z#DEBUG#2bb21052-bb30-11f1-a969-eeee0a843796.OPERATION#flowable-async-job-executor-thread-41575#
[CreateServiceStep] Polling service operations...#
#2026 09 28 11:31:50.050#Z#DEBUG#2bb21052-bb30-11f1-a969-eeee0a843796.OPERATION#flowable-async-job-executor-thread-41575#
[CreateServiceStep] Getting service instance "incident-management-destination"...#
#2026 09 28 11:31:50.194#Z#DEBUG#2bb21052-bb30-11f1-a969-eeee0a843796.OPERATION#flowable-async-job-executor-thread-41575#
[CreateServiceStep] Last operation for service "incident-management-destination": {
  "type" : "CREATE",
  "description" : "",
  "state" : "SUCCEEDED"
}#
#2026 09 28 11:31:50.194#Z#DEBUG#2bb21052-bb30-11f1-a969-eeee0a843796.OPERATION#flowable-async-job-executor-thread-41575#
[CreateServiceStep] Service "incident-management-destination" created#
#2026 09 28 11:31:50.194#Z#INFO#2bb21052-bb30-11f1-a969-eeee0a843796.OPERATION#flowable-async-job-executor-thread-41575#
[CreateServiceStep] 1 of 1 done#
#2026 09 28 11:31:50.200#Z#DEBUG#2bb21052-bb30-11f1-a969-eeee0a843796.OPERATION#flowable-async-job-executor-thread-41575#
[CreateServiceStep] Remaining services to poll: [ ]#
#2026 09 28 11:31:50.201#Z#DEBUG#2bb21052-bb30-11f1-a969-eeee0a843796.OPERATION#flowable-async-job-executor-thread-41575#
Step "Create" finished#
#2026 09 28 11:31:50.206#Z#DEBUG#2bb21052-bb30-11f1-a969-eeee0a843796.OPERATION#flowable-async-job-executor-thread-18645#
[CreateServiceStep] Last operation for service "incident-management-auth": {
  "type" : "CREATE",
  "description" : "",
  "state" : "SUCCEEDED"
}#
#2026 09 28 11:31:50.206#Z#DEBUG#2bb21052-bb30-11f1-a969-eeee0a843796.OPERATION#flowable-async-job-executor-thread-18645#
[CreateServiceStep] Service "incident-management-auth" created#
#2026 09 28 11:31:50.206#Z#INFO#2bb21052-bb30-11f1-a969-eeee0a843796.OPERATION#flowable-async-job-executor-thread-18645#
[CreateServiceStep] 1 of 1 done#
#2026 09 28 11:31:50.212#Z#DEBUG#2bb21052-bb30-11f1-a969-eeee0a843796.OPERATION#flowable-async-job-executor-thread-18645#
[CreateServiceStep] Remaining services to poll: [ ]#
#2026 09 28 11:31:50.213#Z#DEBUG#2bb21052-bb30-11f1-a969-eeee0a843796.OPERATION#flowable-async-job-executor-thread-18645#
Step "Create" finished#
#2026 09 28 11:31:51.556#Z#DEBUG#2bb21052-bb30-11f1-a969-eeee0a843796.OPERATION#flowable-async-job-executor-thread-41583#
[PrepareModulesDeploymentStep] Executing task "prepareModulesDeploymentTask" of process "331822b9-bb30-11f1-bac1-eeee0a847a12"...#
#2026 09 28 11:31:51.557#Z#DEBUG#2bb21052-bb30-11f1-a969-eeee0a843796.OPERATION#flowable-async-job-executor-thread-41583#
[PrepareModulesDeploymentStep] Preparing modules deployment...#
#2026 09 28 11:31:51.561#Z#DEBUG#2bb21052-bb30-11f1-a969-eeee0a843796.OPERATION#flowable-async-job-executor-thread-41583#
Step "Prepare Modules Deployment" finished#
#2026 09 28 11:31:51.587#Z#DEBUG#2bb21052-bb30-11f1-a969-eeee0a843796.OPERATION#flowable-async-job-executor-thread-41583#
[ComputeNextModulesStep] Executing task "computeNextModulesToDeployInParallel" of process "331822b9-bb30-11f1-bac1-eeee0a847a12"...#
#2026 09 28 11:31:51.587#Z#DEBUG#2bb21052-bb30-11f1-a969-eeee0a843796.OPERATION#flowable-async-job-executor-thread-41583#
[ComputeNextModulesStep] Computing modules for next parallel iteration...#
#2026 09 28 11:31:51.589#Z#DEBUG#2bb21052-bb30-11f1-a969-eeee0a843796.OPERATION#flowable-async-job-executor-thread-41583#
[ComputeNextModulesStep] Completed modules detected: []#
#2026 09 28 11:31:51.589#Z#DEBUG#2bb21052-bb30-11f1-a969-eeee0a843796.OPERATION#flowable-async-job-executor-thread-41583#
[ComputeNextModulesStep] All modules for deploy detected: [incident-management-app-deployer, incident-management-db-deployer, incident-management-srv, incident-management-destinations]#
#2026 09 28 11:31:51.589#Z#DEBUG#2bb21052-bb30-11f1-a969-eeee0a843796.OPERATION#flowable-async-job-executor-thread-41583#
[ComputeNextModulesStep] Modules not for deploy detected: []#
#2026 09 28 11:31:51.589#Z#DEBUG#2bb21052-bb30-11f1-a969-eeee0a843796.OPERATION#flowable-async-job-executor-thread-41583#
[ComputeNextModulesStep] Computed modules for next parallel iteration: [ {
  "majorSchemaVersion" : 3,
  "name" : "incident-management-srv",
  "type" : "javascript.nodejs",
  "path" : "incident-management-srv",
  "properties" : { },
  "parameters" : {
    "app-name" : "incident-management-srv",
    "buildpack" : "nodejs_buildpack",
    "default-app-name" : "incident-management-srv",
    "default-host" : "277e0127trial-dev-incident-management-srv",
    "default-instances" : 1,
    "default-live-app-name" : "incident-management-srv",
    "default-live-domain" : "cfapps.us10-001.hana.ondemand.com",
    "default-live-host" : "277e0127trial-dev-incident-management-srv",
    "default-live-uri" : "277e0127trial-dev-incident-management-srv.cfapps.us10-001.hana.ondemand.com",
    "default-live-url" : "https://277e0127trial-dev-incident-management-srv.cfapps.us10-001.hana.ondemand.com",
    "default-uri" : "277e0127trial-dev-incident-management-srv.cfapps.us10-001.hana.ondemand.com",
    "default-url" : "https://277e0127trial-dev-incident-management-srv.cfapps.us10-001.hana.ondemand.com",
    "dependency-type" : "soft",
    "domain" : "cfapps.us10-001.hana.ondemand.com",
    "generated-password" : "********",
    "generated-user" : "********",
    "host" : "277e0127trial-dev-incident-management-srv",
    "instances" : 1,
    "protocol" : "https"
  },
  "requiredDependencies" : [ {
    "majorSchemaVersion" : 3,
    "name" : "********",
    "properties" : { },
    "parameters" : { },
    "propertiesMetadata" : {
      "metadata" : { }
    },
    "parametersMetadata" : {
      "metadata" : { }
    }
  }, {
    "majorSchemaVersion" : 3,
    "name" : "incident-management-db",
    "properties" : { },
    "parameters" : { },
    "propertiesMetadata" : {
      "metadata" : { }
    },
    "parametersMetadata" : {
      "metadata" : { }
    }
  }, {
    "majorSchemaVersion" : 3,
    "name" : "incident-management-destination",
    "properties" : { },
    "parameters" : { },
    "propertiesMetadata" : {
      "metadata" : { }
    },
    "parametersMetadata" : {
      "metadata" : { }
    }
  } ],
  "providedDependencies" : [ {
    "majorSchemaVersion" : 3,
    "name" : "srv-api",
    "isPublic" : false,
    "properties" : {
      "srv-url" : "https://277e0127trial-dev-incident-management-srv.cfapps.us10-001.hana.ondemand.com"
    },
    "parameters" : { },
    "propertiesMetadata" : {
      "metadata" : { }
    },
    "parametersMetadata" : {
      "metadata" : { }
    }
  }, {
    "majorSchemaVersion" : 3,
    "name" : "incident-management-srv",
    "isPublic" : false,
    "properties" : { },
    "parameters" : { },
    "propertiesMetadata" : {
      "metadata" : { }
    },
    "parametersMetadata" : {
      "metadata" : { }
    }
  } ],
  "propertiesMetadata" : {
    "metadata" : { }
  },
  "parametersMetadata" : {
    "metadata" : { }
  },
  "deployedAfter" : [ ],
  "hooks" : [ ]
}, {
  "majorSchemaVersion" : 3,
  "name" : "incident-management-db-deployer",
  "type" : "com.sap.xs.hdi",
  "path" : "incident-management-db-deployer",
  "properties" : {
    "EXIT" : 1
  },
  "parameters" : {
    "app-name" : "incident-management-db-deployer",
    "buildpack" : "nodejs_buildpack",
    "default-app-name" : "incident-management-db-deployer",
    "default-host" : "277e0127trial-dev-incident-management-db-deployer",
    "default-instances" : 1,
    "default-live-app-name" : "incident-management-db-deployer",
    "default-live-domain" : "cfapps.us10-001.hana.ondemand.com",
    "default-live-host" : "277e0127trial-dev-incident-management-db-deployer",
    "default-live-uri" : "277e0127trial-dev-incident-management-db-deployer.cfapps.us10-001.hana.ondemand.com",
    "default-live-url" : "https://277e0127trial-dev-incident-management-db-deployer.cfapps.us10-001.hana.ondemand.com",
    "default-uri" : "277e0127trial-dev-incident-management-db-deployer.cfapps.us10-001.hana.ondemand.com",
    "default-url" : "https://277e0127trial-dev-incident-management-db-deployer.cfapps.us10-001.hana.ondemand.com",
    "dependency-type" : "hard",
    "domain" : "cfapps.us10-001.hana.ondemand.com",
    "generated-password" : "********",
    "generated-user" : "********",
    "host" : "277e0127trial-dev-incident-management-db-deployer",
    "instances" : 1,
    "memory" : "256M",
    "no-route" : true,
    "no-start" : true,
    "protocol" : "https",
    "tasks" : [ {
      "command" : "npm start",
      "memory" : "256M",
      "name" : "deploy"
    } ]
  },
  "requiredDependencies" : [ {
    "majorSchemaVersion" : 3,
    "name" : "incident-management-db",
    "properties" : { },
    "parameters" : { },
    "propertiesMetadata" : {
      "metadata" : { }
    },
    "parametersMetadata" : {
      "metadata" : { }
    }
  } ],
  "providedDependencies" : [ {
    "majorSchemaVersion" : 3,
    "name" : "incident-management-db-deployer",
    "isPublic" : false,
    "properties" : { },
    "parameters" : { },
    "propertiesMetadata" : {
      "metadata" : { }
    },
    "parametersMetadata" : {
      "metadata" : { }
    }
  } ],
  "propertiesMetadata" : {
    "metadata" : { }
  },
  "parametersMetadata" : {
    "metadata" : { }
  },
  "deployedAfter" : [ ],
  "hooks" : [ ]
}, {
  "majorSchemaVersion" : 3,
  "name" : "incident-management-app-deployer",
  "type" : "com.sap.application.content",
  "path" : "incident-management-app-deployer",
  "properties" : { },
  "parameters" : {
    "app-name" : "incident-management-app-deployer",
    "config" : {
      "destinations" : [ {
        "Authentication" : "********",
        "DynamicDestination" : true,
        "ForwardAuthToken" : "********",
        "Name" : "srv-api",
        "ProxyType" : "Internet",
        "Type" : "HTTP",
        "URL" : "https://277e0127trial-dev-incident-management-srv.cfapps.us10-001.hana.ondemand.com"
      } ]
    },
    "default-app-name" : "incident-management-app-deployer",
    "default-host" : "277e0127trial-dev-incident-management-app-deployer",
    "default-instances" : 1,
    "default-live-app-name" : "incident-management-app-deployer",
    "default-live-domain" : "cfapps.us10-001.hana.ondemand.com",
    "default-live-host" : "277e0127trial-dev-incident-management-app-deployer",
    "default-live-uri" : "277e0127trial-dev-incident-management-app-deployer.cfapps.us10-001.hana.ondemand.com",
    "default-live-url" : "https://277e0127trial-dev-incident-management-app-deployer.cfapps.us10-001.hana.ondemand.com",
    "default-uri" : "277e0127trial-dev-incident-management-app-deployer.cfapps.us10-001.hana.ondemand.com",
    "default-url" : "https://277e0127trial-dev-incident-management-app-deployer.cfapps.us10-001.hana.ondemand.com",
    "dependency-type" : "soft",
    "domain" : "cfapps.us10-001.hana.ondemand.com",
    "generated-password" : "********",
    "generated-user" : "********",
    "host" : "277e0127trial-dev-incident-management-app-deployer",
    "instances" : 1,
    "protocol" : "https"
  },
  "requiredDependencies" : [ {
    "majorSchemaVersion" : 3,
    "name" : "********",
    "properties" : { },
    "parameters" : { },
    "propertiesMetadata" : {
      "metadata" : { }
    },
    "parametersMetadata" : {
      "metadata" : { }
    }
  }, {
    "majorSchemaVersion" : 3,
    "name" : "srv-api",
    "properties" : { },
    "parameters" : { },
    "propertiesMetadata" : {
      "metadata" : { }
    },
    "parametersMetadata" : {
      "metadata" : { }
    }
  }, {
    "majorSchemaVersion" : 3,
    "name" : "incident-management-html5-repo-host",
    "properties" : { },
    "parameters" : {
      "config" : {
        "HTML5Runtime_enabled" : true
      },
      "content-target" : true
    },
    "propertiesMetadata" : {
      "metadata" : { }
    },
    "parametersMetadata" : {
      "metadata" : { }
    }
  } ],
  "providedDependencies" : [ {
    "majorSchemaVersion" : 3,
    "name" : "incident-management-app-deployer",
    "isPublic" : false,
    "properties" : { },
    "parameters" : { },
    "propertiesMetadata" : {
      "metadata" : { }
    },
    "parametersMetadata" : {
      "metadata" : { }
    }
  } ],
  "propertiesMetadata" : {
    "metadata" : { }
  },
  "parametersMetadata" : {
    "metadata" : { }
  },
  "deployedAfter" : [ ],
  "hooks" : [ ]
}, {
  "majorSchemaVersion" : 3,
  "name" : "incident-management-destinations",
  "type" : "com.sap.application.content",
  "properties" : { },
  "parameters" : {
    "app-name" : "incident-management-destinations",
    "content" : {
      "instance" : {
        "destinations" : [ {
          "Name" : "incident-management-html5-repository",
          "ServiceInstanceName" : "incident-management-html5-repo-host",
          "ServiceKeyName" : "********",
          "sap.cloud.service" : "incidentmanagement.service"
        }, {
          "Authentication" : "********",
          "Name" : "********",
          "ServiceInstanceName" : "********",
          "ServiceKeyName" : "********",
          "sap.cloud.service" : "incidentmanagement.service"
        } ],
        "existing_destinations_policy" : "update"
      }
    },
    "default-app-name" : "incident-management-destinations",
    "default-host" : "277e0127trial-dev-incident-management-destinations",
    "default-instances" : 1,
    "default-live-app-name" : "incident-management-destinations",
    "default-live-domain" : "cfapps.us10-001.hana.ondemand.com",
    "default-live-host" : "277e0127trial-dev-incident-management-destinations",
    "default-live-uri" : "277e0127trial-dev-incident-management-destinations.cfapps.us10-001.hana.ondemand.com",
    "default-live-url" : "https://277e0127trial-dev-incident-management-destinations.cfapps.us10-001.hana.ondemand.com",
    "default-uri" : "277e0127trial-dev-incident-management-destinations.cfapps.us10-001.hana.ondemand.com",
    "default-url" : "https://277e0127trial-dev-incident-management-destinations.cfapps.us10-001.hana.ondemand.com",
    "dependency-type" : "soft",
    "domain" : "cfapps.us10-001.hana.ondemand.com",
    "generated-password" : "********",
    "generated-user" : "********",
    "host" : "277e0127trial-dev-incident-management-destinations",
    "instances" : 1,
    "protocol" : "https"
  },
  "requiredDependencies" : [ {
    "majorSchemaVersion" : 3,
    "name" : "********",
    "properties" : { },
    "parameters" : {
      "service-key" : "********"
    },
    "propertiesMetadata" : {
      "metadata" : { }
    },
    "parametersMetadata" : {
      "metadata" : { }
    }
  }, {
    "majorSchemaVersion" : 3,
    "name" : "incident-management-html5-repo-host",
    "properties" : { },
    "parameters" : {
      "service-key" : "********"
    },
    "propertiesMetadata" : {
      "metadata" : { }
    },
    "parametersMetadata" : {
      "metadata" : { }
    }
  }, {
    "majorSchemaVersion" : 3,
    "name" : "srv-api",
    "properties" : { },
    "parameters" : { },
    "propertiesMetadata" : {
      "metadata" : { }
    },
    "parametersMetadata" : {
      "metadata" : { }
    }
  }, {
    "majorSchemaVersion" : 3,
    "name" : "incident-management-destination",
    "properties" : { },
    "parameters" : {
      "content-target" : true
    },
    "propertiesMetadata" : {
      "metadata" : { }
    },
    "parametersMetadata" : {
      "metadata" : { }
    }
  } ],
  "providedDependencies" : [ {
    "majorSchemaVersion" : 3,
    "name" : "incident-management-destinations",
    "isPublic" : false,
    "properties" : { },
    "parameters" : { },
    "propertiesMetadata" : {
      "metadata" : { }
    },
    "parametersMetadata" : {
      "metadata" : { }
    }
  } ],
  "propertiesMetadata" : {
    "metadata" : { }
  },
  "parametersMetadata" : {
    "metadata" : { }
  },
  "deployedAfter" : [ ],
  "hooks" : [ ]
} ]#
#2026 09 28 11:31:51.589#Z#DEBUG#2bb21052-bb30-11f1-a969-eeee0a843796.OPERATION#flowable-async-job-executor-thread-41583#
Step "Compute Next Modules To Deploy" finished#
#2026 09 28 11:31:51.692#Z#DEBUG#2bb21052-bb30-11f1-a969-eeee0a843796.OPERATION#flowable-async-job-executor-thread-41583#
[ProcessDescriptorStep] Executing task "reprocessDescriptorTask" of process "332988ad-bb30-11f1-bac1-eeee0a847a12"...#
#2026 09 28 11:31:51.692#Z#DEBUG#2bb21052-bb30-11f1-a969-eeee0a843796.OPERATION#flowable-async-job-executor-thread-41583#
[ProcessDescriptorStep] Resolving properties and parameters in merged descriptor...#
#2026 09 28 11:31:51.695#Z#DEBUG#2bb21052-bb30-11f1-a969-eeee0a843796.OPERATION#flowable-async-job-executor-thread-41583#
[ProcessDescriptorStep] Subscriptions: [ ]#
#2026 09 28 11:31:51.699#Z#DEBUG#2bb21052-bb30-11f1-a969-eeee0a843796.OPERATION#flowable-async-job-executor-thread-41583#
[ProcessDescriptorStep] MTA modules: [incident-management-app-deployer, incident-management-db-deployer, incident-management-srv, incident-management-destinations]#
#2026 09 28 11:31:51.701#Z#DEBUG#2bb21052-bb30-11f1-a969-eeee0a843796.OPERATION#flowable-async-job-executor-thread-41583#
[ProcessDescriptorStep] Resolved deployment descriptor: {
  "majorSchemaVersion" : 3,
  "schemaVersion" : "3.3.0",
  "id" : "incident-management",
  "version" : "1.0.0",
  "modules" : [ {
    "majorSchemaVersion" : 3,
    "name" : "incident-management-srv",
    "type" : "javascript.nodejs",
    "path" : "incident-management-srv",
    "properties" : { },
    "parameters" : {
      "default-url" : "https://277e0127trial-dev-incident-management-srv.cfapps.us10-001.hana.ondemand.com",
      "default-app-name" : "incident-management-srv",
      "generated-password" : "********",
      "default-live-url" : "https://277e0127trial-dev-incident-management-srv.cfapps.us10-001.hana.ondemand.com",
      "default-uri" : "277e0127trial-dev-incident-management-srv.cfapps.us10-001.hana.ondemand.com",
      "default-instances" : 1,
      "default-live-host" : "277e0127trial-dev-incident-management-srv",
      "instances" : 1,
      "buildpack" : "nodejs_buildpack",
      "default-host" : "277e0127trial-dev-incident-management-srv",
      "app-name" : "incident-management-srv",
      "default-live-uri" : "277e0127trial-dev-incident-management-srv.cfapps.us10-001.hana.ondemand.com",
      "protocol" : "https",
      "default-live-app-name" : "incident-management-srv",
      "default-live-domain" : "cfapps.us10-001.hana.ondemand.com",
      "domain" : "cfapps.us10-001.hana.ondemand.com",
      "host" : "277e0127trial-dev-incident-management-srv",
      "generated-user" : "********"
    },
    "requiredDependencies" : [ {
      "majorSchemaVersion" : 3,
      "name" : "********",
      "properties" : { },
      "parameters" : { },
      "propertiesMetadata" : {
        "metadata" : { }
      },
      "parametersMetadata" : {
        "metadata" : { }
      }
    }, {
      "majorSchemaVersion" : 3,
      "name" : "incident-management-db",
      "properties" : { },
      "parameters" : { },
      "propertiesMetadata" : {
        "metadata" : { }
      },
      "parametersMetadata" : {
        "metadata" : { }
      }
    }, {
      "majorSchemaVersion" : 3,
      "name" : "incident-management-destination",
      "properties" : { },
      "parameters" : { },
      "propertiesMetadata" : {
        "metadata" : { }
      },
      "parametersMetadata" : {
        "metadata" : { }
      }
    } ],
    "providedDependencies" : [ {
      "majorSchemaVersion" : 3,
      "name" : "srv-api",
      "isPublic" : false,
      "properties" : {
        "srv-url" : "https://277e0127trial-dev-incident-management-srv.cfapps.us10-001.hana.ondemand.com"
      },
      "parameters" : { },
      "propertiesMetadata" : {
        "metadata" : { }
      },
      "parametersMetadata" : {
        "metadata" : { }
      }
    }, {
      "majorSchemaVersion" : 3,
      "name" : "incident-management-srv",
      "isPublic" : false,
      "properties" : { },
      "parameters" : { },
      "propertiesMetadata" : {
        "metadata" : { }
      },
      "parametersMetadata" : {
        "metadata" : { }
      }
    } ],
    "propertiesMetadata" : {
      "metadata" : { }
    },
    "parametersMetadata" : {
      "metadata" : { }
    },
    "hooks" : [ ]
  }, {
    "majorSchemaVersion" : 3,
    "name" : "incident-management-db-deployer",
    "type" : "com.sap.xs.hdi",
    "path" : "incident-management-db-deployer",
    "properties" : {
      "EXIT" : 1
    },
    "parameters" : {
      "default-url" : "https://277e0127trial-dev-incident-management-db-deployer.cfapps.us10-001.hana.ondemand.com",
      "default-app-name" : "incident-management-db-deployer",
      "generated-password" : "********",
      "default-live-url" : "https://277e0127trial-dev-incident-management-db-deployer.cfapps.us10-001.hana.ondemand.com",
      "default-uri" : "277e0127trial-dev-incident-management-db-deployer.cfapps.us10-001.hana.ondemand.com",
      "memory" : "256M",
      "default-instances" : 1,
      "no-route" : true,
      "default-live-host" : "277e0127trial-dev-incident-management-db-deployer",
      "instances" : 1,
      "buildpack" : "nodejs_buildpack",
      "default-host" : "277e0127trial-dev-incident-management-db-deployer",
      "app-name" : "incident-management-db-deployer",
      "default-live-uri" : "277e0127trial-dev-incident-management-db-deployer.cfapps.us10-001.hana.ondemand.com",
      "protocol" : "https",
      "default-live-app-name" : "incident-management-db-deployer",
      "default-live-domain" : "cfapps.us10-001.hana.ondemand.com",
      "dependency-type" : "hard",
      "domain" : "cfapps.us10-001.hana.ondemand.com",
      "host" : "277e0127trial-dev-incident-management-db-deployer",
      "generated-user" : "********",
      "tasks" : [ {
        "command" : "npm start",
        "memory" : "256M",
        "name" : "deploy"
      } ],
      "no-start" : true
    },
    "requiredDependencies" : [ {
      "majorSchemaVersion" : 3,
      "name" : "incident-management-db",
      "properties" : { },
      "parameters" : { },
      "propertiesMetadata" : {
        "metadata" : { }
      },
      "parametersMetadata" : {
        "metadata" : { }
      }
    } ],
    "providedDependencies" : [ {
      "majorSchemaVersion" : 3,
      "name" : "incident-management-db-deployer",
      "isPublic" : false,
      "properties" : { },
      "parameters" : { },
      "propertiesMetadata" : {
        "metadata" : { }
      },
      "parametersMetadata" : {
        "metadata" : { }
      }
    } ],
    "propertiesMetadata" : {
      "metadata" : { }
    },
    "parametersMetadata" : {
      "metadata" : { }
    },
    "hooks" : [ ]
  }, {
    "majorSchemaVersion" : 3,
    "name" : "incident-management-app-deployer",
    "type" : "com.sap.application.content",
    "path" : "incident-management-app-deployer",
    "properties" : { },
    "parameters" : {
      "default-url" : "https://277e0127trial-dev-incident-management-app-deployer.cfapps.us10-001.hana.ondemand.com",
      "default-app-name" : "incident-management-app-deployer",
      "generated-password" : "********",
      "default-live-url" : "https://277e0127trial-dev-incident-management-app-deployer.cfapps.us10-001.hana.ondemand.com",
      "default-uri" : "277e0127trial-dev-incident-management-app-deployer.cfapps.us10-001.hana.ondemand.com",
      "default-instances" : 1,
      "default-live-host" : "277e0127trial-dev-incident-management-app-deployer",
      "instances" : 1,
      "default-host" : "277e0127trial-dev-incident-management-app-deployer",
      "app-name" : "incident-management-app-deployer",
      "default-live-uri" : "277e0127trial-dev-incident-management-app-deployer.cfapps.us10-001.hana.ondemand.com",
      "protocol" : "https",
      "default-live-app-name" : "incident-management-app-deployer",
      "default-live-domain" : "cfapps.us10-001.hana.ondemand.com",
      "domain" : "cfapps.us10-001.hana.ondemand.com",
      "host" : "277e0127trial-dev-incident-management-app-deployer",
      "generated-user" : "********",
      "config" : {
        "destinations" : [ {
          "Authentication" : "********",
          "DynamicDestination" : true,
          "ForwardAuthToken" : "********",
          "Name" : "srv-api",
          "ProxyType" : "Internet",
          "Type" : "HTTP",
          "URL" : "https://277e0127trial-dev-incident-management-srv.cfapps.us10-001.hana.ondemand.com"
        } ]
      }
    },
    "requiredDependencies" : [ {
      "majorSchemaVersion" : 3,
      "name" : "********",
      "properties" : { },
      "parameters" : { },
      "propertiesMetadata" : {
        "metadata" : { }
      },
      "parametersMetadata" : {
        "metadata" : { }
      }
    }, {
      "majorSchemaVersion" : 3,
      "name" : "srv-api",
      "properties" : { },
      "parameters" : { },
      "propertiesMetadata" : {
        "metadata" : { }
      },
      "parametersMetadata" : {
        "metadata" : { }
      }
    }, {
      "majorSchemaVersion" : 3,
      "name" : "incident-management-html5-repo-host",
      "properties" : { },
      "parameters" : {
        "config" : {
          "HTML5Runtime_enabled" : true
        },
        "content-target" : true
      },
      "propertiesMetadata" : {
        "metadata" : { }
      },
      "parametersMetadata" : {
        "metadata" : { }
      }
    } ],
    "providedDependencies" : [ {
      "majorSchemaVersion" : 3,
      "name" : "incident-management-app-deployer",
      "isPublic" : false,
      "properties" : { },
      "parameters" : { },
      "propertiesMetadata" : {
        "metadata" : { }
      },
      "parametersMetadata" : {
        "metadata" : { }
      }
    } ],
    "propertiesMetadata" : {
      "metadata" : { }
    },
    "parametersMetadata" : {
      "metadata" : { }
    },
    "hooks" : [ ]
  }, {
    "majorSchemaVersion" : 3,
    "name" : "incident-management-destinations",
    "type" : "com.sap.application.content",
    "properties" : { },
    "parameters" : {
      "default-url" : "https://277e0127trial-dev-incident-management-destinations.cfapps.us10-001.hana.ondemand.com",
      "default-app-name" : "incident-management-destinations",
      "generated-password" : "********",
      "default-live-url" : "https://277e0127trial-dev-incident-management-destinations.cfapps.us10-001.hana.ondemand.com",
      "default-uri" : "277e0127trial-dev-incident-management-destinations.cfapps.us10-001.hana.ondemand.com",
      "default-instances" : 1,
      "default-live-host" : "277e0127trial-dev-incident-management-destinations",
      "instances" : 1,
      "default-host" : "277e0127trial-dev-incident-management-destinations",
      "content" : {
        "instance" : {
          "destinations" : [ {
            "Name" : "incident-management-html5-repository",
            "ServiceInstanceName" : "incident-management-html5-repo-host",
            "ServiceKeyName" : "********",
            "sap.cloud.service" : "incidentmanagement.service"
          }, {
            "Authentication" : "********",
            "Name" : "********",
            "ServiceInstanceName" : "********",
            "ServiceKeyName" : "********",
            "sap.cloud.service" : "incidentmanagement.service"
          } ],
          "existing_destinations_policy" : "update"
        }
      },
      "app-name" : "incident-management-destinations",
      "default-live-uri" : "277e0127trial-dev-incident-management-destinations.cfapps.us10-001.hana.ondemand.com",
      "protocol" : "https",
      "default-live-app-name" : "incident-management-destinations",
      "default-live-domain" : "cfapps.us10-001.hana.ondemand.com",
      "domain" : "cfapps.us10-001.hana.ondemand.com",
      "host" : "277e0127trial-dev-incident-management-destinations",
      "generated-user" : "********"
    },
    "requiredDependencies" : [ {
      "majorSchemaVersion" : 3,
      "name" : "********",
      "properties" : { },
      "parameters" : {
        "service-key" : "********"
      },
      "propertiesMetadata" : {
        "metadata" : { }
      },
      "parametersMetadata" : {
        "metadata" : { }
      }
    }, {
      "majorSchemaVersion" : 3,
      "name" : "incident-management-html5-repo-host",
      "properties" : { },
      "parameters" : {
        "service-key" : "********"
      },
      "propertiesMetadata" : {
        "metadata" : { }
      },
      "parametersMetadata" : {
        "metadata" : { }
      }
    }, {
      "majorSchemaVersion" : 3,
      "name" : "srv-api",
      "properties" : { },
      "parameters" : { },
      "propertiesMetadata" : {
        "metadata" : { }
      },
      "parametersMetadata" : {
        "metadata" : { }
      }
    }, {
      "majorSchemaVersion" : 3,
      "name" : "incident-management-destination",
      "properties" : { },
      "parameters" : {
        "content-target" : true
      },
      "propertiesMetadata" : {
        "metadata" : { }
      },
      "parametersMetadata" : {
        "metadata" : { }
      }
    } ],
    "providedDependencies" : [ {
      "majorSchemaVersion" : 3,
      "name" : "incident-management-destinations",
      "isPublic" : false,
      "properties" : { },
      "parameters" : { },
      "propertiesMetadata" : {
        "metadata" : { }
      },
      "parametersMetadata" : {
        "metadata" : { }
      }
    } ],
    "propertiesMetadata" : {
      "metadata" : { }
    },
    "parametersMetadata" : {
      "metadata" : { }
    },
    "hooks" : [ ]
  } ],
  "resources" : [ {
    "majorSchemaVersion" : 3,
    "name" : "********",
    "type" : "org.cloudfoundry.managed-service",
    "properties" : { },
    "parameters" : {
      "generated-password" : "********",
      "path" : "./xs-security.json",
      "service-name" : "********",
      "service-plan" : "application",
      "service" : "xsuaa",
      "generated-user" : "********",
      "default-xsappname" : "********",
      "type" : "managed-service",
      "config" : {
        "oauth2-configuration" : "********",
        "role-collections" : [ {
          "description" : "generated",
          "name" : "support (incident-management 277e0127trial-dev)",
          "role-template-references" : [ "$XSAPPNAME.support" ]
        }, {
          "description" : "generated",
          "name" : "admin (incident-management 277e0127trial-dev)",
          "role-template-references" : [ "$XSAPPNAME.admin" ]
        } ],
        "tenant-mode" : "dedicated",
        "xsappname" : "incident-management-277e0127trial-dev"
      },
      "default-service-name" : "********",
      "default-container-name" : "********"
    },
    "isActive" : true,
    "isOptional" : false,
    "propertiesMetadata" : {
      "metadata" : { }
    },
    "parametersMetadata" : {
      "metadata" : { }
    },
    "requiredDependencies" : [ ],
    "processedAfter" : [ ]
  }, {
    "majorSchemaVersion" : 3,
    "name" : "incident-management-db",
    "type" : "com.sap.xs.hdi-container",
    "properties" : { },
    "parameters" : {
      "generated-password" : "********",
      "service-name" : "incident-management-db",
      "service-plan" : "hdi-shared",
      "service" : "hana",
      "generated-user" : "********",
      "default-xsappname" : "incident-management-db",
      "type" : "managed-service",
      "default-service-name" : "incident-management-db",
      "default-container-name" : "277E0127TRIAL_DEV_INCIDENT_MANAGEMENT_DB"
    },
    "isActive" : true,
    "isOptional" : false,
    "propertiesMetadata" : {
      "metadata" : { }
    },
    "parametersMetadata" : {
      "metadata" : { }
    },
    "requiredDependencies" : [ ],
    "processedAfter" : [ ]
  }, {
    "majorSchemaVersion" : 3,
    "name" : "incident-management-destination",
    "type" : "org.cloudfoundry.managed-service",
    "properties" : { },
    "parameters" : {
      "generated-password" : "********",
      "service-name" : "incident-management-destination",
      "service-plan" : "lite",
      "service" : "destination",
      "generated-user" : "********",
      "default-xsappname" : "incident-management-destination",
      "type" : "managed-service",
      "config" : {
        "HTML5Runtime_enabled" : true,
        "init_data" : {
          "instance" : {
            "destinations" : [ {
              "Authentication" : "********",
              "DynamicDestination" : true,
              "ForwardAuthToken" : "********",
              "Name" : "srv-api",
              "ProxyType" : "Internet",
              "Type" : "HTTP",
              "URL" : "https://277e0127trial-dev-incident-management-srv.cfapps.us10-001.hana.ondemand.com"
            } ],
            "existing_destinations_policy" : "update"
          }
        }
      },
      "default-service-name" : "incident-management-destination",
      "default-container-name" : "277E0127TRIAL_DEV_INCIDENT_MANAGEMENT_DESTINATION"
    },
    "isActive" : true,
    "isOptional" : false,
    "propertiesMetadata" : {
      "metadata" : { }
    },
    "parametersMetadata" : {
      "metadata" : { }
    },
    "requiredDependencies" : [ {
      "majorSchemaVersion" : 3,
      "name" : "srv-api",
      "properties" : { },
      "parameters" : { },
      "propertiesMetadata" : {
        "metadata" : { }
      },
      "parametersMetadata" : {
        "metadata" : { }
      }
    } ],
    "processedAfter" : [ ]
  }, {
    "majorSchemaVersion" : 3,
    "name" : "incident-management-html5-repo-host",
    "type" : "org.cloudfoundry.managed-service",
    "properties" : { },
    "parameters" : {
      "generated-password" : "********",
      "service-name" : "incident-management-html5-repo-host",
      "service-plan" : "app-host",
      "service" : "html5-apps-repo",
      "generated-user" : "********",
      "default-xsappname" : "incident-management-html5-repo-host",
      "type" : "managed-service",
      "default-service-name" : "incident-management-html5-repo-host",
      "default-container-name" : "277E0127TRIAL_DEV_INCIDENT_MANAGEMENT_HTML5_REPO_HOST"
    },
    "isActive" : true,
    "isOptional" : false,
    "propertiesMetadata" : {
      "metadata" : { }
    },
    "parametersMetadata" : {
      "metadata" : { }
    },
    "requiredDependencies" : [ ],
    "processedAfter" : [ ]
  } ],
  "parameters" : {
    "deploy_mode" : "html5-repo",
    "mta-id" : "incident-management",
    "authorization-url" : "********",
    "org-guid" : "9bac6195-6fde-4833-ad06-da82f9540eb9",
    "org" : "277e0127trial",
    "deploy-target" : "277e0127trial dev",
    "enable-parallel-deployments" : true,
    "region-primary-domain" : "us10.hana.ondemand.com",
    "space" : "dev",
    "region-domain" : "us10-001.hana.ondemand.com",
    "xs-api-url" : "https://api.cf.us10-001.hana.ondemand.com",
    "deploy-url" : "deploy-service.cfapps.us10-001.hana.ondemand.com",
    "xs-type" : "CF",
    "default-domain" : "cfapps.us10-001.hana.ondemand.com",
    "mta-version" : "1.0.0",
    "xs-auth-url" : "********",
    "space-guid" : "625adf6d-63f6-4db7-a3cd-0f6c39a650f8",
    "user" : "********",
    "controller-url" : "https://api.cf.us10-001.hana.ondemand.com",
    "timestamp" : "20260928113139"
  },
  "parametersMetadata" : {
    "metadata" : { }
  }
}#
#2026 09 28 11:31:51.701#Z#DEBUG#2bb21052-bb30-11f1-a969-eeee0a843796.OPERATION#flowable-async-job-executor-thread-41583#
[ProcessDescriptorStep] Merged descriptor properties and parameters resolved#
#2026 09 28 11:31:51.701#Z#DEBUG#2bb21052-bb30-11f1-a969-eeee0a843796.OPERATION#flowable-async-job-executor-thread-41583#
Step "Re-Process Descriptor Step" finished#
#2026 09 28 11:31:51.719#Z#DEBUG#2bb21052-bb30-11f1-a969-eeee0a843796.OPERATION#flowable-async-job-executor-thread-41583#
[BuildApplicationDeployModelStep] Executing task "buildApplicationDeployModelTask" of process "332988ad-bb30-11f1-bac1-eeee0a847a12"...#
#2026 09 28 11:31:51.721#Z#DEBUG#2bb21052-bb30-11f1-a969-eeee0a843796.OPERATION#flowable-async-job-executor-thread-41583#
[BuildApplicationDeployModelStep] Building cloud deployment model for application "incident-management-srv"...#
#2026 09 28 11:31:51.723#Z#DEBUG#2bb21052-bb30-11f1-a969-eeee0a843796.OPERATION#flowable-async-job-executor-thread-41583#
[BuildApplicationDeployModelStep] No health-check-type is specified. Setting default type: port#
#2026 09 28 11:31:51.724#Z#INFO#2bb21052-bb30-11f1-a969-eeee0a843796.OPERATION#flowable-async-job-executor-thread-41583#
[BuildApplicationDeployModelStep] Building configuration entries for org 277e0127trial, space dev, spaceId 625adf6d-63f6-4db7-a3cd-0f6c39a650f8 and namespace null!#
#2026 09 28 11:31:51.724#Z#DEBUG#2bb21052-bb30-11f1-a969-eeee0a843796.OPERATION#flowable-async-job-executor-thread-41583#
[BuildApplicationDeployModelStep] Configuration entries to publish: [ ]#
#2026 09 28 11:31:51.724#Z#DEBUG#2bb21052-bb30-11f1-a969-eeee0a843796.OPERATION#flowable-async-job-executor-thread-41583#
[BuildApplicationDeployModelStep] Cloud deployment model for application built#
#2026 09 28 11:31:51.724#Z#DEBUG#2bb21052-bb30-11f1-a969-eeee0a843796.OPERATION#flowable-async-job-executor-thread-41583#
Step "Build Application Deploy Model" finished#
#2026 09 28 11:31:51.746#Z#DEBUG#2bb21052-bb30-11f1-a969-eeee0a843796.OPERATION#flowable-async-job-executor-thread-41583#
[CreateOrUpdateAppStep] Executing task "createAppTask" of process "332988ad-bb30-11f1-bac1-eeee0a847a12"...#
#2026 09 28 11:31:51.747#Z#DEBUG#2bb21052-bb30-11f1-a969-eeee0a843796.OPERATION#flowable-async-job-executor-thread-41583#
[CreateOrUpdateAppStep] Getting application "incident-management-srv"...#
#2026 09 28 11:31:51.769#Z#INFO#2bb21052-bb30-11f1-a969-eeee0a843796.OPERATION#flowable-async-job-executor-thread-41583#
[CreateOrUpdateAppStep] Creating application "incident-management-srv" from MTA module "incident-management-srv"...#
#2026 09 28 11:31:51.774#Z#DEBUG#2bb21052-bb30-11f1-a969-eeee0a843796.OPERATION#flowable-async-job-executor-thread-41583#
[CreateOrUpdateAppStep] Creating application "incident-management-srv" with disk "null" memory "null", URIs "277e0127trial-dev-incident-management-srv.cfapps.us10-001.hana.ondemand.com" and staging: "{
  "buildpacks" : [ "nodejs_buildpack" ],
  "healthCheckType" : "port",
  "appFeatures" : { }
}"#
#2026 09 28 11:31:52.246#Z#DEBUG#2bb21052-bb30-11f1-a969-eeee0a843796.OPERATION#flowable-async-job-executor-thread-41583#
[CreateOrUpdateAppStep] Application "incident-management-srv" created#
#2026 09 28 11:31:52.246#Z#DEBUG#2bb21052-bb30-11f1-a969-eeee0a843796.OPERATION#flowable-async-job-executor-thread-41583#
Step "Create App" finished#
#2026 09 28 11:31:52.332#Z#DEBUG#2bb21052-bb30-11f1-a969-eeee0a843796.OPERATION#flowable-async-job-executor-thread-41583#
[CheckServiceBindingOperationStep] Executing task "checkForServiceBindingOperationInProgress" of process "338d2bd6-bb30-11f1-bac1-eeee0a847a12"...#
#2026 09 28 11:31:52.332#Z#DEBUG#2bb21052-bb30-11f1-a969-eeee0a843796.OPERATION#flowable-async-job-executor-thread-41583#
[CheckServiceBindingOperationStep] Checking for service binding operation in progress between app "incident-management-srv" and service instance "incident-management-auth"#
#2026 09 28 11:31:52.332#Z#DEBUG#2bb21052-bb30-11f1-a969-eeee0a843796.OPERATION#flowable-async-job-executor-thread-41583#
[CheckServiceBindingOperationStep] Getting application guid "incident-management-srv"...#
#2026 09 28 11:31:52.360#Z#DEBUG#2bb21052-bb30-11f1-a969-eeee0a843796.OPERATION#flowable-async-job-executor-thread-41583#
[CheckServiceBindingOperationStep] Getting GUID of required service instance "incident-management-auth"...#
#2026 09 28 11:31:52.393#Z#DEBUG#2bb21052-bb30-11f1-a969-eeee0a843796.OPERATION#flowable-async-job-executor-thread-41583#
[CheckServiceBindingOperationStep] Getting binding of service instance "4e46ca65-dc0d-4c2c-881d-c824f76300de" with application "28a8f8e3-575e-4bf1-b16b-3f7b028fba51"...#
#2026 09 28 11:31:52.416#Z#DEBUG#2bb21052-bb30-11f1-a969-eeee0a843796.OPERATION#flowable-async-job-executor-thread-41583#
Step "Check For Service Binding Operation In Progress" finished#
#2026 09 28 11:31:52.436#Z#DEBUG#2bb21052-bb30-11f1-a969-eeee0a843796.OPERATION#flowable-async-job-executor-thread-41583#
[DetermineApplicationServiceBindingActionsStep] Executing task "determineApplicationServiceBindingActionsTask" of process "338d2bd6-bb30-11f1-bac1-eeee0a847a12"...#
#2026 09 28 11:31:52.437#Z#DEBUG#2bb21052-bb30-11f1-a969-eeee0a843796.OPERATION#flowable-async-job-executor-thread-41583#
[DetermineApplicationServiceBindingActionsStep] Determine bind/unbind operations of application "incident-management-srv" to service instance "incident-management-auth"#
#2026 09 28 11:31:52.437#Z#DEBUG#2bb21052-bb30-11f1-a969-eeee0a843796.OPERATION#flowable-async-job-executor-thread-41583#
[DetermineApplicationServiceBindingActionsStep] Getting application "incident-management-srv"...#
#2026 09 28 11:31:52.464#Z#DEBUG#2bb21052-bb30-11f1-a969-eeee0a843796.OPERATION#flowable-async-job-executor-thread-41583#
[DetermineApplicationServiceBindingActionsStep] Binding parameters for application "incident-management-srv": { }#
#2026 09 28 11:31:52.496#Z#DEBUG#2bb21052-bb30-11f1-a969-eeee0a843796.OPERATION#flowable-async-job-executor-thread-41583#
[DetermineApplicationServiceBindingActionsStep] Calculated binding operations between application "incident-management-srv" and service instance "incident-management-auth": unbind - false bind - true#
#2026 09 28 11:31:52.496#Z#DEBUG#2bb21052-bb30-11f1-a969-eeee0a843796.OPERATION#flowable-async-job-executor-thread-41583#
Step "Determine Application Service Binding Actions" finished#
#2026 09 28 11:31:52.522#Z#DEBUG#2bb21052-bb30-11f1-a969-eeee0a843796.OPERATION#flowable-async-job-executor-thread-41583#
[BindServiceToApplicationStep] Executing task "bindServiceToApplicationTask" of process "338d2bd6-bb30-11f1-bac1-eeee0a847a12"...#
#2026 09 28 11:31:52.523#Z#INFO#2bb21052-bb30-11f1-a969-eeee0a843796.OPERATION#flowable-async-job-executor-thread-41583#
[BindServiceToApplicationStep] Binding service instance "incident-management-auth" to application "incident-management-srv"...#
#2026 09 28 11:31:52.527#Z#DEBUG#2bb21052-bb30-11f1-a969-eeee0a843796.OPERATION#flowable-async-job-executor-thread-41583#
[BindServiceToApplicationStep] Binding service instance "incident-management-auth" to application "incident-management-srv" with parameters: { }#
#2026 09 28 11:31:52.656#Z#DEBUG#2bb21052-bb30-11f1-a969-eeee0a843796.OPERATION#flowable-async-job-executor-thread-41583#
Step "Bind Service to Application" finished#
#2026 09 28 11:31:52.269#Z#DEBUG#2bb21052-bb30-11f1-a969-eeee0a843796.OPERATION#flowable-async-job-executor-thread-18642#
[BuildContentDeploymentConfigurationStep] Executing task "buildContentDeploymentConfigurationTask" of process "337f7068-bb30-11f1-a969-eeee0a843796"...#
#2026 09 28 11:31:52.276#Z#DEBUG#2bb21052-bb30-11f1-a969-eeee0a843796.OPERATION#ForkJoinPool-316-worker-1#
[BuildContentDeploymentConfigurationStep] Getting service key "incident-management-html5-repo-host-key" for service instance "incident-management-html5-repo-host"...#
#2026 09 28 11:31:52.276#Z#DEBUG#2bb21052-bb30-11f1-a969-eeee0a843796.OPERATION#ForkJoinPool-316-worker-2#
[BuildContentDeploymentConfigurationStep] Getting service key "incident-management-auth-key" for service instance "incident-management-auth"...#
#2026 09 28 11:31:52.278#Z#DEBUG#2bb21052-bb30-11f1-a969-eeee0a843796.OPERATION#ForkJoinPool-316-worker-3#
[BuildContentDeploymentConfigurationStep] Getting service key "incident-management-destinations-incident-management-destination-credentials" for service instance "incident-management-destination"...#
#2026 09 28 11:31:52.429#Z#INFO#2bb21052-bb30-11f1-a969-eeee0a843796.OPERATION#ForkJoinPool-316-worker-3#
[BuildContentDeploymentConfigurationStep] Creating service key "incident-management-destinations-incident-management-destination-credentials" for service instance "incident-management-destination"...#
#2026 09 28 11:31:52.434#Z#DEBUG#2bb21052-bb30-11f1-a969-eeee0a843796.OPERATION#ForkJoinPool-316-worker-3#
[BuildContentDeploymentConfigurationStep] Creating service key "incident-management-destinations-incident-management-destination-credentials" for service instance "incident-management-destination" with parameters: {
  "service_key_type" : "********"
}#
#2026 09 28 11:31:52.435#Z#INFO#2bb21052-bb30-11f1-a969-eeee0a843796.OPERATION#ForkJoinPool-316-worker-1#
[BuildContentDeploymentConfigurationStep] Creating service key "incident-management-html5-repo-host-key" for service instance "incident-management-html5-repo-host"...#
#2026 09 28 11:31:52.439#Z#DEBUG#2bb21052-bb30-11f1-a969-eeee0a843796.OPERATION#ForkJoinPool-316-worker-1#
[BuildContentDeploymentConfigurationStep] Creating service key "incident-management-html5-repo-host-key" for service instance "incident-management-html5-repo-host" with parameters: { }#
#2026 09 28 11:31:52.449#Z#INFO#2bb21052-bb30-11f1-a969-eeee0a843796.OPERATION#ForkJoinPool-316-worker-2#
[BuildContentDeploymentConfigurationStep] Creating service key "incident-management-auth-key" for service instance "incident-management-auth"...#
#2026 09 28 11:31:52.453#Z#DEBUG#2bb21052-bb30-11f1-a969-eeee0a843796.OPERATION#ForkJoinPool-316-worker-2#
[BuildContentDeploymentConfigurationStep] Creating service key "incident-management-auth-key" for service instance "incident-management-auth" with parameters: { }#
#2026 09 28 11:31:53.748#Z#DEBUG#2bb21052-bb30-11f1-a969-eeee0a843796.OPERATION#ForkJoinPool-316-worker-1#
[BuildContentDeploymentConfigurationStep] Service key "incident-management-html5-repo-host-key" created#
#2026 09 28 11:31:53.783#Z#DEBUG#2bb21052-bb30-11f1-a969-eeee0a843796.OPERATION#ForkJoinPool-316-worker-2#
[BuildContentDeploymentConfigurationStep] Service key "incident-management-auth-key" created#
#2026 09 28 11:31:53.804#Z#DEBUG#2bb21052-bb30-11f1-a969-eeee0a843796.OPERATION#ForkJoinPool-316-worker-3#
[BuildContentDeploymentConfigurationStep] Service key "incident-management-destinations-incident-management-destination-credentials" created#
#2026 09 28 11:31:53.805#Z#DEBUG#2bb21052-bb30-11f1-a969-eeee0a843796.OPERATION#flowable-async-job-executor-thread-18642#
Step "Build Content Deployment Configuration" finished#
#2026 09 28 11:31:53.810#Z#DEBUG#2bb21052-bb30-11f1-a969-eeee0a843796.OPERATION#flowable-async-job-executor-thread-18642#
[CreateContentDeployClientConfigurationStep] Executing task "createContentDeployClientConfigurationTask" of process "3474a5ee-bb30-11f1-a969-eeee0a843796"...#
#2026 09 28 11:31:53.810#Z#DEBUG#2bb21052-bb30-11f1-a969-eeee0a843796.OPERATION#flowable-async-job-executor-thread-18642#
[CreateContentDeployClientConfigurationStep] Content deployer client configuration: {
  "contentDeployerUrl" : "https://destination-configuration.cfapps.us10.hana.ondemand.com/destination-configuration/gacd",
  "uaaClientConfiguration" : {
    "url" : "********",
    "credentials" : "********",
    "authenticationStrategyType" : "********"
  },
  "httpRequestHeaders" : {
    "X-CorrelationID" : "2bb21052-bb30-11f1-a969-eeee0a843796"
  },
  "spaceId" : "625adf6d-63f6-4db7-a3cd-0f6c39a650f8",
  "serviceName" : "incident-management-destination"
}#
#2026 09 28 11:31:54.030#Z#DEBUG#2bb21052-bb30-11f1-a969-eeee0a843796.OPERATION#flowable-async-job-executor-thread-18642#
Step "Create Content Deploy Client Configuration" finished#
#2026 09 28 11:31:54.032#Z#DEBUG#2bb21052-bb30-11f1-a969-eeee0a843796.OPERATION#flowable-async-job-executor-thread-18642#
[GetContentFromDeploymentDescriptorStep] Executing task "getContentFromDeploymentDescriptorTask" of process "3474a5ee-bb30-11f1-a969-eeee0a843796"...#
#2026 09 28 11:31:54.033#Z#DEBUG#2bb21052-bb30-11f1-a969-eeee0a843796.OPERATION#flowable-async-job-executor-thread-18642#
[GetContentFromDeploymentDescriptorStep] Content for module: "incident-management-destinations" is: "{
  "id" : "d1bc2e6b-ca1c-423b-8816-780173d8814a",
  "contentType" : "EMBEDDED",
  "content" : {
    "instance" : {
      "destinations" : [ {
        "Name" : "incident-management-html5-repository",
        "ServiceInstanceName" : "incident-management-html5-repo-host",
        "ServiceKeyName" : "********",
        "sap.cloud.service" : "incidentmanagement.service"
      }, {
        "Authentication" : "********",
        "Name" : "********",
        "ServiceInstanceName" : "********",
        "ServiceKeyName" : "********",
        "sap.cloud.service" : "incidentmanagement.service"
      } ],
      "existing_destinations_policy" : "update"
    }
  }
}"#
#2026 09 28 11:31:54.033#Z#DEBUG#2bb21052-bb30-11f1-a969-eeee0a843796.OPERATION#flowable-async-job-executor-thread-18642#
Step "Get Content From Deployment Descriptor" finished#
#2026 09 28 11:31:54.391#Z#DEBUG#2bb21052-bb30-11f1-a969-eeee0a843796.OPERATION#flowable-async-job-executor-thread-22185#
[CheckServiceBindingOperationStep] Executing task "checkForServiceBindingOperationInProgress" of process "34c7ce77-bb30-11f1-ad12-eeee0a89329a"...#
#2026 09 28 11:31:54.391#Z#DEBUG#2bb21052-bb30-11f1-a969-eeee0a843796.OPERATION#flowable-async-job-executor-thread-22185#
[CheckServiceBindingOperationStep] Checking for service binding operation in progress between app "incident-management-srv" and service instance "incident-management-db"#
#2026 09 28 11:31:54.393#Z#DEBUG#2bb21052-bb30-11f1-a969-eeee0a843796.OPERATION#flowable-async-job-executor-thread-22185#
[CheckServiceBindingOperationStep] Getting application guid "incident-management-srv"...#
#2026 09 28 11:31:54.428#Z#DEBUG#2bb21052-bb30-11f1-a969-eeee0a843796.OPERATION#flowable-async-job-executor-thread-22185#
[CheckServiceBindingOperationStep] Getting GUID of required service instance "incident-management-db"...#
#2026 09 28 11:31:54.459#Z#DEBUG#2bb21052-bb30-11f1-a969-eeee0a843796.OPERATION#flowable-async-job-executor-thread-22185#
[CheckServiceBindingOperationStep] Getting binding of service instance "b37b783f-2d37-4a15-b37e-5ed681088085" with application "28a8f8e3-575e-4bf1-b16b-3f7b028fba51"...#
#2026 09 28 11:31:54.488#Z#DEBUG#2bb21052-bb30-11f1-a969-eeee0a843796.OPERATION#flowable-async-job-executor-thread-22185#
Step "Check For Service Binding Operation In Progress" finished#
#2026 09 28 11:31:54.034#Z#DEBUG#2bb21052-bb30-11f1-a969-eeee0a843796.OPERATION#flowable-async-job-executor-thread-18642#
[SynchronousContentDeployStep] Executing task "synchronousContentDeployTask" of process "3474a5ee-bb30-11f1-a969-eeee0a843796"...#
#2026 09 28 11:31:54.034#Z#INFO#2bb21052-bb30-11f1-a969-eeee0a843796.OPERATION#flowable-async-job-executor-thread-18642#
[SynchronousContentDeployStep] Deploying content module "incident-management-destinations" in target service "incident-management-destination"...#
#2026 09 28 11:31:54.207#Z#DEBUG#2bb21052-bb30-11f1-a969-eeee0a843796.OPERATION#flowable-async-job-executor-thread-18642#
[SynchronousContentDeployStep] Processing inline content upload for module: incident-management-destinations#
#2026 09 28 11:31:54.501#Z#DEBUG#2bb21052-bb30-11f1-a969-eeee0a843796.OPERATION#flowable-async-job-executor-thread-18642#
Step "Synchronous Deploy" finished#
#2026 09 28 11:31:54.514#Z#DEBUG#2bb21052-bb30-11f1-a969-eeee0a843796.OPERATION#flowable-async-job-executor-thread-41580#
[ProcessDescriptorStep] Executing task "reprocessDescriptorTask" of process "34d7fc3b-bb30-11f1-bac1-eeee0a847a12"...#
#2026 09 28 11:31:54.515#Z#DEBUG#2bb21052-bb30-11f1-a969-eeee0a843796.OPERATION#flowable-async-job-executor-thread-41580#
[ProcessDescriptorStep] Resolving properties and parameters in merged descriptor...#
#2026 09 28 11:31:54.517#Z#DEBUG#2bb21052-bb30-11f1-a969-eeee0a843796.OPERATION#flowable-async-job-executor-thread-41580#
[ProcessDescriptorStep] Subscriptions: [ ]#
#2026 09 28 11:31:54.522#Z#DEBUG#2bb21052-bb30-11f1-a969-eeee0a843796.OPERATION#flowable-async-job-executor-thread-41580#
[ProcessDescriptorStep] MTA modules: [incident-management-app-deployer, incident-management-db-deployer, incident-management-srv, incident-management-destinations]#
#2026 09 28 11:31:54.524#Z#DEBUG#2bb21052-bb30-11f1-a969-eeee0a843796.OPERATION#flowable-async-job-executor-thread-41580#
[ProcessDescriptorStep] Resolved deployment descriptor: {
  "majorSchemaVersion" : 3,
  "schemaVersion" : "3.3.0",
  "id" : "incident-management",
  "version" : "1.0.0",
  "modules" : [ {
    "majorSchemaVersion" : 3,
    "name" : "incident-management-srv",
    "type" : "javascript.nodejs",
    "path" : "incident-management-srv",
    "properties" : { },
    "parameters" : {
      "default-url" : "https://277e0127trial-dev-incident-management-srv.cfapps.us10-001.hana.ondemand.com",
      "default-app-name" : "incident-management-srv",
      "generated-password" : "********",
      "default-live-url" : "https://277e0127trial-dev-incident-management-srv.cfapps.us10-001.hana.ondemand.com",
      "default-uri" : "277e0127trial-dev-incident-management-srv.cfapps.us10-001.hana.ondemand.com",
      "default-instances" : 1,
      "default-live-host" : "277e0127trial-dev-incident-management-srv",
      "instances" : 1,
      "buildpack" : "nodejs_buildpack",
      "default-host" : "277e0127trial-dev-incident-management-srv",
      "app-name" : "incident-management-srv",
      "default-live-uri" : "277e0127trial-dev-incident-management-srv.cfapps.us10-001.hana.ondemand.com",
      "protocol" : "https",
      "default-live-app-name" : "incident-management-srv",
      "default-live-domain" : "cfapps.us10-001.hana.ondemand.com",
      "domain" : "cfapps.us10-001.hana.ondemand.com",
      "host" : "277e0127trial-dev-incident-management-srv",
      "generated-user" : "********"
    },
    "requiredDependencies" : [ {
      "majorSchemaVersion" : 3,
      "name" : "********",
      "properties" : { },
      "parameters" : { },
      "propertiesMetadata" : {
        "metadata" : { }
      },
      "parametersMetadata" : {
        "metadata" : { }
      }
    }, {
      "majorSchemaVersion" : 3,
      "name" : "incident-management-db",
      "properties" : { },
      "parameters" : { },
      "propertiesMetadata" : {
        "metadata" : { }
      },
      "parametersMetadata" : {
        "metadata" : { }
      }
    }, {
      "majorSchemaVersion" : 3,
      "name" : "incident-management-destination",
      "properties" : { },
      "parameters" : { },
      "propertiesMetadata" : {
        "metadata" : { }
      },
      "parametersMetadata" : {
        "metadata" : { }
      }
    } ],
    "providedDependencies" : [ {
      "majorSchemaVersion" : 3,
      "name" : "srv-api",
      "isPublic" : false,
      "properties" : {
        "srv-url" : "https://277e0127trial-dev-incident-management-srv.cfapps.us10-001.hana.ondemand.com"
      },
      "parameters" : { },
      "propertiesMetadata" : {
        "metadata" : { }
      },
      "parametersMetadata" : {
        "metadata" : { }
      }
    }, {
      "majorSchemaVersion" : 3,
      "name" : "incident-management-srv",
      "isPublic" : false,
      "properties" : { },
      "parameters" : { },
      "propertiesMetadata" : {
        "metadata" : { }
      },
      "parametersMetadata" : {
        "metadata" : { }
      }
    } ],
    "propertiesMetadata" : {
      "metadata" : { }
    },
    "parametersMetadata" : {
      "metadata" : { }
    },
    "hooks" : [ ]
  }, {
    "majorSchemaVersion" : 3,
    "name" : "incident-management-db-deployer",
    "type" : "com.sap.xs.hdi",
    "path" : "incident-management-db-deployer",
    "properties" : {
      "EXIT" : 1
    },
    "parameters" : {
      "default-url" : "https://277e0127trial-dev-incident-management-db-deployer.cfapps.us10-001.hana.ondemand.com",
      "default-app-name" : "incident-management-db-deployer",
      "generated-password" : "********",
      "default-live-url" : "https://277e0127trial-dev-incident-management-db-deployer.cfapps.us10-001.hana.ondemand.com",
      "default-uri" : "277e0127trial-dev-incident-management-db-deployer.cfapps.us10-001.hana.ondemand.com",
      "memory" : "256M",
      "default-instances" : 1,
      "no-route" : true,
      "default-live-host" : "277e0127trial-dev-incident-management-db-deployer",
      "instances" : 1,
      "buildpack" : "nodejs_buildpack",
      "default-host" : "277e0127trial-dev-incident-management-db-deployer",
      "app-name" : "incident-management-db-deployer",
      "default-live-uri" : "277e0127trial-dev-incident-management-db-deployer.cfapps.us10-001.hana.ondemand.com",
      "protocol" : "https",
      "default-live-app-name" : "incident-management-db-deployer",
      "default-live-domain" : "cfapps.us10-001.hana.ondemand.com",
      "dependency-type" : "hard",
      "domain" : "cfapps.us10-001.hana.ondemand.com",
      "host" : "277e0127trial-dev-incident-management-db-deployer",
      "generated-user" : "********",
      "tasks" : [ {
        "command" : "npm start",
        "memory" : "256M",
        "name" : "deploy"
      } ],
      "no-start" : true
    },
    "requiredDependencies" : [ {
      "majorSchemaVersion" : 3,
      "name" : "incident-management-db",
      "properties" : { },
      "parameters" : { },
      "propertiesMetadata" : {
        "metadata" : { }
      },
      "parametersMetadata" : {
        "metadata" : { }
      }
    } ],
    "providedDependencies" : [ {
      "majorSchemaVersion" : 3,
      "name" : "incident-management-db-deployer",
      "isPublic" : false,
      "properties" : { },
      "parameters" : { },
      "propertiesMetadata" : {
        "metadata" : { }
      },
      "parametersMetadata" : {
        "metadata" : { }
      }
    } ],
    "propertiesMetadata" : {
      "metadata" : { }
    },
    "parametersMetadata" : {
      "metadata" : { }
    },
    "hooks" : [ ]
  }, {
    "majorSchemaVersion" : 3,
    "name" : "incident-management-app-deployer",
    "type" : "com.sap.application.content",
    "path" : "incident-management-app-deployer",
    "properties" : { },
    "parameters" : {
      "default-url" : "https://277e0127trial-dev-incident-management-app-deployer.cfapps.us10-001.hana.ondemand.com",
      "default-app-name" : "incident-management-app-deployer",
      "generated-password" : "********",
      "default-live-url" : "https://277e0127trial-dev-incident-management-app-deployer.cfapps.us10-001.hana.ondemand.com",
      "default-uri" : "277e0127trial-dev-incident-management-app-deployer.cfapps.us10-001.hana.ondemand.com",
      "default-instances" : 1,
      "default-live-host" : "277e0127trial-dev-incident-management-app-deployer",
      "instances" : 1,
      "default-host" : "277e0127trial-dev-incident-management-app-deployer",
      "app-name" : "incident-management-app-deployer",
      "default-live-uri" : "277e0127trial-dev-incident-management-app-deployer.cfapps.us10-001.hana.ondemand.com",
      "protocol" : "https",
      "default-live-app-name" : "incident-management-app-deployer",
      "default-live-domain" : "cfapps.us10-001.hana.ondemand.com",
      "domain" : "cfapps.us10-001.hana.ondemand.com",
      "host" : "277e0127trial-dev-incident-management-app-deployer",
      "generated-user" : "********",
      "config" : {
        "destinations" : [ {
          "Authentication" : "********",
          "DynamicDestination" : true,
          "ForwardAuthToken" : "********",
          "Name" : "srv-api",
          "ProxyType" : "Internet",
          "Type" : "HTTP",
          "URL" : "https://277e0127trial-dev-incident-management-srv.cfapps.us10-001.hana.ondemand.com"
        } ]
      }
    },
    "requiredDependencies" : [ {
      "majorSchemaVersion" : 3,
      "name" : "********",
      "properties" : { },
      "parameters" : { },
      "propertiesMetadata" : {
        "metadata" : { }
      },
      "parametersMetadata" : {
        "metadata" : { }
      }
    }, {
      "majorSchemaVersion" : 3,
      "name" : "srv-api",
      "properties" : { },
      "parameters" : { },
      "propertiesMetadata" : {
        "metadata" : { }
      },
      "parametersMetadata" : {
        "metadata" : { }
      }
    }, {
      "majorSchemaVersion" : 3,
      "name" : "incident-management-html5-repo-host",
      "properties" : { },
      "parameters" : {
        "config" : {
          "HTML5Runtime_enabled" : true
        },
        "content-target" : true
      },
      "propertiesMetadata" : {
        "metadata" : { }
      },
      "parametersMetadata" : {
        "metadata" : { }
      }
    } ],
    "providedDependencies" : [ {
      "majorSchemaVersion" : 3,
      "name" : "incident-management-app-deployer",
      "isPublic" : false,
      "properties" : { },
      "parameters" : { },
      "propertiesMetadata" : {
        "metadata" : { }
      },
      "parametersMetadata" : {
        "metadata" : { }
      }
    } ],
    "propertiesMetadata" : {
      "metadata" : { }
    },
    "parametersMetadata" : {
      "metadata" : { }
    },
    "hooks" : [ ]
  }, {
    "majorSchemaVersion" : 3,
    "name" : "incident-management-destinations",
    "type" : "com.sap.application.content",
    "properties" : { },
    "parameters" : {
      "default-url" : "https://277e0127trial-dev-incident-management-destinations.cfapps.us10-001.hana.ondemand.com",
      "default-app-name" : "incident-management-destinations",
      "generated-password" : "********",
      "default-live-url" : "https://277e0127trial-dev-incident-management-destinations.cfapps.us10-001.hana.ondemand.com",
      "default-uri" : "277e0127trial-dev-incident-management-destinations.cfapps.us10-001.hana.ondemand.com",
      "default-instances" : 1,
      "default-live-host" : "277e0127trial-dev-incident-management-destinations",
      "instances" : 1,
      "default-host" : "277e0127trial-dev-incident-management-destinations",
      "content" : {
        "instance" : {
          "destinations" : [ {
            "Name" : "incident-management-html5-repository",
            "ServiceInstanceName" : "incident-management-html5-repo-host",
            "ServiceKeyName" : "********",
            "sap.cloud.service" : "incidentmanagement.service"
          }, {
            "Authentication" : "********",
            "Name" : "********",
            "ServiceInstanceName" : "********",
            "ServiceKeyName" : "********",
            "sap.cloud.service" : "incidentmanagement.service"
          } ],
          "existing_destinations_policy" : "update"
        }
      },
      "app-name" : "incident-management-destinations",
      "default-live-uri" : "277e0127trial-dev-incident-management-destinations.cfapps.us10-001.hana.ondemand.com",
      "protocol" : "https",
      "default-live-app-name" : "incident-management-destinations",
      "default-live-domain" : "cfapps.us10-001.hana.ondemand.com",
      "domain" : "cfapps.us10-001.hana.ondemand.com",
      "host" : "277e0127trial-dev-incident-management-destinations",
      "generated-user" : "********"
    },
    "requiredDependencies" : [ {
      "majorSchemaVersion" : 3,
      "name" : "********",
      "properties" : { },
      "parameters" : {
        "service-key" : "********"
      },
      "propertiesMetadata" : {
        "metadata" : { }
      },
      "parametersMetadata" : {
        "metadata" : { }
      }
    }, {
      "majorSchemaVersion" : 3,
      "name" : "incident-management-html5-repo-host",
      "properties" : { },
      "parameters" : {
        "service-key" : "********"
      },
      "propertiesMetadata" : {
        "metadata" : { }
      },
      "parametersMetadata" : {
        "metadata" : { }
      }
    }, {
      "majorSchemaVersion" : 3,
      "name" : "srv-api",
      "properties" : { },
      "parameters" : { },
      "propertiesMetadata" : {
        "metadata" : { }
      },
      "parametersMetadata" : {
        "metadata" : { }
      }
    }, {
      "majorSchemaVersion" : 3,
      "name" : "incident-management-destination",
      "properties" : { },
      "parameters" : {
        "content-target" : true
      },
      "propertiesMetadata" : {
        "metadata" : { }
      },
      "parametersMetadata" : {
        "metadata" : { }
      }
    } ],
    "providedDependencies" : [ {
      "majorSchemaVersion" : 3,
      "name" : "incident-management-destinations",
      "isPublic" : false,
      "properties" : { },
      "parameters" : { },
      "propertiesMetadata" : {
        "metadata" : { }
      },
      "parametersMetadata" : {
        "metadata" : { }
      }
    } ],
    "propertiesMetadata" : {
      "metadata" : { }
    },
    "parametersMetadata" : {
      "metadata" : { }
    },
    "hooks" : [ ]
  } ],
  "resources" : [ {
    "majorSchemaVersion" : 3,
    "name" : "********",
    "type" : "org.cloudfoundry.managed-service",
    "properties" : { },
    "parameters" : {
      "generated-password" : "********",
      "path" : "./xs-security.json",
      "service-name" : "********",
      "service-plan" : "application",
      "service" : "xsuaa",
      "generated-user" : "********",
      "default-xsappname" : "********",
      "type" : "managed-service",
      "config" : {
        "oauth2-configuration" : "********",
        "role-collections" : [ {
          "description" : "generated",
          "name" : "support (incident-management 277e0127trial-dev)",
          "role-template-references" : [ "$XSAPPNAME.support" ]
        }, {
          "description" : "generated",
          "name" : "admin (incident-management 277e0127trial-dev)",
          "role-template-references" : [ "$XSAPPNAME.admin" ]
        } ],
        "tenant-mode" : "dedicated",
        "xsappname" : "incident-management-277e0127trial-dev"
      },
      "default-service-name" : "********",
      "default-container-name" : "********"
    },
    "isActive" : true,
    "isOptional" : false,
    "propertiesMetadata" : {
      "metadata" : { }
    },
    "parametersMetadata" : {
      "metadata" : { }
    },
    "requiredDependencies" : [ ],
    "processedAfter" : [ ]
  }, {
    "majorSchemaVersion" : 3,
    "name" : "incident-management-db",
    "type" : "com.sap.xs.hdi-container",
    "properties" : { },
    "parameters" : {
      "generated-password" : "********",
      "service-name" : "incident-management-db",
      "service-plan" : "hdi-shared",
      "service" : "hana",
      "generated-user" : "********",
      "default-xsappname" : "incident-management-db",
      "type" : "managed-service",
      "default-service-name" : "incident-management-db",
      "default-container-name" : "277E0127TRIAL_DEV_INCIDENT_MANAGEMENT_DB"
    },
    "isActive" : true,
    "isOptional" : false,
    "propertiesMetadata" : {
      "metadata" : { }
    },
    "parametersMetadata" : {
      "metadata" : { }
    },
    "requiredDependencies" : [ ],
    "processedAfter" : [ ]
  }, {
    "majorSchemaVersion" : 3,
    "name" : "incident-management-destination",
    "type" : "org.cloudfoundry.managed-service",
    "properties" : { },
    "parameters" : {
      "generated-password" : "********",
      "service-name" : "incident-management-destination",
      "service-plan" : "lite",
      "service" : "destination",
      "generated-user" : "********",
      "default-xsappname" : "incident-management-destination",
      "type" : "managed-service",
      "config" : {
        "HTML5Runtime_enabled" : true,
        "init_data" : {
          "instance" : {
            "destinations" : [ {
              "Authentication" : "********",
              "DynamicDestination" : true,
              "ForwardAuthToken" : "********",
              "Name" : "srv-api",
              "ProxyType" : "Internet",
              "Type" : "HTTP",
              "URL" : "https://277e0127trial-dev-incident-management-srv.cfapps.us10-001.hana.ondemand.com"
            } ],
            "existing_destinations_policy" : "update"
          }
        }
      },
      "default-service-name" : "incident-management-destination",
      "default-container-name" : "277E0127TRIAL_DEV_INCIDENT_MANAGEMENT_DESTINATION"
    },
    "isActive" : true,
    "isOptional" : false,
    "propertiesMetadata" : {
      "metadata" : { }
    },
    "parametersMetadata" : {
      "metadata" : { }
    },
    "requiredDependencies" : [ {
      "majorSchemaVersion" : 3,
      "name" : "srv-api",
      "properties" : { },
      "parameters" : { },
      "propertiesMetadata" : {
        "metadata" : { }
      },
      "parametersMetadata" : {
        "metadata" : { }
      }
    } ],
    "processedAfter" : [ ]
  }, {
    "majorSchemaVersion" : 3,
    "name" : "incident-management-html5-repo-host",
    "type" : "org.cloudfoundry.managed-service",
    "properties" : { },
    "parameters" : {
      "generated-password" : "********",
      "service-name" : "incident-management-html5-repo-host",
      "service-plan" : "app-host",
      "service" : "html5-apps-repo",
      "generated-user" : "********",
      "default-xsappname" : "incident-management-html5-repo-host",
      "type" : "managed-service",
      "default-service-name" : "incident-management-html5-repo-host",
      "default-container-name" : "277E0127TRIAL_DEV_INCIDENT_MANAGEMENT_HTML5_REPO_HOST"
    },
    "isActive" : true,
    "isOptional" : false,
    "propertiesMetadata" : {
      "metadata" : { }
    },
    "parametersMetadata" : {
      "metadata" : { }
    },
    "requiredDependencies" : [ ],
    "processedAfter" : [ ]
  } ],
  "parameters" : {
    "deploy_mode" : "html5-repo",
    "mta-id" : "incident-management",
    "authorization-url" : "********",
    "org-guid" : "9bac6195-6fde-4833-ad06-da82f9540eb9",
    "org" : "277e0127trial",
    "deploy-target" : "277e0127trial dev",
    "enable-parallel-deployments" : true,
    "region-primary-domain" : "us10.hana.ondemand.com",
    "space" : "dev",
    "region-domain" : "us10-001.hana.ondemand.com",
    "xs-api-url" : "https://api.cf.us10-001.hana.ondemand.com",
    "deploy-url" : "deploy-service.cfapps.us10-001.hana.ondemand.com",
    "xs-type" : "CF",
    "default-domain" : "cfapps.us10-001.hana.ondemand.com",
    "mta-version" : "1.0.0",
    "xs-auth-url" : "********",
    "space-guid" : "625adf6d-63f6-4db7-a3cd-0f6c39a650f8",
    "user" : "********",
    "controller-url" : "https://api.cf.us10-001.hana.ondemand.com",
    "timestamp" : "20260928113139"
  },
  "parametersMetadata" : {
    "metadata" : { }
  }
}#
#2026 09 28 11:31:54.524#Z#DEBUG#2bb21052-bb30-11f1-a969-eeee0a843796.OPERATION#flowable-async-job-executor-thread-41580#
[ProcessDescriptorStep] Merged descriptor properties and parameters resolved#
#2026 09 28 11:31:54.524#Z#DEBUG#2bb21052-bb30-11f1-a969-eeee0a843796.OPERATION#flowable-async-job-executor-thread-41580#
Step "Re-Process Descriptor Step" finished#
#2026 09 28 11:31:54.541#Z#DEBUG#2bb21052-bb30-11f1-a969-eeee0a843796.OPERATION#flowable-async-job-executor-thread-41580#
[BuildApplicationDeployModelStep] Executing task "buildApplicationDeployModelTask" of process "34d7fc3b-bb30-11f1-bac1-eeee0a847a12"...#
#2026 09 28 11:31:54.542#Z#DEBUG#2bb21052-bb30-11f1-a969-eeee0a843796.OPERATION#flowable-async-job-executor-thread-41580#
[BuildApplicationDeployModelStep] Building cloud deployment model for application "incident-management-db-deployer"...#
#2026 09 28 11:31:54.545#Z#DEBUG#2bb21052-bb30-11f1-a969-eeee0a843796.OPERATION#flowable-async-job-executor-thread-41580#
[BuildApplicationDeployModelStep] No health-check-type is specified. Setting default type: port#
#2026 09 28 11:31:54.545#Z#INFO#2bb21052-bb30-11f1-a969-eeee0a843796.OPERATION#flowable-async-job-executor-thread-41580#
[BuildApplicationDeployModelStep] Building configuration entries for org 277e0127trial, space dev, spaceId 625adf6d-63f6-4db7-a3cd-0f6c39a650f8 and namespace null!#
#2026 09 28 11:31:54.545#Z#DEBUG#2bb21052-bb30-11f1-a969-eeee0a843796.OPERATION#flowable-async-job-executor-thread-41580#
[BuildApplicationDeployModelStep] Configuration entries to publish: [ ]#
#2026 09 28 11:31:54.545#Z#DEBUG#2bb21052-bb30-11f1-a969-eeee0a843796.OPERATION#flowable-async-job-executor-thread-41580#
[BuildApplicationDeployModelStep] Cloud deployment model for application built#
#2026 09 28 11:31:54.545#Z#DEBUG#2bb21052-bb30-11f1-a969-eeee0a843796.OPERATION#flowable-async-job-executor-thread-41580#
Step "Build Application Deploy Model" finished#
#2026 09 28 11:31:54.483#Z#DEBUG#2bb21052-bb30-11f1-a969-eeee0a843796.OPERATION#flowable-async-job-executor-thread-41575#
[CheckServiceBindingOperationStep] Executing task "checkForServiceBindingOperationInProgress" of process "34d7113f-bb30-11f1-bac1-eeee0a847a12"...#
#2026 09 28 11:31:54.483#Z#DEBUG#2bb21052-bb30-11f1-a969-eeee0a843796.OPERATION#flowable-async-job-executor-thread-41575#
[CheckServiceBindingOperationStep] Checking for service binding operation in progress between app "incident-management-srv" and service instance "incident-management-destination"#
#2026 09 28 11:31:54.484#Z#DEBUG#2bb21052-bb30-11f1-a969-eeee0a843796.OPERATION#flowable-async-job-executor-thread-41575#
[CheckServiceBindingOperationStep] Getting application guid "incident-management-srv"...#
#2026 09 28 11:31:54.512#Z#DEBUG#2bb21052-bb30-11f1-a969-eeee0a843796.OPERATION#flowable-async-job-executor-thread-41575#
[CheckServiceBindingOperationStep] Getting GUID of required service instance "incident-management-destination"...#
#2026 09 28 11:31:54.535#Z#DEBUG#2bb21052-bb30-11f1-a969-eeee0a843796.OPERATION#flowable-async-job-executor-thread-41575#
[CheckServiceBindingOperationStep] Getting binding of service instance "b8b42d83-3fa8-483b-9ab0-bb239466f121" with application "28a8f8e3-575e-4bf1-b16b-3f7b028fba51"...#
#2026 09 28 11:31:54.559#Z#DEBUG#2bb21052-bb30-11f1-a969-eeee0a843796.OPERATION#flowable-async-job-executor-thread-41575#
Step "Check For Service Binding Operation In Progress" finished#
#2026 09 28 11:31:54.514#Z#DEBUG#2bb21052-bb30-11f1-a969-eeee0a843796.OPERATION#flowable-async-job-executor-thread-22185#
[DetermineApplicationServiceBindingActionsStep] Executing task "determineApplicationServiceBindingActionsTask" of process "34c7ce77-bb30-11f1-ad12-eeee0a89329a"...#
#2026 09 28 11:31:54.515#Z#DEBUG#2bb21052-bb30-11f1-a969-eeee0a843796.OPERATION#flowable-async-job-executor-thread-22185#
[DetermineApplicationServiceBindingActionsStep] Determine bind/unbind operations of application "incident-management-srv" to service instance "incident-management-db"#
#2026 09 28 11:31:54.515#Z#DEBUG#2bb21052-bb30-11f1-a969-eeee0a843796.OPERATION#flowable-async-job-executor-thread-22185#
[DetermineApplicationServiceBindingActionsStep] Getting application "incident-management-srv"...#
#2026 09 28 11:31:54.543#Z#DEBUG#2bb21052-bb30-11f1-a969-eeee0a843796.OPERATION#flowable-async-job-executor-thread-22185#
[DetermineApplicationServiceBindingActionsStep] Binding parameters for application "incident-management-srv": { }#
#2026 09 28 11:31:54.575#Z#DEBUG#2bb21052-bb30-11f1-a969-eeee0a843796.OPERATION#flowable-async-job-executor-thread-22185#
[DetermineApplicationServiceBindingActionsStep] Calculated binding operations between application "incident-management-srv" and service instance "incident-management-db": unbind - false bind - true#
#2026 09 28 11:31:54.575#Z#DEBUG#2bb21052-bb30-11f1-a969-eeee0a843796.OPERATION#flowable-async-job-executor-thread-22185#
Step "Determine Application Service Binding Actions" finished#
#2026 09 28 11:31:54.579#Z#DEBUG#2bb21052-bb30-11f1-a969-eeee0a843796.OPERATION#flowable-async-job-executor-thread-41575#
[DetermineApplicationServiceBindingActionsStep] Executing task "determineApplicationServiceBindingActionsTask" of process "34d7113f-bb30-11f1-bac1-eeee0a847a12"...#
#2026 09 28 11:31:54.580#Z#DEBUG#2bb21052-bb30-11f1-a969-eeee0a843796.OPERATION#flowable-async-job-executor-thread-41575#
[DetermineApplicationServiceBindingActionsStep] Determine bind/unbind operations of application "incident-management-srv" to service instance "incident-management-destination"#
#2026 09 28 11:31:54.580#Z#DEBUG#2bb21052-bb30-11f1-a969-eeee0a843796.OPERATION#flowable-async-job-executor-thread-41575#
[DetermineApplicationServiceBindingActionsStep] Getting application "incident-management-srv"...#
#2026 09 28 11:31:54.604#Z#DEBUG#2bb21052-bb30-11f1-a969-eeee0a843796.OPERATION#flowable-async-job-executor-thread-41575#
[DetermineApplicationServiceBindingActionsStep] Binding parameters for application "incident-management-srv": { }#
#2026 09 28 11:31:54.638#Z#DEBUG#2bb21052-bb30-11f1-a969-eeee0a843796.OPERATION#flowable-async-job-executor-thread-41575#
[DetermineApplicationServiceBindingActionsStep] Calculated binding operations between application "incident-management-srv" and service instance "incident-management-destination": unbind - false bind - true#
#2026 09 28 11:31:54.638#Z#DEBUG#2bb21052-bb30-11f1-a969-eeee0a843796.OPERATION#flowable-async-job-executor-thread-41575#
Step "Determine Application Service Binding Actions" finished#
#2026 09 28 11:31:54.612#Z#DEBUG#2bb21052-bb30-11f1-a969-eeee0a843796.OPERATION#flowable-async-job-executor-thread-22185#
[BindServiceToApplicationStep] Executing task "bindServiceToApplicationTask" of process "34c7ce77-bb30-11f1-ad12-eeee0a89329a"...#
#2026 09 28 11:31:54.614#Z#INFO#2bb21052-bb30-11f1-a969-eeee0a843796.OPERATION#flowable-async-job-executor-thread-22185#
[BindServiceToApplicationStep] Binding service instance "incident-management-db" to application "incident-management-srv"...#
#2026 09 28 11:31:54.618#Z#DEBUG#2bb21052-bb30-11f1-a969-eeee0a843796.OPERATION#flowable-async-job-executor-thread-22185#
[BindServiceToApplicationStep] Binding service instance "incident-management-db" to application "incident-management-srv" with parameters: { }#
#2026 09 28 11:31:54.737#Z#DEBUG#2bb21052-bb30-11f1-a969-eeee0a843796.OPERATION#flowable-async-job-executor-thread-22185#
Step "Bind Service to Application" finished#
#2026 09 28 11:31:54.664#Z#DEBUG#2bb21052-bb30-11f1-a969-eeee0a843796.OPERATION#flowable-async-job-executor-thread-41575#
[BindServiceToApplicationStep] Executing task "bindServiceToApplicationTask" of process "34d7113f-bb30-11f1-bac1-eeee0a847a12"...#
#2026 09 28 11:31:54.665#Z#INFO#2bb21052-bb30-11f1-a969-eeee0a843796.OPERATION#flowable-async-job-executor-thread-41575#
[BindServiceToApplicationStep] Binding service instance "incident-management-destination" to application "incident-management-srv"...#
#2026 09 28 11:31:54.669#Z#DEBUG#2bb21052-bb30-11f1-a969-eeee0a843796.OPERATION#flowable-async-job-executor-thread-41575#
[BindServiceToApplicationStep] Binding service instance "incident-management-destination" to application "incident-management-srv" with parameters: { }#
#2026 09 28 11:31:54.770#Z#DEBUG#2bb21052-bb30-11f1-a969-eeee0a843796.OPERATION#flowable-async-job-executor-thread-41575#
Step "Bind Service to Application" finished#
#2026 09 28 11:31:54.572#Z#DEBUG#2bb21052-bb30-11f1-a969-eeee0a843796.OPERATION#flowable-async-job-executor-thread-41580#
[CreateOrUpdateAppStep] Executing task "createAppTask" of process "34d7fc3b-bb30-11f1-bac1-eeee0a847a12"...#
#2026 09 28 11:31:54.573#Z#DEBUG#2bb21052-bb30-11f1-a969-eeee0a843796.OPERATION#flowable-async-job-executor-thread-41580#
[CreateOrUpdateAppStep] Getting application "incident-management-db-deployer"...#
#2026 09 28 11:31:54.596#Z#INFO#2bb21052-bb30-11f1-a969-eeee0a843796.OPERATION#flowable-async-job-executor-thread-41580#
[CreateOrUpdateAppStep] Creating application "incident-management-db-deployer" from MTA module "incident-management-db-deployer"...#
#2026 09 28 11:31:54.600#Z#DEBUG#2bb21052-bb30-11f1-a969-eeee0a843796.OPERATION#flowable-async-job-executor-thread-41580#
[CreateOrUpdateAppStep] Creating application "incident-management-db-deployer" with disk "null" memory "256", URIs "" and staging: "{
  "buildpacks" : [ "nodejs_buildpack" ],
  "healthCheckType" : "port",
  "appFeatures" : { }
}"#
#2026 09 28 11:31:54.856#Z#DEBUG#2bb21052-bb30-11f1-a969-eeee0a843796.OPERATION#flowable-async-job-executor-thread-41580#
[CreateOrUpdateAppStep] Application "incident-management-db-deployer" created#
#2026 09 28 11:31:54.856#Z#DEBUG#2bb21052-bb30-11f1-a969-eeee0a843796.OPERATION#flowable-async-job-executor-thread-41580#
Step "Create App" finished#
#2026 09 28 11:31:54.920#Z#DEBUG#2bb21052-bb30-11f1-a969-eeee0a843796.OPERATION#flowable-async-job-executor-thread-41580#
[CheckServiceBindingOperationStep] Executing task "checkForServiceBindingOperationInProgress" of process "3519e6a7-bb30-11f1-bac1-eeee0a847a12"...#
#2026 09 28 11:31:54.921#Z#DEBUG#2bb21052-bb30-11f1-a969-eeee0a843796.OPERATION#flowable-async-job-executor-thread-41580#
[CheckServiceBindingOperationStep] Checking for service binding operation in progress between app "incident-management-db-deployer" and service instance "incident-management-db"#
#2026 09 28 11:31:54.921#Z#DEBUG#2bb21052-bb30-11f1-a969-eeee0a843796.OPERATION#flowable-async-job-executor-thread-41580#
[CheckServiceBindingOperationStep] Getting application guid "incident-management-db-deployer"...#
#2026 09 28 11:31:54.948#Z#DEBUG#2bb21052-bb30-11f1-a969-eeee0a843796.OPERATION#flowable-async-job-executor-thread-41580#
[CheckServiceBindingOperationStep] Getting GUID of required service instance "incident-management-db"...#
#2026 09 28 11:31:54.981#Z#DEBUG#2bb21052-bb30-11f1-a969-eeee0a843796.OPERATION#flowable-async-job-executor-thread-41580#
[CheckServiceBindingOperationStep] Getting binding of service instance "b37b783f-2d37-4a15-b37e-5ed681088085" with application "5417dcc0-8ec9-404c-9f48-6c83c38b999b"...#
#2026 09 28 11:31:55.000#Z#DEBUG#2bb21052-bb30-11f1-a969-eeee0a843796.OPERATION#flowable-async-job-executor-thread-41580#
Step "Check For Service Binding Operation In Progress" finished#
#2026 09 28 11:31:55.024#Z#DEBUG#2bb21052-bb30-11f1-a969-eeee0a843796.OPERATION#flowable-async-job-executor-thread-41584#
[DetermineApplicationServiceBindingActionsStep] Executing task "determineApplicationServiceBindingActionsTask" of process "3519e6a7-bb30-11f1-bac1-eeee0a847a12"...#
#2026 09 28 11:31:55.025#Z#DEBUG#2bb21052-bb30-11f1-a969-eeee0a843796.OPERATION#flowable-async-job-executor-thread-41584#
[DetermineApplicationServiceBindingActionsStep] Determine bind/unbind operations of application "incident-management-db-deployer" to service instance "incident-management-db"#
#2026 09 28 11:31:55.025#Z#DEBUG#2bb21052-bb30-11f1-a969-eeee0a843796.OPERATION#flowable-async-job-executor-thread-41584#
[DetermineApplicationServiceBindingActionsStep] Getting application "incident-management-db-deployer"...#
#2026 09 28 11:31:55.059#Z#DEBUG#2bb21052-bb30-11f1-a969-eeee0a843796.OPERATION#flowable-async-job-executor-thread-41584#
[DetermineApplicationServiceBindingActionsStep] Binding parameters for application "incident-management-db-deployer": { }#
#2026 09 28 11:31:55.078#Z#DEBUG#2bb21052-bb30-11f1-a969-eeee0a843796.OPERATION#flowable-async-job-executor-thread-41584#
[DetermineApplicationServiceBindingActionsStep] Calculated binding operations between application "incident-management-db-deployer" and service instance "incident-management-db": unbind - false bind - true#
#2026 09 28 11:31:55.078#Z#DEBUG#2bb21052-bb30-11f1-a969-eeee0a843796.OPERATION#flowable-async-job-executor-thread-41584#
Step "Determine Application Service Binding Actions" finished#
#2026 09 28 11:31:55.103#Z#DEBUG#2bb21052-bb30-11f1-a969-eeee0a843796.OPERATION#flowable-async-job-executor-thread-41584#
[BindServiceToApplicationStep] Executing task "bindServiceToApplicationTask" of process "3519e6a7-bb30-11f1-bac1-eeee0a847a12"...#
#2026 09 28 11:31:55.104#Z#INFO#2bb21052-bb30-11f1-a969-eeee0a843796.OPERATION#flowable-async-job-executor-thread-41584#
[BindServiceToApplicationStep] Binding service instance "incident-management-db" to application "incident-management-db-deployer"...#
#2026 09 28 11:31:55.107#Z#DEBUG#2bb21052-bb30-11f1-a969-eeee0a843796.OPERATION#flowable-async-job-executor-thread-41584#
[BindServiceToApplicationStep] Binding service instance "incident-management-db" to application "incident-management-db-deployer" with parameters: { }#
#2026 09 28 11:31:55.226#Z#DEBUG#2bb21052-bb30-11f1-a969-eeee0a843796.OPERATION#flowable-async-job-executor-thread-41584#
Step "Bind Service to Application" finished#
#2026 09 28 11:31:54.426#Z#DEBUG#2bb21052-bb30-11f1-a969-eeee0a843796.OPERATION#flowable-async-job-executor-thread-22184#
[BuildContentDeploymentConfigurationStep] Executing task "buildContentDeploymentConfigurationTask" of process "34c9f1f3-bb30-11f1-ad12-eeee0a89329a"...#
#2026 09 28 11:31:54.431#Z#DEBUG#2bb21052-bb30-11f1-a969-eeee0a843796.OPERATION#ForkJoinPool-305-worker-1#
[BuildContentDeploymentConfigurationStep] Getting service key "incident-management-app-deployer-incident-management-html5-repo-host-credentials" for service instance "incident-management-html5-repo-host"...#
#2026 09 28 11:31:54.431#Z#DEBUG#2bb21052-bb30-11f1-a969-eeee0a843796.OPERATION#ForkJoinPool-305-worker-2#
[BuildContentDeploymentConfigurationStep] Getting service key "incident-management-app-deployer-incident-management-auth-credentials" for service instance "incident-management-auth"...#
#2026 09 28 11:31:54.578#Z#INFO#2bb21052-bb30-11f1-a969-eeee0a843796.OPERATION#ForkJoinPool-305-worker-2#
[BuildContentDeploymentConfigurationStep] Creating service key "incident-management-app-deployer-incident-management-auth-credentials" for service instance "incident-management-auth"...#
#2026 09 28 11:31:54.582#Z#DEBUG#2bb21052-bb30-11f1-a969-eeee0a843796.OPERATION#ForkJoinPool-305-worker-2#
[BuildContentDeploymentConfigurationStep] Creating service key "incident-management-app-deployer-incident-management-auth-credentials" for service instance "incident-management-auth" with parameters: { }#
#2026 09 28 11:31:54.591#Z#INFO#2bb21052-bb30-11f1-a969-eeee0a843796.OPERATION#ForkJoinPool-305-worker-1#
[BuildContentDeploymentConfigurationStep] Creating service key "incident-management-app-deployer-incident-management-html5-repo-host-credentials" for service instance "incident-management-html5-repo-host"...#
#2026 09 28 11:31:54.595#Z#DEBUG#2bb21052-bb30-11f1-a969-eeee0a843796.OPERATION#ForkJoinPool-305-worker-1#
[BuildContentDeploymentConfigurationStep] Creating service key "incident-management-app-deployer-incident-management-html5-repo-host-credentials" for service instance "incident-management-html5-repo-host" with parameters: {
  "service_key_type" : "********"
}#
#2026 09 28 11:31:55.896#Z#DEBUG#2bb21052-bb30-11f1-a969-eeee0a843796.OPERATION#ForkJoinPool-305-worker-2#
[BuildContentDeploymentConfigurationStep] Service key "incident-management-app-deployer-incident-management-auth-credentials" created#
#2026 09 28 11:31:55.911#Z#DEBUG#2bb21052-bb30-11f1-a969-eeee0a843796.OPERATION#ForkJoinPool-305-worker-1#
[BuildContentDeploymentConfigurationStep] Service key "incident-management-app-deployer-incident-management-html5-repo-host-credentials" created#
#2026 09 28 11:31:55.912#Z#DEBUG#2bb21052-bb30-11f1-a969-eeee0a843796.OPERATION#flowable-async-job-executor-thread-22184#
Step "Build Content Deployment Configuration" finished#
#2026 09 28 11:31:55.915#Z#DEBUG#2bb21052-bb30-11f1-a969-eeee0a843796.OPERATION#flowable-async-job-executor-thread-22184#
[CreateContentDeployClientConfigurationStep] Executing task "createContentDeployClientConfigurationTask" of process "35b5fed6-bb30-11f1-ad12-eeee0a89329a"...#
#2026 09 28 11:31:55.915#Z#DEBUG#2bb21052-bb30-11f1-a969-eeee0a843796.OPERATION#flowable-async-job-executor-thread-22184#
[CreateContentDeployClientConfigurationStep] Content deployer client configuration: {
  "contentDeployerUrl" : "https://html5-apps-repo-dt.cfapps.us10.hana.ondemand.com",
  "uaaClientConfiguration" : {
    "url" : "********",
    "credentials" : "********",
    "authenticationStrategyType" : "********"
  },
  "httpRequestHeaders" : {
    "X-CorrelationID" : "2bb21052-bb30-11f1-a969-eeee0a843796"
  },
  "spaceId" : "625adf6d-63f6-4db7-a3cd-0f6c39a650f8",
  "serviceName" : "incident-management-html5-repo-host"
}#
#2026 09 28 11:31:56.161#Z#DEBUG#2bb21052-bb30-11f1-a969-eeee0a843796.OPERATION#flowable-async-job-executor-thread-22184#
Step "Create Content Deploy Client Configuration" finished#
#2026 09 28 11:31:56.162#Z#DEBUG#2bb21052-bb30-11f1-a969-eeee0a843796.OPERATION#flowable-async-job-executor-thread-22184#
[GetContentFromDeploymentDescriptorStep] Executing task "getContentFromDeploymentDescriptorTask" of process "35b5fed6-bb30-11f1-ad12-eeee0a89329a"...#
#2026 09 28 11:31:56.162#Z#DEBUG#2bb21052-bb30-11f1-a969-eeee0a843796.OPERATION#flowable-async-job-executor-thread-22184#
Step "Get Content From Deployment Descriptor" finished#
#2026 09 28 11:31:56.163#Z#DEBUG#2bb21052-bb30-11f1-a969-eeee0a843796.OPERATION#flowable-async-job-executor-thread-22184#
[UploadContentStep] Executing task "uploadContentTask" of process "35b5fed6-bb30-11f1-ad12-eeee0a89329a"...#
#2026 09 28 11:31:56.163#Z#INFO#2bb21052-bb30-11f1-a969-eeee0a843796.OPERATION#flowable-async-job-executor-thread-22184#
[UploadContentStep] Uploading content module "incident-management-app-deployer" in target service "incident-management-html5-repo-host"...#
#2026 09 28 11:31:56.167#Z#DEBUG#2bb21052-bb30-11f1-a969-eeee0a843796.OPERATION#flowable-async-job-executor-thread-22184#
[UploadContentStep] Uploading file "incident-management-app-deployer/app/data.zip" for content module "incident-management-app-deployer" in service "incident-management-html5-repo-host"#
#2026 09 28 11:31:56.363#Z#INFO#2bb21052-bb30-11f1-a969-eeee0a843796.OPERATION#flowable-async-job-executor-thread-22184#
[UploadContentStep] Content to deploy size: 4,885 in bytes#
#2026 09 28 11:31:56.889#Z#DEBUG#2bb21052-bb30-11f1-a969-eeee0a843796.OPERATION#flowable-async-job-executor-thread-22184#
[UploadContentStep] Uploaded content: {
  "id" : "6de16469-f84e-4529-9904-4d18c40467c5",
  "name" : "content.zip",
  "contentType" : "FILE"
}#
#2026 09 28 11:31:56.889#Z#DEBUG#2bb21052-bb30-11f1-a969-eeee0a843796.OPERATION#flowable-async-job-executor-thread-22184#
Step "Upload Content" finished#
#2026 09 28 11:31:56.891#Z#DEBUG#2bb21052-bb30-11f1-a969-eeee0a843796.OPERATION#flowable-async-job-executor-thread-22184#
[StartContentDeployStep] Executing task "startContentDeployTask" of process "35b5fed6-bb30-11f1-ad12-eeee0a89329a"...#
#2026 09 28 11:31:56.891#Z#INFO#2bb21052-bb30-11f1-a969-eeee0a843796.OPERATION#flowable-async-job-executor-thread-22184#
[StartContentDeployStep] Deploying content module "incident-management-app-deployer" in target service "incident-management-html5-repo-host"...#
#2026 09 28 11:31:57.179#Z#DEBUG#2bb21052-bb30-11f1-a969-eeee0a843796.OPERATION#flowable-async-job-executor-thread-22184#
Step "Start Content Deploy" finished#
#2026 09 28 11:32:00.079#Z#DEBUG#2bb21052-bb30-11f1-a969-eeee0a843796.OPERATION#flowable-async-job-executor-thread-41591#
[BindServiceToApplicationStep] Executing task "bindServiceToApplicationTask" of process "34c7ce77-bb30-11f1-ad12-eeee0a89329a"...#
#2026 09 28 11:32:00.080#Z#DEBUG#2bb21052-bb30-11f1-a969-eeee0a843796.OPERATION#flowable-async-job-executor-thread-41591#
[BindServiceToApplicationStep] Getting async job "a6b15017-35e4-4bbe-b603-1f4bd80790cc"#
#2026 09 28 11:32:00.100#Z#DEBUG#2bb21052-bb30-11f1-a969-eeee0a843796.OPERATION#flowable-async-job-executor-thread-41591#
[BindServiceToApplicationStep] Getting service instance "incident-management-db"...#
#2026 09 28 11:32:00.231#Z#DEBUG#2bb21052-bb30-11f1-a969-eeee0a843796.OPERATION#flowable-async-job-executor-thread-41591#
[BindServiceToApplicationStep] Async operation of service binding "a6b15017-35e4-4bbe-b603-1f4bd80790cc" is in state "POLLING" warnings ""#
#2026 09 28 11:32:00.231#Z#DEBUG#2bb21052-bb30-11f1-a969-eeee0a843796.OPERATION#flowable-async-job-executor-thread-41591#
Step "Bind Service to Application" finished#
#2026 09 28 11:32:00.146#Z#DEBUG#2bb21052-bb30-11f1-a969-eeee0a843796.OPERATION#flowable-async-job-executor-thread-22197#
[BindServiceToApplicationStep] Executing task "bindServiceToApplicationTask" of process "338d2bd6-bb30-11f1-bac1-eeee0a847a12"...#
#2026 09 28 11:32:00.147#Z#DEBUG#2bb21052-bb30-11f1-a969-eeee0a843796.OPERATION#flowable-async-job-executor-thread-22194#
[BindServiceToApplicationStep] Executing task "bindServiceToApplicationTask" of process "34d7113f-bb30-11f1-bac1-eeee0a847a12"...#
#2026 09 28 11:32:00.147#Z#DEBUG#2bb21052-bb30-11f1-a969-eeee0a843796.OPERATION#flowable-async-job-executor-thread-22197#
[BindServiceToApplicationStep] Getting async job "4f4c4b2f-51fc-4b19-bddd-108707d592c4"#
#2026 09 28 11:32:00.149#Z#DEBUG#2bb21052-bb30-11f1-a969-eeee0a843796.OPERATION#flowable-async-job-executor-thread-22194#
[BindServiceToApplicationStep] Getting async job "264eadc5-0381-4ef2-8460-acbd6e693209"#
#2026 09 28 11:32:00.177#Z#DEBUG#2bb21052-bb30-11f1-a969-eeee0a843796.OPERATION#flowable-async-job-executor-thread-22194#
[BindServiceToApplicationStep] Getting service instance "incident-management-destination"...#
#2026 09 28 11:32:00.185#Z#DEBUG#2bb21052-bb30-11f1-a969-eeee0a843796.OPERATION#flowable-async-job-executor-thread-22197#
[BindServiceToApplicationStep] Getting service instance "incident-management-auth"...#
#2026 09 28 11:32:00.316#Z#DEBUG#2bb21052-bb30-11f1-a969-eeee0a843796.OPERATION#flowable-async-job-executor-thread-22197#
[BindServiceToApplicationStep] Async service binding operation with id "4f4c4b2f-51fc-4b19-bddd-108707d592c4" finished#
#2026 09 28 11:32:00.317#Z#DEBUG#2bb21052-bb30-11f1-a969-eeee0a843796.OPERATION#flowable-async-job-executor-thread-22197#
Step "Bind Service to Application" finished#
#2026 09 28 11:32:00.327#Z#DEBUG#2bb21052-bb30-11f1-a969-eeee0a843796.OPERATION#flowable-async-job-executor-thread-22194#
[BindServiceToApplicationStep] Async service binding operation with id "264eadc5-0381-4ef2-8460-acbd6e693209" finished#
#2026 09 28 11:32:00.328#Z#DEBUG#2bb21052-bb30-11f1-a969-eeee0a843796.OPERATION#flowable-async-job-executor-thread-22194#
Step "Bind Service to Application" finished#
#2026 09 28 11:32:10.170#Z#DEBUG#2bb21052-bb30-11f1-a969-eeee0a843796.OPERATION#flowable-async-job-executor-thread-41595#
[BindServiceToApplicationStep] Executing task "bindServiceToApplicationTask" of process "34c7ce77-bb30-11f1-ad12-eeee0a89329a"...#
#2026 09 28 11:32:10.171#Z#DEBUG#2bb21052-bb30-11f1-a969-eeee0a843796.OPERATION#flowable-async-job-executor-thread-41595#
[BindServiceToApplicationStep] Getting async job "a6b15017-35e4-4bbe-b603-1f4bd80790cc"#
#2026 09 28 11:32:10.185#Z#DEBUG#2bb21052-bb30-11f1-a969-eeee0a843796.OPERATION#flowable-async-job-executor-thread-41593#
[BindServiceToApplicationStep] Executing task "bindServiceToApplicationTask" of process "3519e6a7-bb30-11f1-bac1-eeee0a847a12"...#
#2026 09 28 11:32:10.187#Z#DEBUG#2bb21052-bb30-11f1-a969-eeee0a843796.OPERATION#flowable-async-job-executor-thread-41593#
[BindServiceToApplicationStep] Getting async job "1b598210-2856-44f3-8de9-1554ea911d5d"#
#2026 09 28 11:32:10.196#Z#DEBUG#2bb21052-bb30-11f1-a969-eeee0a843796.OPERATION#flowable-async-job-executor-thread-41595#
[BindServiceToApplicationStep] Getting service instance "incident-management-db"...#
#2026 09 28 11:32:10.209#Z#DEBUG#2bb21052-bb30-11f1-a969-eeee0a843796.OPERATION#flowable-async-job-executor-thread-41593#
[BindServiceToApplicationStep] Getting service instance "incident-management-db"...#
#2026 09 28 11:32:10.297#Z#DEBUG#2bb21052-bb30-11f1-a969-eeee0a843796.OPERATION#flowable-async-job-executor-thread-41595#
[BindServiceToApplicationStep] Async service binding operation with id "a6b15017-35e4-4bbe-b603-1f4bd80790cc" finished#
#2026 09 28 11:32:10.297#Z#DEBUG#2bb21052-bb30-11f1-a969-eeee0a843796.OPERATION#flowable-async-job-executor-thread-41595#
Step "Bind Service to Application" finished#
#2026 09 28 11:32:10.315#Z#DEBUG#2bb21052-bb30-11f1-a969-eeee0a843796.OPERATION#flowable-async-job-executor-thread-41593#
[BindServiceToApplicationStep] Async service binding operation with id "1b598210-2856-44f3-8de9-1554ea911d5d" finished#
#2026 09 28 11:32:10.316#Z#DEBUG#2bb21052-bb30-11f1-a969-eeee0a843796.OPERATION#flowable-async-job-executor-thread-41593#
Step "Bind Service to Application" finished#
#2026 09 28 11:32:10.378#Z#DEBUG#2bb21052-bb30-11f1-a969-eeee0a843796.OPERATION#flowable-async-job-executor-thread-41595#
[DetermineVcapServicesPropertiesChangedStep] Executing task "determineVcapServicesPropertiesChangedTask" of process "3e5024f5-bb30-11f1-bac1-eeee0a847a12"...#
#2026 09 28 11:32:10.379#Z#DEBUG#2bb21052-bb30-11f1-a969-eeee0a843796.OPERATION#flowable-async-job-executor-thread-41595#
[DetermineVcapServicesPropertiesChangedStep] VCAP_SERVICES properties for application "incident-management-srv" changed: true#
#2026 09 28 11:32:10.379#Z#DEBUG#2bb21052-bb30-11f1-a969-eeee0a843796.OPERATION#flowable-async-job-executor-thread-41595#
Step "Determine vcap services properties changed" finished#
#2026 09 28 11:32:10.389#Z#DEBUG#2bb21052-bb30-11f1-a969-eeee0a843796.OPERATION#flowable-async-job-executor-thread-41593#
[DetermineVcapServicesPropertiesChangedStep] Executing task "determineVcapServicesPropertiesChangedTask" of process "3e51f9b9-bb30-11f1-bac1-eeee0a847a12"...#
#2026 09 28 11:32:10.391#Z#DEBUG#2bb21052-bb30-11f1-a969-eeee0a843796.OPERATION#flowable-async-job-executor-thread-41593#
[DetermineVcapServicesPropertiesChangedStep] VCAP_SERVICES properties for application "incident-management-db-deployer" changed: true#
#2026 09 28 11:32:10.391#Z#DEBUG#2bb21052-bb30-11f1-a969-eeee0a843796.OPERATION#flowable-async-job-executor-thread-41593#
Step "Determine vcap services properties changed" finished#
#2026 09 28 11:32:10.401#Z#DEBUG#2bb21052-bb30-11f1-a969-eeee0a843796.OPERATION#flowable-async-job-executor-thread-41595#
[UploadAppStep] Executing task "uploadAppTask" of process "3e5024f5-bb30-11f1-bac1-eeee0a847a12"...#
#2026 09 28 11:32:10.403#Z#DEBUG#2bb21052-bb30-11f1-a969-eeee0a843796.OPERATION#flowable-async-job-executor-thread-41595#
[UploadAppStep] Application upload timeout is default one: 3,600 seconds#
#2026 09 28 11:32:10.403#Z#INFO#2bb21052-bb30-11f1-a969-eeee0a843796.OPERATION#flowable-async-job-executor-thread-41595#
[UploadAppStep] Uploading application "incident-management-srv"...#
#2026 09 28 11:32:10.407#Z#DEBUG#2bb21052-bb30-11f1-a969-eeee0a843796.OPERATION#flowable-async-job-executor-thread-41595#
[UploadAppStep] Getting application "incident-management-srv"...#
#2026 09 28 11:32:10.413#Z#DEBUG#2bb21052-bb30-11f1-a969-eeee0a843796.OPERATION#flowable-async-job-executor-thread-41593#
[UploadAppStep] Executing task "uploadAppTask" of process "3e51f9b9-bb30-11f1-bac1-eeee0a847a12"...#
#2026 09 28 11:32:10.414#Z#DEBUG#2bb21052-bb30-11f1-a969-eeee0a843796.OPERATION#flowable-async-job-executor-thread-41593#
[UploadAppStep] Application upload timeout is default one: 3,600 seconds#
#2026 09 28 11:32:10.414#Z#INFO#2bb21052-bb30-11f1-a969-eeee0a843796.OPERATION#flowable-async-job-executor-thread-41593#
[UploadAppStep] Uploading application "incident-management-db-deployer"...#
#2026 09 28 11:32:10.418#Z#DEBUG#2bb21052-bb30-11f1-a969-eeee0a843796.OPERATION#flowable-async-job-executor-thread-41593#
[UploadAppStep] Getting application "incident-management-db-deployer"...#
#2026 09 28 11:32:10.441#Z#DEBUG#2bb21052-bb30-11f1-a969-eeee0a843796.OPERATION#flowable-async-job-executor-thread-41593#
[UploadAppStep] Getting environment of application "5417dcc0-8ec9-404c-9f48-6c83c38b999b"...#
#2026 09 28 11:32:10.456#Z#DEBUG#2bb21052-bb30-11f1-a969-eeee0a843796.OPERATION#flowable-async-job-executor-thread-41595#
[UploadAppStep] Getting environment of application "28a8f8e3-575e-4bf1-b16b-3f7b028fba51"...#
#2026 09 28 11:32:10.483#Z#INFO#2bb21052-bb30-11f1-a969-eeee0a843796.OPERATION#flowable-async-job-executor-thread-41595#
[UploadAppStep] Calculating application digest: "incident-management-srv"#
#2026 09 28 11:32:10.488#Z#INFO#2bb21052-bb30-11f1-a969-eeee0a843796.OPERATION#flowable-async-job-executor-thread-41593#
[UploadAppStep] Calculating application digest: "incident-management-db-deployer"#
#2026 09 28 11:32:10.543#Z#DEBUG#2bb21052-bb30-11f1-a969-eeee0a843796.OPERATION#flowable-async-job-executor-thread-41595#
Step "Upload App" finished#
#2026 09 28 11:32:10.560#Z#DEBUG#2bb21052-bb30-11f1-a969-eeee0a843796.OPERATION#flowable-async-job-executor-thread-41593#
Step "Upload App" finished#
#2026 09 28 11:32:10.151#Z#DEBUG#2bb21052-bb30-11f1-a969-eeee0a843796.OPERATION#flowable-async-job-executor-thread-41594#
[StartContentDeployStep] Executing task "startContentDeployTask" of process "35b5fed6-bb30-11f1-ad12-eeee0a89329a"...#
#2026 09 28 11:32:10.153#Z#DEBUG#2bb21052-bb30-11f1-a969-eeee0a843796.OPERATION#flowable-async-job-executor-thread-41594#
[StartContentDeployStep] Checking status of module content deployment "incident-management-app-deployer" in service "incident-management-html5-repo-host"...#
#2026 09 28 11:32:10.686#Z#DEBUG#2bb21052-bb30-11f1-a969-eeee0a843796.OPERATION#flowable-async-job-executor-thread-41594#
[StartContentDeployStep] Deleting content deployment resource "6de16469-f84e-4529-9904-4d18c40467c5"...#
#2026 09 28 11:32:10.717#Z#DEBUG#2bb21052-bb30-11f1-a969-eeee0a843796.OPERATION#flowable-async-job-executor-thread-41594#
Step "Start Content Deploy" finished#
#2026 09 28 11:32:20.237#Z#DEBUG#2bb21052-bb30-11f1-a969-eeee0a843796.OPERATION#flowable-async-job-executor-thread-41605#
[UploadAppStep] Executing task "uploadAppTask" of process "3e5024f5-bb30-11f1-bac1-eeee0a847a12"...#
#2026 09 28 11:32:20.238#Z#DEBUG#2bb21052-bb30-11f1-a969-eeee0a843796.OPERATION#flowable-async-job-executor-thread-41605#
[UploadAppStep] Application upload timeout is default one: 3,600 seconds#
#2026 09 28 11:32:20.239#Z#DEBUG#2bb21052-bb30-11f1-a969-eeee0a843796.OPERATION#pool-14-thread-6#
[UploadAppStep] Upload of application: incident-management-srv started on instance: 0#
#2026 09 28 11:32:20.239#Z#DEBUG#2bb21052-bb30-11f1-a969-eeee0a843796.OPERATION#pool-14-thread-6#
[UploadAppStep] Uploading file "incident-management-srv/data.zip" for application "incident-management-srv"#
#2026 09 28 11:32:20.250#Z#DEBUG#2bb21052-bb30-11f1-a969-eeee0a843796.OPERATION#flowable-async-job-executor-thread-41600#
[UploadAppStep] Executing task "uploadAppTask" of process "3e51f9b9-bb30-11f1-bac1-eeee0a847a12"...#
#2026 09 28 11:32:20.251#Z#DEBUG#2bb21052-bb30-11f1-a969-eeee0a843796.OPERATION#flowable-async-job-executor-thread-41600#
[UploadAppStep] Application upload timeout is default one: 3,600 seconds#
#2026 09 28 11:32:20.253#Z#DEBUG#2bb21052-bb30-11f1-a969-eeee0a843796.OPERATION#pool-14-thread-4#
[UploadAppStep] Upload of application: incident-management-db-deployer started on instance: 0#
#2026 09 28 11:32:20.253#Z#DEBUG#2bb21052-bb30-11f1-a969-eeee0a843796.OPERATION#pool-14-thread-4#
[UploadAppStep] Uploading file "incident-management-db-deployer/data.zip" for application "incident-management-db-deployer"#
#2026 09 28 11:32:20.324#Z#INFO#2bb21052-bb30-11f1-a969-eeee0a843796.OPERATION#pool-14-thread-4#
[UploadAppStep] Time elapsed for app binary download: 71 in millis#
#2026 09 28 11:32:20.324#Z#INFO#2bb21052-bb30-11f1-a969-eeee0a843796.OPERATION#pool-14-thread-4#
[UploadAppStep] Size of app incident-management-db-deployer is 2,465,840 bytes#
#2026 09 28 11:32:20.324#Z#DEBUG#2bb21052-bb30-11f1-a969-eeee0a843796.OPERATION#pool-14-thread-4#
[UploadAppStep] Asynchronously uploading binaries for application "incident-management-db-deployer"...#
#2026 09 28 11:32:20.363#Z#INFO#2bb21052-bb30-11f1-a969-eeee0a843796.OPERATION#pool-14-thread-6#
[UploadAppStep] Time elapsed for app binary download: 123 in millis#
#2026 09 28 11:32:20.363#Z#INFO#2bb21052-bb30-11f1-a969-eeee0a843796.OPERATION#pool-14-thread-6#
[UploadAppStep] Size of app incident-management-srv is 3,786,707 bytes#
#2026 09 28 11:32:20.363#Z#DEBUG#2bb21052-bb30-11f1-a969-eeee0a843796.OPERATION#pool-14-thread-6#
[UploadAppStep] Asynchronously uploading binaries for application "incident-management-srv"...#
#2026 09 28 11:32:20.530#Z#INFO#2bb21052-bb30-11f1-a969-eeee0a843796.OPERATION#pool-14-thread-4#
[UploadAppStep] Started async upload of application "incident-management-db-deployer"#
#2026 09 28 11:32:20.533#Z#INFO#2bb21052-bb30-11f1-a969-eeee0a843796.OPERATION#flowable-async-job-executor-thread-41600#
[UploadAppStep] Time elapsed for upload: 281 in millis#
#2026 09 28 11:32:20.533#Z#DEBUG#2bb21052-bb30-11f1-a969-eeee0a843796.OPERATION#flowable-async-job-executor-thread-41600#
[UploadAppStep] Getting application "incident-management-db-deployer"...#
#2026 09 28 11:32:20.557#Z#DEBUG#2bb21052-bb30-11f1-a969-eeee0a843796.OPERATION#App upload monitor: 9a776532-68ff-47eb-9e4e-4bfa6cea549b#
[UploadAppStep] Upload status: PROCESSING_UPLOAD#
#2026 09 28 11:32:20.563#Z#DEBUG#2bb21052-bb30-11f1-a969-eeee0a843796.OPERATION#flowable-async-job-executor-thread-41600#
[UploadAppStep] Getting environment of application "5417dcc0-8ec9-404c-9f48-6c83c38b999b"...#
#2026 09 28 11:32:20.577#Z#INFO#2bb21052-bb30-11f1-a969-eeee0a843796.OPERATION#pool-14-thread-6#
[UploadAppStep] Started async upload of application "incident-management-srv"#
#2026 09 28 11:32:20.580#Z#INFO#2bb21052-bb30-11f1-a969-eeee0a843796.OPERATION#flowable-async-job-executor-thread-41605#
[UploadAppStep] Time elapsed for upload: 341 in millis#
#2026 09 28 11:32:20.580#Z#DEBUG#2bb21052-bb30-11f1-a969-eeee0a843796.OPERATION#flowable-async-job-executor-thread-41605#
[UploadAppStep] Getting application "incident-management-srv"...#
#2026 09 28 11:32:20.592#Z#DEBUG#2bb21052-bb30-11f1-a969-eeee0a843796.OPERATION#flowable-async-job-executor-thread-41600#
[UploadAppStep] Updating environment of application "incident-management-db-deployer"#
#2026 09 28 11:32:20.594#Z#DEBUG#2bb21052-bb30-11f1-a969-eeee0a843796.OPERATION#App upload monitor: 43f7826b-0cde-4922-8e1d-0c64353e9353#
[UploadAppStep] Upload status: PROCESSING_UPLOAD#
#2026 09 28 11:32:20.603#Z#DEBUG#2bb21052-bb30-11f1-a969-eeee0a843796.OPERATION#flowable-async-job-executor-thread-41605#
[UploadAppStep] Getting environment of application "28a8f8e3-575e-4bf1-b16b-3f7b028fba51"...#
#2026 09 28 11:32:20.669#Z#DEBUG#2bb21052-bb30-11f1-a969-eeee0a843796.OPERATION#flowable-async-job-executor-thread-41600#
Step "Upload App" finished#
#2026 09 28 11:32:20.675#Z#DEBUG#2bb21052-bb30-11f1-a969-eeee0a843796.OPERATION#flowable-async-job-executor-thread-41605#
[UploadAppStep] Updating environment of application "incident-management-srv"#
#2026 09 28 11:32:20.739#Z#DEBUG#2bb21052-bb30-11f1-a969-eeee0a843796.OPERATION#flowable-async-job-executor-thread-41605#
Step "Upload App" finished#
#2026 09 28 11:32:30.269#Z#DEBUG#2bb21052-bb30-11f1-a969-eeee0a843796.OPERATION#flowable-async-job-executor-thread-22204#
[UploadAppStep] Executing task "uploadAppTask" of process "3e5024f5-bb30-11f1-bac1-eeee0a847a12"...#
#2026 09 28 11:32:30.271#Z#DEBUG#2bb21052-bb30-11f1-a969-eeee0a843796.OPERATION#flowable-async-job-executor-thread-22204#
[UploadAppStep] Application upload timeout is default one: 3,600 seconds#
#2026 09 28 11:32:30.271#Z#DEBUG#2bb21052-bb30-11f1-a969-eeee0a843796.OPERATION#flowable-async-job-executor-thread-22204#
[UploadAppStep] Checking upload status of application "incident-management-srv"...#
#2026 09 28 11:32:30.272#Z#DEBUG#2bb21052-bb30-11f1-a969-eeee0a843796.OPERATION#flowable-async-job-executor-thread-22204#
[UploadAppStep] Getting package "43f7826b-0cde-4922-8e1d-0c64353e9353"...#
#2026 09 28 11:32:30.295#Z#DEBUG#2bb21052-bb30-11f1-a969-eeee0a843796.OPERATION#flowable-async-job-executor-thread-22204#
[UploadAppStep] Application "incident-management-srv" uploaded#
#2026 09 28 11:32:30.297#Z#DEBUG#2bb21052-bb30-11f1-a969-eeee0a843796.OPERATION#flowable-async-job-executor-thread-22204#
Step "Upload App" finished#
#2026 09 28 11:32:30.284#Z#DEBUG#2bb21052-bb30-11f1-a969-eeee0a843796.OPERATION#flowable-async-job-executor-thread-41609#
[UploadAppStep] Executing task "uploadAppTask" of process "3e51f9b9-bb30-11f1-bac1-eeee0a847a12"...#
#2026 09 28 11:32:30.285#Z#DEBUG#2bb21052-bb30-11f1-a969-eeee0a843796.OPERATION#flowable-async-job-executor-thread-41609#
[UploadAppStep] Application upload timeout is default one: 3,600 seconds#
#2026 09 28 11:32:30.285#Z#DEBUG#2bb21052-bb30-11f1-a969-eeee0a843796.OPERATION#flowable-async-job-executor-thread-41609#
[UploadAppStep] Checking upload status of application "incident-management-db-deployer"...#
#2026 09 28 11:32:30.285#Z#DEBUG#2bb21052-bb30-11f1-a969-eeee0a843796.OPERATION#flowable-async-job-executor-thread-41609#
[UploadAppStep] Getting package "9a776532-68ff-47eb-9e4e-4bfa6cea549b"...#
#2026 09 28 11:32:30.313#Z#DEBUG#2bb21052-bb30-11f1-a969-eeee0a843796.OPERATION#flowable-async-job-executor-thread-41609#
[UploadAppStep] Application "incident-management-db-deployer" uploaded#
#2026 09 28 11:32:30.313#Z#DEBUG#2bb21052-bb30-11f1-a969-eeee0a843796.OPERATION#flowable-async-job-executor-thread-41609#
Step "Upload App" finished#
#2026 09 28 11:32:30.338#Z#DEBUG#2bb21052-bb30-11f1-a969-eeee0a843796.OPERATION#flowable-async-job-executor-thread-22206#
[ScaleAppStep] Executing task "scaleAppTask" of process "3e5024f5-bb30-11f1-bac1-eeee0a847a12"...#
#2026 09 28 11:32:30.339#Z#DEBUG#2bb21052-bb30-11f1-a969-eeee0a843796.OPERATION#flowable-async-job-executor-thread-22206#
[ScaleAppStep] Scaling application "incident-management-srv"...#
#2026 09 28 11:32:30.339#Z#DEBUG#2bb21052-bb30-11f1-a969-eeee0a843796.OPERATION#flowable-async-job-executor-thread-22206#
[ScaleAppStep] Application "incident-management-srv" scaled#
#2026 09 28 11:32:30.340#Z#DEBUG#2bb21052-bb30-11f1-a969-eeee0a843796.OPERATION#flowable-async-job-executor-thread-22206#
Step "Scale App" finished#
#2026 09 28 11:32:30.340#Z#DEBUG#2bb21052-bb30-11f1-a969-eeee0a843796.OPERATION#flowable-async-job-executor-thread-41609#
[ScaleAppStep] Executing task "scaleAppTask" of process "3e51f9b9-bb30-11f1-bac1-eeee0a847a12"...#
#2026 09 28 11:32:30.341#Z#DEBUG#2bb21052-bb30-11f1-a969-eeee0a843796.OPERATION#flowable-async-job-executor-thread-41609#
[ScaleAppStep] Scaling application "incident-management-db-deployer"...#
#2026 09 28 11:32:30.341#Z#DEBUG#2bb21052-bb30-11f1-a969-eeee0a843796.OPERATION#flowable-async-job-executor-thread-41609#
[ScaleAppStep] Application "incident-management-db-deployer" scaled#
#2026 09 28 11:32:30.341#Z#DEBUG#2bb21052-bb30-11f1-a969-eeee0a843796.OPERATION#flowable-async-job-executor-thread-41609#
Step "Scale App" finished#
#2026 09 28 11:32:30.364#Z#DEBUG#2bb21052-bb30-11f1-a969-eeee0a843796.OPERATION#flowable-async-job-executor-thread-22207#
[DetermineDesiredStateAchievingActionsStep] Executing task "determineDesiredStateAchievingActionsTask" of process "3e5024f5-bb30-11f1-bac1-eeee0a847a12"...#
#2026 09 28 11:32:30.366#Z#DEBUG#2bb21052-bb30-11f1-a969-eeee0a843796.OPERATION#flowable-async-job-executor-thread-22207#
[DetermineDesiredStateAchievingActionsStep] Getting application "incident-management-srv"...#
#2026 09 28 11:32:30.393#Z#DEBUG#2bb21052-bb30-11f1-a969-eeee0a843796.OPERATION#flowable-async-job-executor-thread-22207#
[DetermineDesiredStateAchievingActionsStep] Getting instances for application "incident-management-srv"...#
#2026 09 28 11:32:30.393#Z#DEBUG#2bb21052-bb30-11f1-a969-eeee0a843796.OPERATION#flowable-async-job-executor-thread-22207#
[DetermineDesiredStateAchievingActionsStep] Getting environment of application "28a8f8e3-575e-4bf1-b16b-3f7b028fba51"...#
#2026 09 28 11:32:30.433#Z#DEBUG#2bb21052-bb30-11f1-a969-eeee0a843796.OPERATION#flowable-async-job-executor-thread-22207#
[DetermineDesiredStateAchievingActionsStep] Current state of application incident-management-srv: STOPPED#
#2026 09 28 11:32:30.433#Z#DEBUG#2bb21052-bb30-11f1-a969-eeee0a843796.OPERATION#flowable-async-job-executor-thread-22207#
[DetermineDesiredStateAchievingActionsStep] Desired state of application incident-management-srv: STARTED#
#2026 09 28 11:32:30.433#Z#DEBUG#2bb21052-bb30-11f1-a969-eeee0a843796.OPERATION#flowable-async-job-executor-thread-22207#
[DetermineDesiredStateAchievingActionsStep] Actions that should be executed on application incident-management-srv: [STAGE, START]#
#2026 09 28 11:32:30.433#Z#DEBUG#2bb21052-bb30-11f1-a969-eeee0a843796.OPERATION#flowable-async-job-executor-thread-22207#
Step "Determine Desired State Achieving Actions" finished#
#2026 09 28 11:32:30.367#Z#DEBUG#2bb21052-bb30-11f1-a969-eeee0a843796.OPERATION#flowable-async-job-executor-thread-41609#
[DetermineDesiredStateAchievingActionsStep] Executing task "determineDesiredStateAchievingActionsTask" of process "3e51f9b9-bb30-11f1-bac1-eeee0a847a12"...#
#2026 09 28 11:32:30.368#Z#DEBUG#2bb21052-bb30-11f1-a969-eeee0a843796.OPERATION#flowable-async-job-executor-thread-41609#
[DetermineDesiredStateAchievingActionsStep] Getting application "incident-management-db-deployer"...#
#2026 09 28 11:32:30.400#Z#DEBUG#2bb21052-bb30-11f1-a969-eeee0a843796.OPERATION#flowable-async-job-executor-thread-41609#
[DetermineDesiredStateAchievingActionsStep] Getting instances for application "incident-management-db-deployer"...#
#2026 09 28 11:32:30.400#Z#DEBUG#2bb21052-bb30-11f1-a969-eeee0a843796.OPERATION#flowable-async-job-executor-thread-41609#
[DetermineDesiredStateAchievingActionsStep] Getting environment of application "5417dcc0-8ec9-404c-9f48-6c83c38b999b"...#
#2026 09 28 11:32:30.434#Z#DEBUG#2bb21052-bb30-11f1-a969-eeee0a843796.OPERATION#flowable-async-job-executor-thread-41609#
[DetermineDesiredStateAchievingActionsStep] Current state of application incident-management-db-deployer: STOPPED#
#2026 09 28 11:32:30.434#Z#DEBUG#2bb21052-bb30-11f1-a969-eeee0a843796.OPERATION#flowable-async-job-executor-thread-41609#
[DetermineDesiredStateAchievingActionsStep] Desired state of application incident-management-db-deployer: STOPPED#
#2026 09 28 11:32:30.434#Z#DEBUG#2bb21052-bb30-11f1-a969-eeee0a843796.OPERATION#flowable-async-job-executor-thread-41609#
[DetermineDesiredStateAchievingActionsStep] Actions that should be executed on application incident-management-db-deployer: [STAGE]#
#2026 09 28 11:32:30.434#Z#DEBUG#2bb21052-bb30-11f1-a969-eeee0a843796.OPERATION#flowable-async-job-executor-thread-41609#
Step "Determine Desired State Achieving Actions" finished#
#2026 09 28 11:32:30.461#Z#DEBUG#2bb21052-bb30-11f1-a969-eeee0a843796.OPERATION#flowable-async-job-executor-thread-41609#
[StageAppStep] Executing task "stageAppTask" of process "3e51f9b9-bb30-11f1-bac1-eeee0a847a12"...#
#2026 09 28 11:32:30.462#Z#DEBUG#2bb21052-bb30-11f1-a969-eeee0a843796.OPERATION#flowable-async-job-executor-thread-41609#
[StageAppStep] Application stage timeout is default one: 3,600 seconds#
#2026 09 28 11:32:30.464#Z#INFO#2bb21052-bb30-11f1-a969-eeee0a843796.OPERATION#flowable-async-job-executor-thread-41609#
[StageAppStep] Staging application "incident-management-db-deployer"...#
#2026 09 28 11:32:30.468#Z#DEBUG#2bb21052-bb30-11f1-a969-eeee0a843796.OPERATION#flowable-async-job-executor-thread-41609#
[StageAppStep] Creating build for package "9a776532-68ff-47eb-9e4e-4bfa6cea549b"...#
#2026 09 28 11:32:30.805#Z#DEBUG#2bb21052-bb30-11f1-a969-eeee0a843796.OPERATION#flowable-async-job-executor-thread-41609#
Step "Stage App" finished#
#2026 09 28 11:32:30.471#Z#DEBUG#2bb21052-bb30-11f1-a969-eeee0a843796.OPERATION#flowable-async-job-executor-thread-22207#
[StageAppStep] Executing task "stageAppTask" of process "3e5024f5-bb30-11f1-bac1-eeee0a847a12"...#
#2026 09 28 11:32:30.474#Z#DEBUG#2bb21052-bb30-11f1-a969-eeee0a843796.OPERATION#flowable-async-job-executor-thread-22207#
[StageAppStep] Application stage timeout is default one: 3,600 seconds#
#2026 09 28 11:32:30.475#Z#INFO#2bb21052-bb30-11f1-a969-eeee0a843796.OPERATION#flowable-async-job-executor-thread-22207#
[StageAppStep] Staging application "incident-management-srv"...#
#2026 09 28 11:32:30.481#Z#DEBUG#2bb21052-bb30-11f1-a969-eeee0a843796.OPERATION#flowable-async-job-executor-thread-22207#
[StageAppStep] Creating build for package "43f7826b-0cde-4922-8e1d-0c64353e9353"...#
#2026 09 28 11:32:31.030#Z#DEBUG#2bb21052-bb30-11f1-a969-eeee0a843796.OPERATION#flowable-async-job-executor-thread-22207#
Step "Stage App" finished#
#2026 09 28 11:32:40.390#Z#DEBUG#2bb21052-bb30-11f1-a969-eeee0a843796.OPERATION#flowable-async-job-executor-thread-22201#
[StageAppStep] Executing task "stageAppTask" of process "3e51f9b9-bb30-11f1-bac1-eeee0a847a12"...#
#2026 09 28 11:32:40.393#Z#DEBUG#2bb21052-bb30-11f1-a969-eeee0a843796.OPERATION#flowable-async-job-executor-thread-22201#
[StageAppStep] Application stage timeout is default one: 3,600 seconds#
#2026 09 28 11:32:40.394#Z#DEBUG#2bb21052-bb30-11f1-a969-eeee0a843796.OPERATION#flowable-async-job-executor-thread-22201#
[StageAppStep] Checking status of application "incident-management-db-deployer"...#
#2026 09 28 11:32:40.394#Z#DEBUG#2bb21052-bb30-11f1-a969-eeee0a843796.OPERATION#flowable-async-job-executor-thread-22201#
[StageAppStep] Getting build "3f77af45-f22b-4bb0-bcaa-820c90358c07"...#
#2026 09 28 11:32:40.428#Z#DEBUG#2bb21052-bb30-11f1-a969-eeee0a843796.OPERATION#flowable-async-job-executor-thread-22201#
[StageAppStep] Staging status of application "incident-management-db-deployer": PENDING#
#2026 09 28 11:32:40.430#Z#DEBUG#2bb21052-bb30-11f1-a969-eeee0a843796.OPERATION#flowable-async-job-executor-thread-22201#
[StageAppStep] Getting application guid "incident-management-db-deployer"...#
#2026 09 28 11:32:40.512#Z#DEBUG#2bb21052-bb30-11f1-a969-eeee0a843796.OPERATION#flowable-async-job-executor-thread-22201#
Step "Stage App" finished#
#2026 09 28 11:32:40.441#Z#DEBUG#2bb21052-bb30-11f1-a969-eeee0a843796.OPERATION#flowable-async-job-executor-thread-41610#
[StageAppStep] Executing task "stageAppTask" of process "3e5024f5-bb30-11f1-bac1-eeee0a847a12"...#
#2026 09 28 11:32:40.442#Z#DEBUG#2bb21052-bb30-11f1-a969-eeee0a843796.OPERATION#flowable-async-job-executor-thread-41610#
[StageAppStep] Application stage timeout is default one: 3,600 seconds#
#2026 09 28 11:32:40.443#Z#DEBUG#2bb21052-bb30-11f1-a969-eeee0a843796.OPERATION#flowable-async-job-executor-thread-41610#
[StageAppStep] Checking status of application "incident-management-srv"...#
#2026 09 28 11:32:40.443#Z#DEBUG#2bb21052-bb30-11f1-a969-eeee0a843796.OPERATION#flowable-async-job-executor-thread-41610#
[StageAppStep] Getting build "7a1314e6-40c3-476e-86ca-b5117478744c"...#
#2026 09 28 11:32:40.477#Z#DEBUG#2bb21052-bb30-11f1-a969-eeee0a843796.OPERATION#flowable-async-job-executor-thread-41610#
[StageAppStep] Staging status of application "incident-management-srv": PENDING#
#2026 09 28 11:32:40.478#Z#DEBUG#2bb21052-bb30-11f1-a969-eeee0a843796.OPERATION#flowable-async-job-executor-thread-41610#
[StageAppStep] Getting application guid "incident-management-srv"...#
#2026 09 28 11:32:40.567#Z#DEBUG#2bb21052-bb30-11f1-a969-eeee0a843796.OPERATION#flowable-async-job-executor-thread-41610#
Step "Stage App" finished#
#2026 09 28 11:32:50.413#Z#DEBUG#2bb21052-bb30-11f1-a969-eeee0a843796.OPERATION#flowable-async-job-executor-thread-41619#
[StageAppStep] Executing task "stageAppTask" of process "3e51f9b9-bb30-11f1-bac1-eeee0a847a12"...#
#2026 09 28 11:32:50.415#Z#DEBUG#2bb21052-bb30-11f1-a969-eeee0a843796.OPERATION#flowable-async-job-executor-thread-41619#
[StageAppStep] Application stage timeout is default one: 3,600 seconds#
#2026 09 28 11:32:50.415#Z#DEBUG#2bb21052-bb30-11f1-a969-eeee0a843796.OPERATION#flowable-async-job-executor-thread-41619#
[StageAppStep] Checking status of application "incident-management-db-deployer"...#
#2026 09 28 11:32:50.415#Z#DEBUG#2bb21052-bb30-11f1-a969-eeee0a843796.OPERATION#flowable-async-job-executor-thread-41619#
[StageAppStep] Getting build "3f77af45-f22b-4bb0-bcaa-820c90358c07"...#
#2026 09 28 11:32:50.440#Z#DEBUG#2bb21052-bb30-11f1-a969-eeee0a843796.OPERATION#flowable-async-job-executor-thread-41621#
[StageAppStep] Executing task "stageAppTask" of process "3e5024f5-bb30-11f1-bac1-eeee0a847a12"...#
#2026 09 28 11:32:50.442#Z#DEBUG#2bb21052-bb30-11f1-a969-eeee0a843796.OPERATION#flowable-async-job-executor-thread-41621#
[StageAppStep] Application stage timeout is default one: 3,600 seconds#
#2026 09 28 11:32:50.442#Z#DEBUG#2bb21052-bb30-11f1-a969-eeee0a843796.OPERATION#flowable-async-job-executor-thread-41621#
[StageAppStep] Checking status of application "incident-management-srv"...#
#2026 09 28 11:32:50.442#Z#DEBUG#2bb21052-bb30-11f1-a969-eeee0a843796.OPERATION#flowable-async-job-executor-thread-41621#
[StageAppStep] Getting build "7a1314e6-40c3-476e-86ca-b5117478744c"...#
#2026 09 28 11:32:50.445#Z#DEBUG#2bb21052-bb30-11f1-a969-eeee0a843796.OPERATION#flowable-async-job-executor-thread-41619#
[StageAppStep] Staging status of application "incident-management-db-deployer": PENDING#
#2026 09 28 11:32:50.446#Z#DEBUG#2bb21052-bb30-11f1-a969-eeee0a843796.OPERATION#flowable-async-job-executor-thread-41619#
[StageAppStep] Getting application guid "incident-management-db-deployer"...#
#2026 09 28 11:32:50.478#Z#DEBUG#2bb21052-bb30-11f1-a969-eeee0a843796.OPERATION#flowable-async-job-executor-thread-41621#
[StageAppStep] Staging status of application "incident-management-srv": PENDING#
#2026 09 28 11:32:50.480#Z#DEBUG#2bb21052-bb30-11f1-a969-eeee0a843796.OPERATION#flowable-async-job-executor-thread-41621#
[StageAppStep] Getting application guid "incident-management-srv"...#
#2026 09 28 11:32:50.534#Z#DEBUG#2bb21052-bb30-11f1-a969-eeee0a843796.OPERATION#flowable-async-job-executor-thread-41619#
Step "Stage App" finished#
#2026 09 28 11:32:50.554#Z#DEBUG#2bb21052-bb30-11f1-a969-eeee0a843796.OPERATION#flowable-async-job-executor-thread-41621#
Step "Stage App" finished#
#2026 09 28 11:33:00.764#Z#DEBUG#2bb21052-bb30-11f1-a969-eeee0a843796.OPERATION#flowable-async-job-executor-thread-41624#
Step "Stage App" finished#
#2026 09 28 11:33:00.544#Z#DEBUG#2bb21052-bb30-11f1-a969-eeee0a843796.OPERATION#flowable-async-job-executor-thread-41625#
[StageAppStep] Executing task "stageAppTask" of process "3e51f9b9-bb30-11f1-bac1-eeee0a847a12"...#
#2026 09 28 11:33:00.546#Z#DEBUG#2bb21052-bb30-11f1-a969-eeee0a843796.OPERATION#flowable-async-job-executor-thread-41625#
[StageAppStep] Application stage timeout is default one: 3,600 seconds#
#2026 09 28 11:33:00.547#Z#DEBUG#2bb21052-bb30-11f1-a969-eeee0a843796.OPERATION#flowable-async-job-executor-thread-41625#
[StageAppStep] Checking status of application "incident-management-db-deployer"...#
#2026 09 28 11:33:00.547#Z#DEBUG#2bb21052-bb30-11f1-a969-eeee0a843796.OPERATION#flowable-async-job-executor-thread-41625#
[StageAppStep] Getting build "3f77af45-f22b-4bb0-bcaa-820c90358c07"...#
#2026 09 28 11:33:00.560#Z#DEBUG#2bb21052-bb30-11f1-a969-eeee0a843796.OPERATION#flowable-async-job-executor-thread-41624#
[StageAppStep] Executing task "stageAppTask" of process "3e5024f5-bb30-11f1-bac1-eeee0a847a12"...#
#2026 09 28 11:33:00.561#Z#DEBUG#2bb21052-bb30-11f1-a969-eeee0a843796.OPERATION#flowable-async-job-executor-thread-41624#
[StageAppStep] Application stage timeout is default one: 3,600 seconds#
#2026 09 28 11:33:00.562#Z#DEBUG#2bb21052-bb30-11f1-a969-eeee0a843796.OPERATION#flowable-async-job-executor-thread-41624#
[StageAppStep] Checking status of application "incident-management-srv"...#
#2026 09 28 11:33:00.562#Z#DEBUG#2bb21052-bb30-11f1-a969-eeee0a843796.OPERATION#flowable-async-job-executor-thread-41624#
[StageAppStep] Getting build "7a1314e6-40c3-476e-86ca-b5117478744c"...#
#2026 09 28 11:33:00.584#Z#DEBUG#2bb21052-bb30-11f1-a969-eeee0a843796.OPERATION#flowable-async-job-executor-thread-41625#
[StageAppStep] Staging status of application "incident-management-db-deployer": STAGED#
#2026 09 28 11:33:00.585#Z#DEBUG#2bb21052-bb30-11f1-a969-eeee0a843796.OPERATION#flowable-async-job-executor-thread-41625#
[StageAppStep] Getting application guid "incident-management-db-deployer"...#
#2026 09 28 11:33:00.590#Z#DEBUG#2bb21052-bb30-11f1-a969-eeee0a843796.OPERATION#flowable-async-job-executor-thread-41624#
[StageAppStep] Staging status of application "incident-management-srv": STAGED#
#2026 09 28 11:33:00.591#Z#DEBUG#2bb21052-bb30-11f1-a969-eeee0a843796.OPERATION#flowable-async-job-executor-thread-41624#
[StageAppStep] Getting application guid "incident-management-srv"...#
#2026 09 28 11:33:00.671#Z#DEBUG#2bb21052-bb30-11f1-a969-eeee0a843796.OPERATION#flowable-async-job-executor-thread-41625#
[StageAppStep] Getting build "3f77af45-f22b-4bb0-bcaa-820c90358c07"...#
#2026 09 28 11:33:00.681#Z#DEBUG#2bb21052-bb30-11f1-a969-eeee0a843796.OPERATION#flowable-async-job-executor-thread-41624#
[StageAppStep] Getting build "7a1314e6-40c3-476e-86ca-b5117478744c"...#
#2026 09 28 11:33:00.702#Z#DEBUG#2bb21052-bb30-11f1-a969-eeee0a843796.OPERATION#flowable-async-job-executor-thread-41625#
[StageAppStep] Binding droplet "4c2a1ecd-5693-486a-9b6a-ee71f2b8be8e" to application "5417dcc0-8ec9-404c-9f48-6c83c38b999b"...#
#2026 09 28 11:33:00.712#Z#DEBUG#2bb21052-bb30-11f1-a969-eeee0a843796.OPERATION#flowable-async-job-executor-thread-41624#
[StageAppStep] Binding droplet "d72777c3-58a7-4bb6-824a-75f82e3f8c3e" to application "28a8f8e3-575e-4bf1-b16b-3f7b028fba51"...#
#2026 09 28 11:33:00.755#Z#INFO#2bb21052-bb30-11f1-a969-eeee0a843796.OPERATION#flowable-async-job-executor-thread-41625#
[StageAppStep] Application "incident-management-db-deployer" staged#
#2026 09 28 11:33:00.758#Z#INFO#2bb21052-bb30-11f1-a969-eeee0a843796.OPERATION#flowable-async-job-executor-thread-41624#
[StageAppStep] Application "incident-management-srv" staged#
#2026 09 28 11:33:00.760#Z#DEBUG#2bb21052-bb30-11f1-a969-eeee0a843796.OPERATION#flowable-async-job-executor-thread-41625#
Step "Stage App" finished#
#2026 09 28 11:33:00.815#Z#DEBUG#2bb21052-bb30-11f1-a969-eeee0a843796.OPERATION#flowable-async-job-executor-thread-41624#
[PrepareToExecuteTasksStep] Executing task "prepareToExecuteTasksTask" of process "5c612365-bb30-11f1-bac1-eeee0a847a12"...#
#2026 09 28 11:33:00.816#Z#DEBUG#2bb21052-bb30-11f1-a969-eeee0a843796.OPERATION#flowable-async-job-executor-thread-41624#
Step "Prepare To Execute Tasks" finished#
#2026 09 28 11:33:00.790#Z#DEBUG#2bb21052-bb30-11f1-a969-eeee0a843796.OPERATION#flowable-async-job-executor-thread-41625#
[RestartAppStep] Executing task "startAppTask" of process "3e5024f5-bb30-11f1-bac1-eeee0a847a12"...#
#2026 09 28 11:33:00.791#Z#DEBUG#2bb21052-bb30-11f1-a969-eeee0a843796.OPERATION#flowable-async-job-executor-thread-41625#
[RestartAppStep] Application start timeout is default one: 3,600 seconds#
#2026 09 28 11:33:00.792#Z#DEBUG#2bb21052-bb30-11f1-a969-eeee0a843796.OPERATION#flowable-async-job-executor-thread-41625#
[RestartAppStep] Getting application "incident-management-srv"...#
#2026 09 28 11:33:00.818#Z#INFO#2bb21052-bb30-11f1-a969-eeee0a843796.OPERATION#flowable-async-job-executor-thread-41625#
[RestartAppStep] Starting application "incident-management-srv"...#
#2026 09 28 11:33:00.821#Z#DEBUG#2bb21052-bb30-11f1-a969-eeee0a843796.OPERATION#flowable-async-job-executor-thread-41625#
[RestartAppStep] Starting application "incident-management-srv"...#
#2026 09 28 11:33:01.075#Z#DEBUG#2bb21052-bb30-11f1-a969-eeee0a843796.OPERATION#flowable-async-job-executor-thread-41625#
Step "Start App" finished#
#2026 09 28 11:33:00.837#Z#DEBUG#2bb21052-bb30-11f1-a969-eeee0a843796.OPERATION#flowable-async-job-executor-thread-41624#
[ExecuteTaskStep] Executing task "executeTaskTask" of process "5c612365-bb30-11f1-bac1-eeee0a847a12"...#
#2026 09 28 11:33:00.838#Z#DEBUG#2bb21052-bb30-11f1-a969-eeee0a843796.OPERATION#flowable-async-job-executor-thread-41624#
[ExecuteTaskStep] Application task execution timeout is default one: 43,200 seconds#
#2026 09 28 11:33:00.839#Z#INFO#2bb21052-bb30-11f1-a969-eeee0a843796.OPERATION#flowable-async-job-executor-thread-41624#
[ExecuteTaskStep] Executing task "deploy" on application "incident-management-db-deployer"...#
#2026 09 28 11:33:00.842#Z#DEBUG#2bb21052-bb30-11f1-a969-eeee0a843796.OPERATION#flowable-async-job-executor-thread-41624#
[ExecuteTaskStep] Running task on application "incident-management-db-deployer": {
  "name" : "deploy",
  "command" : "npm start",
  "limits" : {
    "memory" : 256
  }
}#
#2026 09 28 11:33:01.206#Z#DEBUG#2bb21052-bb30-11f1-a969-eeee0a843796.OPERATION#flowable-async-job-executor-thread-41624#
Step "Execute Task" finished#
#2026 09 28 11:33:10.632#Z#DEBUG#2bb21052-bb30-11f1-a969-eeee0a843796.OPERATION#flowable-async-job-executor-thread-41634#
[RestartAppStep] Executing task "startAppTask" of process "5c8d62c1-bb30-11f1-bac1-eeee0a847a12"...#
#2026 09 28 11:33:10.636#Z#DEBUG#2bb21052-bb30-11f1-a969-eeee0a843796.OPERATION#flowable-async-job-executor-thread-41634#
[RestartAppStep] Application start timeout is default one: 3,600 seconds#
#2026 09 28 11:33:10.637#Z#DEBUG#2bb21052-bb30-11f1-a969-eeee0a843796.OPERATION#flowable-async-job-executor-thread-41634#
[RestartAppStep] Checking status of application "incident-management-srv"...#
#2026 09 28 11:33:10.637#Z#DEBUG#2bb21052-bb30-11f1-a969-eeee0a843796.OPERATION#flowable-async-job-executor-thread-41634#
[RestartAppStep] Getting application "incident-management-srv"...#
#2026 09 28 11:33:10.671#Z#DEBUG#2bb21052-bb30-11f1-a969-eeee0a843796.OPERATION#flowable-async-job-executor-thread-41634#
[RestartAppStep] Getting instances for application "incident-management-srv"...#
#2026 09 28 11:33:10.708#Z#DEBUG#2bb21052-bb30-11f1-a969-eeee0a843796.OPERATION#flowable-async-job-executor-thread-41634#
[RestartAppStep] Application "incident-management-srv": 0 of 1 instances running (1 starting)#
#2026 09 28 11:33:10.740#Z#DEBUG#2bb21052-bb30-11f1-a969-eeee0a843796.OPERATION#flowable-async-job-executor-thread-41634#
Step "Start App" finished#
#2026 09 28 11:33:10.639#Z#DEBUG#2bb21052-bb30-11f1-a969-eeee0a843796.OPERATION#flowable-async-job-executor-thread-41636#
[ExecuteTaskStep] Executing task "executeTaskTask" of process "5c612365-bb30-11f1-bac1-eeee0a847a12"...#
#2026 09 28 11:33:10.640#Z#DEBUG#2bb21052-bb30-11f1-a969-eeee0a843796.OPERATION#flowable-async-job-executor-thread-41636#
[ExecuteTaskStep] Application task execution timeout is default one: 43,200 seconds#
#2026 09 28 11:33:10.641#Z#DEBUG#2bb21052-bb30-11f1-a969-eeee0a843796.OPERATION#flowable-async-job-executor-thread-41636#
[ExecuteTaskStep] Getting task "af137d52-6dac-4b3e-a816-9f1cafaedd8b"...#
#2026 09 28 11:33:10.668#Z#DEBUG#2bb21052-bb30-11f1-a969-eeee0a843796.OPERATION#flowable-async-job-executor-thread-41636#
[ExecuteTaskStep] Task execution status: running#
#2026 09 28 11:33:10.669#Z#DEBUG#2bb21052-bb30-11f1-a969-eeee0a843796.OPERATION#flowable-async-job-executor-thread-41636#
[ExecuteTaskStep] Getting application guid "incident-management-db-deployer"...#
#2026 09 28 11:33:10.764#Z#DEBUG#2bb21052-bb30-11f1-a969-eeee0a843796.OPERATION#flowable-async-job-executor-thread-41636#
Step "Execute Task" finished#
#2026 09 28 11:33:20.686#Z#DEBUG#2bb21052-bb30-11f1-a969-eeee0a843796.OPERATION#flowable-async-job-executor-thread-41642#
[ExecuteTaskStep] Executing task "executeTaskTask" of process "5c612365-bb30-11f1-bac1-eeee0a847a12"...#
#2026 09 28 11:33:20.688#Z#DEBUG#2bb21052-bb30-11f1-a969-eeee0a843796.OPERATION#flowable-async-job-executor-thread-41642#
[ExecuteTaskStep] Application task execution timeout is default one: 43,200 seconds#
#2026 09 28 11:33:20.689#Z#DEBUG#2bb21052-bb30-11f1-a969-eeee0a843796.OPERATION#flowable-async-job-executor-thread-41642#
[ExecuteTaskStep] Getting task "af137d52-6dac-4b3e-a816-9f1cafaedd8b"...#
#2026 09 28 11:33:20.717#Z#DEBUG#2bb21052-bb30-11f1-a969-eeee0a843796.OPERATION#flowable-async-job-executor-thread-41642#
[ExecuteTaskStep] Task execution status: succeeded#
#2026 09 28 11:33:20.718#Z#DEBUG#2bb21052-bb30-11f1-a969-eeee0a843796.OPERATION#flowable-async-job-executor-thread-41642#
[ExecuteTaskStep] Getting application guid "incident-management-db-deployer"...#
#2026 09 28 11:33:20.812#Z#DEBUG#2bb21052-bb30-11f1-a969-eeee0a843796.OPERATION#flowable-async-job-executor-thread-41642#
Step "Execute Task" finished#
#2026 09 28 11:33:20.798#Z#DEBUG#2bb21052-bb30-11f1-a969-eeee0a843796.OPERATION#flowable-async-job-executor-thread-41644#
[RestartAppStep] Executing task "startAppTask" of process "624fd7fd-bb30-11f1-bac1-eeee0a847a12"...#
#2026 09 28 11:33:20.799#Z#DEBUG#2bb21052-bb30-11f1-a969-eeee0a843796.OPERATION#flowable-async-job-executor-thread-41644#
[RestartAppStep] Application start timeout is default one: 3,600 seconds#
#2026 09 28 11:33:20.800#Z#DEBUG#2bb21052-bb30-11f1-a969-eeee0a843796.OPERATION#flowable-async-job-executor-thread-41644#
[RestartAppStep] Checking status of application "incident-management-srv"...#
#2026 09 28 11:33:20.800#Z#DEBUG#2bb21052-bb30-11f1-a969-eeee0a843796.OPERATION#flowable-async-job-executor-thread-41644#
[RestartAppStep] Getting instances for application "incident-management-srv"...#
#2026 09 28 11:33:20.850#Z#DEBUG#2bb21052-bb30-11f1-a969-eeee0a843796.OPERATION#flowable-async-job-executor-thread-41644#
[RestartAppStep] Application "incident-management-srv": 0 of 1 instances running (1 starting)#
#2026 09 28 11:33:20.883#Z#DEBUG#2bb21052-bb30-11f1-a969-eeee0a843796.OPERATION#flowable-async-job-executor-thread-41644#
Step "Start App" finished#
#2026 09 28 11:33:20.901#Z#DEBUG#2bb21052-bb30-11f1-a969-eeee0a843796.OPERATION#flowable-async-job-executor-thread-41643#
[IncrementIndexStep] Executing task "incrementTaskIndexTask" of process "5c612365-bb30-11f1-bac1-eeee0a847a12"...#
#2026 09 28 11:33:20.902#Z#DEBUG#2bb21052-bb30-11f1-a969-eeee0a843796.OPERATION#flowable-async-job-executor-thread-41643#
Step "Increment Task Index" finished#
#2026 09 28 11:33:20.985#Z#DEBUG#2bb21052-bb30-11f1-a969-eeee0a843796.OPERATION#flowable-async-job-executor-thread-41637#
[PublishConfigurationEntriesStep] Executing task "publishProvidedDependenciesTask" of process "3e51f9b9-bb30-11f1-bac1-eeee0a847a12"...#
#2026 09 28 11:33:20.986#Z#DEBUG#2bb21052-bb30-11f1-a969-eeee0a843796.OPERATION#flowable-async-job-executor-thread-41637#
[PublishConfigurationEntriesStep] Publishing public provided dependencies for application "incident-management-db-deployer"...#
#2026 09 28 11:33:20.987#Z#DEBUG#2bb21052-bb30-11f1-a969-eeee0a843796.OPERATION#flowable-async-job-executor-thread-41637#
[PublishConfigurationEntriesStep] No public provided dependencies for publishing#
#2026 09 28 11:33:20.987#Z#DEBUG#2bb21052-bb30-11f1-a969-eeee0a843796.OPERATION#flowable-async-job-executor-thread-41637#
Step "Publish Provided Dependencies" finished#
#2026 09 28 11:33:21.024#Z#DEBUG#2bb21052-bb30-11f1-a969-eeee0a843796.OPERATION#flowable-async-job-executor-thread-41644#
[CreateOrUpdateServiceBrokerStep] Executing task "createOrUpdateServiceBrokerTask" of process "3e51f9b9-bb30-11f1-bac1-eeee0a847a12"...#
#2026 09 28 11:33:21.027#Z#DEBUG#2bb21052-bb30-11f1-a969-eeee0a843796.OPERATION#flowable-async-job-executor-thread-41644#
[CreateOrUpdateServiceBrokerStep] Creating service brokers...#
#2026 09 28 11:33:21.029#Z#DEBUG#2bb21052-bb30-11f1-a969-eeee0a843796.OPERATION#flowable-async-job-executor-thread-41644#
Step "Create Or Update Service Broker " finished#
#2026 09 28 11:33:30.744#Z#DEBUG#2bb21052-bb30-11f1-a969-eeee0a843796.OPERATION#flowable-async-job-executor-thread-41651#
[RestartAppStep] Executing task "startAppTask" of process "685c0043-bb30-11f1-bac1-eeee0a847a12"...#
#2026 09 28 11:33:30.747#Z#DEBUG#2bb21052-bb30-11f1-a969-eeee0a843796.OPERATION#flowable-async-job-executor-thread-41651#
[RestartAppStep] Application start timeout is default one: 3,600 seconds#
#2026 09 28 11:33:30.747#Z#DEBUG#2bb21052-bb30-11f1-a969-eeee0a843796.OPERATION#flowable-async-job-executor-thread-41651#
[RestartAppStep] Checking status of application "incident-management-srv"...#
#2026 09 28 11:33:30.748#Z#DEBUG#2bb21052-bb30-11f1-a969-eeee0a843796.OPERATION#flowable-async-job-executor-thread-41651#
[RestartAppStep] Getting instances for application "incident-management-srv"...#
#2026 09 28 11:33:30.783#Z#DEBUG#2bb21052-bb30-11f1-a969-eeee0a843796.OPERATION#flowable-async-job-executor-thread-41651#
[RestartAppStep] Application "incident-management-srv": 0 of 1 instances running (1 starting)#
#2026 09 28 11:33:30.839#Z#DEBUG#2bb21052-bb30-11f1-a969-eeee0a843796.OPERATION#flowable-async-job-executor-thread-41651#
Step "Start App" finished#
#2026 09 28 11:33:41.233#Z#DEBUG#2bb21052-bb30-11f1-a969-eeee0a843796.OPERATION#flowable-async-job-executor-thread-41661#
[RestartAppStep] Executing task "startAppTask" of process "6e4ab50b-bb30-11f1-bac1-eeee0a847a12"...#
#2026 09 28 11:33:41.234#Z#DEBUG#2bb21052-bb30-11f1-a969-eeee0a843796.OPERATION#flowable-async-job-executor-thread-41661#
[RestartAppStep] Application start timeout is default one: 3,600 seconds#
#2026 09 28 11:33:41.235#Z#DEBUG#2bb21052-bb30-11f1-a969-eeee0a843796.OPERATION#flowable-async-job-executor-thread-41661#
[RestartAppStep] Checking status of application "incident-management-srv"...#
#2026 09 28 11:33:41.235#Z#DEBUG#2bb21052-bb30-11f1-a969-eeee0a843796.OPERATION#flowable-async-job-executor-thread-41661#
[RestartAppStep] Getting instances for application "incident-management-srv"...#
#2026 09 28 11:33:41.276#Z#DEBUG#2bb21052-bb30-11f1-a969-eeee0a843796.OPERATION#flowable-async-job-executor-thread-41661#
[RestartAppStep] Application "incident-management-srv": 0 of 1 instances running (1 starting)#
#2026 09 28 11:33:41.304#Z#DEBUG#2bb21052-bb30-11f1-a969-eeee0a843796.OPERATION#flowable-async-job-executor-thread-41661#
Step "Start App" finished#
#2026 09 28 11:33:50.950#Z#DEBUG#2bb21052-bb30-11f1-a969-eeee0a843796.OPERATION#flowable-async-job-executor-thread-41664#
[RestartAppStep] Executing task "startAppTask" of process "7487b138-bb30-11f1-bac1-eeee0a847a12"...#
#2026 09 28 11:33:50.953#Z#DEBUG#2bb21052-bb30-11f1-a969-eeee0a843796.OPERATION#flowable-async-job-executor-thread-41664#
[RestartAppStep] Application start timeout is default one: 3,600 seconds#
#2026 09 28 11:33:50.953#Z#DEBUG#2bb21052-bb30-11f1-a969-eeee0a843796.OPERATION#flowable-async-job-executor-thread-41664#
[RestartAppStep] Checking status of application "incident-management-srv"...#
#2026 09 28 11:33:50.954#Z#DEBUG#2bb21052-bb30-11f1-a969-eeee0a843796.OPERATION#flowable-async-job-executor-thread-41664#
[RestartAppStep] Getting instances for application "incident-management-srv"...#
#2026 09 28 11:33:50.990#Z#DEBUG#2bb21052-bb30-11f1-a969-eeee0a843796.OPERATION#flowable-async-job-executor-thread-41664#
[RestartAppStep] Application "incident-management-srv": 0 of 1 instances running (1 crashed)#
#2026 09 28 11:33:51.018#Z#ERROR#2bb21052-bb30-11f1-a969-eeee0a843796.OPERATION#flowable-async-job-executor-thread-41664#
[RestartAppStep] Error starting application "incident-management-srv": Some instances have crashed. Check the application logs of your application for details.#
#2026 09 28 11:33:51.023#Z#INFO#2bb21052-bb30-11f1-a969-eeee0a843796.OPERATION#flowable-async-job-executor-thread-41664#
[RestartAppStep] Download the MTA operation logs for more details.#
#2026 09 28 11:33:51.029#Z#DEBUG#2bb21052-bb30-11f1-a969-eeee0a843796.OPERATION#flowable-async-job-executor-thread-41664#
Step "Start App" finished#
