#2026 09 29 09:23:49.978#Z#INFO#7af2fbb9-bbe7-11f1-96da-eeee0a9cddf2.OPERATION#http-nio-0.0.0.0-8080-exec-7#
[XS2StartProcessListener] Operation ID: 7af2fbb9-bbe7-11f1-96da-eeee0a9cddf2#
#2026 09 29 09:23:49.993#Z#DEBUG#7af2fbb9-bbe7-11f1-96da-eeee0a9cddf2.OPERATION#http-nio-0.0.0.0-8080-exec-7#
[XS2StartProcessListener] Process environment: {
  "SKIP_SSL_VALIDATION" : "false",
  "FLOWABLE_JOB_EXECUTOR_MAX_THREADS" : "32",
  "VERSION" : "2.54.1",
  "BASIC_AUTH_ENABLED" : "true",
  "FLOWABLE_JOB_EXECUTOR_QUEUE_CAPACITY" : "16",
  "FLOWABLE_JOB_EXECUTOR_CORE_THREADS" : "8"
}#
#2026 09 29 09:23:49.993#Z#DEBUG#7af2fbb9-bbe7-11f1-96da-eeee0a9cddf2.OPERATION#http-nio-0.0.0.0-8080-exec-7#
[XS2StartProcessListener] Current user: alexandru.burea@dialogdata.de#
#2026 09 29 09:23:49.993#Z#DEBUG#7af2fbb9-bbe7-11f1-96da-eeee0a9cddf2.OPERATION#http-nio-0.0.0.0-8080-exec-7#
[XS2StartProcessListener] Client space: dev#
#2026 09 29 09:23:49.993#Z#DEBUG#7af2fbb9-bbe7-11f1-96da-eeee0a9cddf2.OPERATION#http-nio-0.0.0.0-8080-exec-7#
[XS2StartProcessListener] Client organization: 277e0127trial#
#2026 09 29 09:23:49.993#Z#INFO#7af2fbb9-bbe7-11f1-96da-eeee0a9cddf2.OPERATION#http-nio-0.0.0.0-8080-exec-7#
[XS2StartProcessListener] Process variables: {
  "keepFiles" : false,
  "skipAppDigestCalculation" : false,
  "abortOnError" : false,
  "mtaId" : "incident-management",
  "noFailOnMissingPermissions" : false,
  "isSecurityEnabled" : false,
  "apiRequestPath" : "https://deploy-service.cf.us10-001.hana.ondemand.com/api/v1/spaces/625adf6d-63f6-4db7-a3cd-0f6c39a650f8/operations",
  "deleteServiceBrokers" : false,
  "appArchiveId" : "b83c642a-79d5-42be-954c-1b20a3de9c56",
  "isDisposableUserProvidedServiceEnabled" : false,
  "deleteServiceKeys" : false,
  "noRestartSubscribedApps" : false,
  "noStart" : false,
  "deleteServices" : false
}#
#2026 09 29 09:23:50.370#Z#DEBUG#7af2fbb9-bbe7-11f1-96da-eeee0a9cddf2.OPERATION#flowable-async-job-executor-thread-5126#
[ValidateDeployParametersStep] Executing task "validateParametersTask" of process "7af2fbdf-bbe7-11f1-96da-eeee0a9cddf2"...#
#2026 09 29 09:23:50.370#Z#DEBUG#7af2fbb9-bbe7-11f1-96da-eeee0a9cddf2.OPERATION#flowable-async-job-executor-thread-5126#
[ValidateDeployParametersStep] Validating parameters...#
#2026 09 29 09:23:50.371#Z#INFO#7af2fbb9-bbe7-11f1-96da-eeee0a9cddf2.OPERATION#flowable-async-job-executor-thread-5126#
[ValidateDeployParametersStep] Size of mtars is 5,736,931 and size of extension descriptors is 0#
#2026 09 29 09:23:50.397#Z#INFO#7af2fbb9-bbe7-11f1-96da-eeee0a9cddf2.OPERATION#flowable-async-job-executor-thread-5126#
[ValidateDeployParametersStep] Archive was not split! Total size in bytes: 5,736,931#
#2026 09 29 09:23:50.397#Z#INFO#7af2fbb9-bbe7-11f1-96da-eeee0a9cddf2.OPERATION#flowable-async-job-executor-thread-5126#
[ValidateDeployParametersStep] Deploying in org "277e0127trial" and space "dev"#
#2026 09 29 09:23:50.400#Z#DEBUG#7af2fbb9-bbe7-11f1-96da-eeee0a9cddf2.OPERATION#flowable-async-job-executor-thread-5126#
[ValidateDeployParametersStep] Parameters validated#
#2026 09 29 09:23:50.400#Z#DEBUG#7af2fbb9-bbe7-11f1-96da-eeee0a9cddf2.OPERATION#flowable-async-job-executor-thread-5126#
Step "Validate Parameters" finished#
#2026 09 29 09:23:50.423#Z#DEBUG#7af2fbb9-bbe7-11f1-96da-eeee0a9cddf2.OPERATION#flowable-async-job-executor-thread-5127#
[DeleteRemainingFileParts] Executing task "deleteRemainingFileParts" of process "7af2fbdf-bbe7-11f1-96da-eeee0a9cddf2"...#
#2026 09 29 09:23:50.424#Z#DEBUG#7af2fbb9-bbe7-11f1-96da-eeee0a9cddf2.OPERATION#flowable-async-job-executor-thread-5127#
Step "Delete Remaining File Parts" finished#
#2026 09 29 09:23:50.444#Z#DEBUG#7af2fbb9-bbe7-11f1-96da-eeee0a9cddf2.OPERATION#flowable-async-job-executor-thread-5128#
[XS2ProcessMtaArchiveStep] Executing task "processArchiveTask" of process "7af2fbdf-bbe7-11f1-96da-eeee0a9cddf2"...#
#2026 09 29 09:23:50.444#Z#DEBUG#7af2fbb9-bbe7-11f1-96da-eeee0a9cddf2.OPERATION#flowable-async-job-executor-thread-5128#
[XS2ProcessMtaArchiveStep] Processing MTA archive...#
#2026 09 29 09:23:50.444#Z#DEBUG#7af2fbb9-bbe7-11f1-96da-eeee0a9cddf2.OPERATION#flowable-async-job-executor-thread-5128#
[XS2ProcessMtaArchiveStep] MTA Archive ID: b83c642a-79d5-42be-954c-1b20a3de9c56#
#2026 09 29 09:23:50.604#Z#DEBUG#7af2fbb9-bbe7-11f1-96da-eeee0a9cddf2.OPERATION#flowable-async-job-executor-thread-5128#
[XS2ProcessMtaArchiveStep] MTA Descriptor length: 3,991#
#2026 09 29 09:23:50.604#Z#DEBUG#7af2fbb9-bbe7-11f1-96da-eeee0a9cddf2.OPERATION#flowable-async-job-executor-thread-5128#
[XS2ProcessMtaArchiveStep] MTA Archive Modules: [incident-management-app-deployer, incident-management-db-deployer, incident-management-srv]#
#2026 09 29 09:23:50.604#Z#DEBUG#7af2fbb9-bbe7-11f1-96da-eeee0a9cddf2.OPERATION#flowable-async-job-executor-thread-5128#
[XS2ProcessMtaArchiveStep] MTA Archive Requires: []#
#2026 09 29 09:23:50.604#Z#DEBUG#7af2fbb9-bbe7-11f1-96da-eeee0a9cddf2.OPERATION#flowable-async-job-executor-thread-5128#
[XS2ProcessMtaArchiveStep] MTA Archive Resources: [incident-management-auth]#
#2026 09 29 09:23:50.611#Z#DEBUG#7af2fbb9-bbe7-11f1-96da-eeee0a9cddf2.OPERATION#flowable-async-job-executor-thread-5128#
[XS2ProcessMtaArchiveStep] MTA archive processed#
#2026 09 29 09:23:50.611#Z#DEBUG#7af2fbb9-bbe7-11f1-96da-eeee0a9cddf2.OPERATION#flowable-async-job-executor-thread-5128#
Step "Process Archive" finished#
#2026 09 29 09:23:50.640#Z#DEBUG#7af2fbb9-bbe7-11f1-96da-eeee0a9cddf2.OPERATION#flowable-async-job-executor-thread-5129#
[ProcessMtaExtensionDescriptorsStep] Executing task "processExtensionDescriptorsTask" of process "7af2fbdf-bbe7-11f1-96da-eeee0a9cddf2"...#
#2026 09 29 09:23:50.641#Z#DEBUG#7af2fbb9-bbe7-11f1-96da-eeee0a9cddf2.OPERATION#flowable-async-job-executor-thread-5129#
[ProcessMtaExtensionDescriptorsStep] Processing MTA extension descriptors...#
#2026 09 29 09:23:50.642#Z#DEBUG#7af2fbb9-bbe7-11f1-96da-eeee0a9cddf2.OPERATION#flowable-async-job-executor-thread-5129#
[ProcessMtaExtensionDescriptorsStep] Provided extension descriptors: [ ]#
#2026 09 29 09:23:50.642#Z#DEBUG#7af2fbb9-bbe7-11f1-96da-eeee0a9cddf2.OPERATION#flowable-async-job-executor-thread-5129#
[ProcessMtaExtensionDescriptorsStep] No extension descriptors in use#
#2026 09 29 09:23:50.642#Z#DEBUG#7af2fbb9-bbe7-11f1-96da-eeee0a9cddf2.OPERATION#flowable-async-job-executor-thread-5129#
[ProcessMtaExtensionDescriptorsStep] MTA extension descriptors processed#
#2026 09 29 09:23:50.642#Z#DEBUG#7af2fbb9-bbe7-11f1-96da-eeee0a9cddf2.OPERATION#flowable-async-job-executor-thread-5129#
Step "Process Extension Descriptors" finished#
#2026 09 29 09:23:50.671#Z#DEBUG#7af2fbb9-bbe7-11f1-96da-eeee0a9cddf2.OPERATION#flowable-async-job-executor-thread-5130#
[XS2DetectMtaSchemaVersionStep] Executing task "detectSchemaVersionTask" of process "7af2fbdf-bbe7-11f1-96da-eeee0a9cddf2"...#
#2026 09 29 09:23:50.671#Z#DEBUG#7af2fbb9-bbe7-11f1-96da-eeee0a9cddf2.OPERATION#flowable-async-job-executor-thread-5130#
[XS2DetectMtaSchemaVersionStep] Detecting MTA major schema version...#
#2026 09 29 09:23:50.674#Z#INFO#7af2fbb9-bbe7-11f1-96da-eeee0a9cddf2.OPERATION#flowable-async-job-executor-thread-5130#
[XS2DetectMtaSchemaVersionStep] Detected MTA schema version: "3"#
#2026 09 29 09:23:50.677#Z#DEBUG#7af2fbb9-bbe7-11f1-96da-eeee0a9cddf2.OPERATION#flowable-async-job-executor-thread-5130#
Step "Detect Schema Version" finished#
#2026 09 29 09:23:50.699#Z#DEBUG#7af2fbb9-bbe7-11f1-96da-eeee0a9cddf2.OPERATION#flowable-async-job-executor-thread-5131#
[MergeDescriptorsStep] Executing task "mergeDescriptorsTask" of process "7af2fbdf-bbe7-11f1-96da-eeee0a9cddf2"...#
#2026 09 29 09:23:50.700#Z#DEBUG#7af2fbb9-bbe7-11f1-96da-eeee0a9cddf2.OPERATION#flowable-async-job-executor-thread-5131#
[MergeDescriptorsStep] Validating and merging descriptors...#
#2026 09 29 09:23:50.702#Z#DEBUG#7af2fbb9-bbe7-11f1-96da-eeee0a9cddf2.OPERATION#flowable-async-job-executor-thread-5131#
[MergeDescriptorsStep] Merged deployment descriptor: {
  "majorSchemaVersion" : 3,
  "schemaVersion" : "3.3.0",
  "id" : "incident-management",
  "version" : "1.0.0",
  "modules" : [ {
    "majorSchemaVersion" : 3,
    "name" : "incident-management-srv",
    "type" : "javascript.nodejs",
    "path" : "incident-management-srv",
    "properties" : { },
    "parameters" : {
      "buildpack" : "nodejs_buildpack",
      "instances" : 1
    },
    "requiredDependencies" : [ {
      "majorSchemaVersion" : 3,
      "name" : "********",
      "properties" : { },
      "parameters" : { },
      "propertiesMetadata" : {
        "metadata" : { }
      },
      "parametersMetadata" : {
        "metadata" : { }
      }
    }, {
      "majorSchemaVersion" : 3,
      "name" : "incident-management-db",
      "properties" : { },
      "parameters" : { },
      "propertiesMetadata" : {
        "metadata" : { }
      },
      "parametersMetadata" : {
        "metadata" : { }
      }
    }, {
      "majorSchemaVersion" : 3,
      "name" : "incident-management-destination",
      "properties" : { },
      "parameters" : { },
      "propertiesMetadata" : {
        "metadata" : { }
      },
      "parametersMetadata" : {
        "metadata" : { }
      }
    } ],
    "providedDependencies" : [ {
      "majorSchemaVersion" : 3,
      "name" : "srv-api",
      "isPublic" : false,
      "properties" : {
        "srv-url" : "${default-url}"
      },
      "parameters" : { },
      "propertiesMetadata" : {
        "metadata" : { }
      },
      "parametersMetadata" : {
        "metadata" : { }
      }
    }, {
      "majorSchemaVersion" : 3,
      "name" : "incident-management-srv",
      "isPublic" : false,
      "properties" : { },
      "parameters" : { },
      "propertiesMetadata" : {
        "metadata" : { }
      },
      "parametersMetadata" : {
        "metadata" : { }
      }
    } ],
    "propertiesMetadata" : {
      "metadata" : { }
    },
    "parametersMetadata" : {
      "metadata" : { }
    },
    "hooks" : [ ]
  }, {
    "majorSchemaVersion" : 3,
    "name" : "incident-management-db-deployer",
    "type" : "com.sap.xs.hdi",
    "path" : "incident-management-db-deployer",
    "properties" : {
      "EXIT" : 1
    },
    "parameters" : {
      "memory" : "256M",
      "buildpack" : "nodejs_buildpack",
      "no-route" : true,
      "dependency-type" : "hard",
      "tasks" : [ {
        "name" : "deploy",
        "memory" : "256M",
        "command" : "npm start"
      } ],
      "no-start" : true
    },
    "requiredDependencies" : [ {
      "majorSchemaVersion" : 3,
      "name" : "incident-management-db",
      "properties" : { },
      "parameters" : { },
      "propertiesMetadata" : {
        "metadata" : { }
      },
      "parametersMetadata" : {
        "metadata" : { }
      }
    } ],
    "providedDependencies" : [ {
      "majorSchemaVersion" : 3,
      "name" : "incident-management-db-deployer",
      "isPublic" : false,
      "properties" : { },
      "parameters" : { },
      "propertiesMetadata" : {
        "metadata" : { }
      },
      "parametersMetadata" : {
        "metadata" : { }
      }
    } ],
    "propertiesMetadata" : {
      "metadata" : { }
    },
    "parametersMetadata" : {
      "metadata" : { }
    },
    "hooks" : [ ]
  }, {
    "majorSchemaVersion" : 3,
    "name" : "incident-management-app-deployer",
    "type" : "com.sap.application.content",
    "path" : "incident-management-app-deployer",
    "properties" : { },
    "parameters" : {
      "config" : {
        "destinations" : [ {
          "Authentication" : "********",
          "DynamicDestination" : true,
          "ForwardAuthToken" : "********",
          "Name" : "srv-api",
          "ProxyType" : "Internet",
          "Type" : "HTTP",
          "URL" : "~{srv-api/srv-url}"
        } ]
      }
    },
    "requiredDependencies" : [ {
      "majorSchemaVersion" : 3,
      "name" : "********",
      "properties" : { },
      "parameters" : { },
      "propertiesMetadata" : {
        "metadata" : { }
      },
      "parametersMetadata" : {
        "metadata" : { }
      }
    }, {
      "majorSchemaVersion" : 3,
      "name" : "srv-api",
      "properties" : { },
      "parameters" : { },
      "propertiesMetadata" : {
        "metadata" : { }
      },
      "parametersMetadata" : {
        "metadata" : { }
      }
    }, {
      "majorSchemaVersion" : 3,
      "name" : "incident-management-html5-repo-host",
      "properties" : { },
      "parameters" : {
        "config" : {
          "HTML5Runtime_enabled" : true
        },
        "content-target" : true
      },
      "propertiesMetadata" : {
        "metadata" : { }
      },
      "parametersMetadata" : {
        "metadata" : { }
      }
    } ],
    "providedDependencies" : [ {
      "majorSchemaVersion" : 3,
      "name" : "incident-management-app-deployer",
      "isPublic" : false,
      "properties" : { },
      "parameters" : { },
      "propertiesMetadata" : {
        "metadata" : { }
      },
      "parametersMetadata" : {
        "metadata" : { }
      }
    } ],
    "propertiesMetadata" : {
      "metadata" : { }
    },
    "parametersMetadata" : {
      "metadata" : { }
    },
    "hooks" : [ ]
  }, {
    "majorSchemaVersion" : 3,
    "name" : "incident-management-destinations",
    "type" : "com.sap.application.content",
    "properties" : { },
    "parameters" : {
      "content" : {
        "instance" : {
          "destinations" : [ {
            "Name" : "incident-management-html5-repository",
            "ServiceInstanceName" : "incident-management-html5-repo-host",
            "ServiceKeyName" : "********",
            "sap.cloud.service" : "incidentmanagement.service"
          }, {
            "Authentication" : "********",
            "Name" : "********",
            "ServiceInstanceName" : "********",
            "ServiceKeyName" : "********",
            "sap.cloud.service" : "incidentmanagement.service"
          } ],
          "existing_destinations_policy" : "update"
        }
      }
    },
    "requiredDependencies" : [ {
      "majorSchemaVersion" : 3,
      "name" : "********",
      "properties" : { },
      "parameters" : {
        "service-key" : "********"
      },
      "propertiesMetadata" : {
        "metadata" : { }
      },
      "parametersMetadata" : {
        "metadata" : { }
      }
    }, {
      "majorSchemaVersion" : 3,
      "name" : "incident-management-html5-repo-host",
      "properties" : { },
      "parameters" : {
        "service-key" : "********"
      },
      "propertiesMetadata" : {
        "metadata" : { }
      },
      "parametersMetadata" : {
        "metadata" : { }
      }
    }, {
      "majorSchemaVersion" : 3,
      "name" : "srv-api",
      "properties" : { },
      "parameters" : { },
      "propertiesMetadata" : {
        "metadata" : { }
      },
      "parametersMetadata" : {
        "metadata" : { }
      }
    }, {
      "majorSchemaVersion" : 3,
      "name" : "incident-management-destination",
      "properties" : { },
      "parameters" : {
        "content-target" : true
      },
      "propertiesMetadata" : {
        "metadata" : { }
      },
      "parametersMetadata" : {
        "metadata" : { }
      }
    } ],
    "providedDependencies" : [ {
      "majorSchemaVersion" : 3,
      "name" : "incident-management-destinations",
      "isPublic" : false,
      "properties" : { },
      "parameters" : { },
      "propertiesMetadata" : {
        "metadata" : { }
      },
      "parametersMetadata" : {
        "metadata" : { }
      }
    } ],
    "propertiesMetadata" : {
      "metadata" : { }
    },
    "parametersMetadata" : {
      "metadata" : { }
    },
    "hooks" : [ ]
  } ],
  "resources" : [ {
    "majorSchemaVersion" : 3,
    "name" : "********",
    "type" : "org.cloudfoundry.managed-service",
    "properties" : { },
    "parameters" : {
      "path" : "./xs-security.json",
      "service-plan" : "application",
      "type" : "managed-service",
      "config" : {
        "oauth2-configuration" : "********",
        "role-collections" : [ {
          "description" : "generated",
          "name" : "support (incident-management ${org}-${space})",
          "role-template-references" : [ "$XSAPPNAME.support" ]
        }, {
          "description" : "generated",
          "name" : "admin (incident-management ${org}-${space})",
          "role-template-references" : [ "$XSAPPNAME.admin" ]
        } ],
        "tenant-mode" : "dedicated",
        "xsappname" : "incident-management-${org}-${space}"
      },
      "service" : "xsuaa"
    },
    "isActive" : true,
    "isOptional" : false,
    "propertiesMetadata" : {
      "metadata" : { }
    },
    "parametersMetadata" : {
      "metadata" : { }
    },
    "requiredDependencies" : [ ],
    "processedAfter" : [ ]
  }, {
    "majorSchemaVersion" : 3,
    "name" : "incident-management-db",
    "type" : "com.sap.xs.hdi-container",
    "properties" : { },
    "parameters" : {
      "type" : "managed-service",
      "service" : "hana",
      "service-plan" : "hdi-shared"
    },
    "isActive" : true,
    "isOptional" : false,
    "propertiesMetadata" : {
      "metadata" : { }
    },
    "parametersMetadata" : {
      "metadata" : { }
    },
    "requiredDependencies" : [ ],
    "processedAfter" : [ ]
  }, {
    "majorSchemaVersion" : 3,
    "name" : "incident-management-destination",
    "type" : "org.cloudfoundry.managed-service",
    "properties" : { },
    "parameters" : {
      "service-plan" : "lite",
      "type" : "managed-service",
      "config" : {
        "HTML5Runtime_enabled" : true,
        "init_data" : {
          "instance" : {
            "destinations" : [ {
              "Authentication" : "********",
              "DynamicDestination" : true,
              "ForwardAuthToken" : "********",
              "Name" : "srv-api",
              "ProxyType" : "Internet",
              "Type" : "HTTP",
              "URL" : "~{srv-api/srv-url}"
            } ],
            "existing_destinations_policy" : "update"
          }
        }
      },
      "service" : "destination"
    },
    "isActive" : true,
    "isOptional" : false,
    "propertiesMetadata" : {
      "metadata" : { }
    },
    "parametersMetadata" : {
      "metadata" : { }
    },
    "requiredDependencies" : [ {
      "majorSchemaVersion" : 3,
      "name" : "srv-api",
      "properties" : { },
      "parameters" : { },
      "propertiesMetadata" : {
        "metadata" : { }
      },
      "parametersMetadata" : {
        "metadata" : { }
      }
    } ],
    "processedAfter" : [ ]
  }, {
    "majorSchemaVersion" : 3,
    "name" : "incident-management-html5-repo-host",
    "type" : "org.cloudfoundry.managed-service",
    "properties" : { },
    "parameters" : {
      "type" : "managed-service",
      "service" : "html5-apps-repo",
      "service-plan" : "app-host"
    },
    "isActive" : true,
    "isOptional" : false,
    "propertiesMetadata" : {
      "metadata" : { }
    },
    "parametersMetadata" : {
      "metadata" : { }
    },
    "requiredDependencies" : [ ],
    "processedAfter" : [ ]
  } ],
  "parameters" : {
    "enable-parallel-deployments" : true,
    "deploy_mode" : "html5-repo"
  },
  "parametersMetadata" : {
    "metadata" : { }
  }
}#
#2026 09 29 09:23:50.704#Z#DEBUG#7af2fbb9-bbe7-11f1-96da-eeee0a9cddf2.OPERATION#flowable-async-job-executor-thread-5131#
[MergeDescriptorsStep] Descriptors validated and merged#
#2026 09 29 09:23:50.704#Z#DEBUG#7af2fbb9-bbe7-11f1-96da-eeee0a9cddf2.OPERATION#flowable-async-job-executor-thread-5131#
Step "Merge Descriptors" finished#
#2026 09 29 09:23:50.730#Z#DEBUG#7af2fbb9-bbe7-11f1-96da-eeee0a9cddf2.OPERATION#flowable-async-job-executor-thread-5132#
[CollectCloudLoggingServiceParametersStep] Executing task "sid-9C5714DF-CEC8-4019-8873-CBBA99AC459A" of process "7af2fbdf-bbe7-11f1-96da-eeee0a9cddf2"...#
#2026 09 29 09:23:50.733#Z#DEBUG#7af2fbb9-bbe7-11f1-96da-eeee0a9cddf2.OPERATION#flowable-async-job-executor-thread-5132#
Step "Collect Cloud Logging Service Parameters" finished#
#2026 09 29 09:23:50.753#Z#DEBUG#7af2fbb9-bbe7-11f1-96da-eeee0a9cddf2.OPERATION#flowable-async-job-executor-thread-5133#
[DetectDeployedMtaStep] Executing task "detectDeployedMtaTask" of process "7af2fbdf-bbe7-11f1-96da-eeee0a9cddf2"...#
#2026 09 29 09:23:50.753#Z#DEBUG#7af2fbb9-bbe7-11f1-96da-eeee0a9cddf2.OPERATION#flowable-async-job-executor-thread-5133#
[DetectDeployedMtaStep] Detecting deployed MTA...#
#2026 09 29 09:23:50.815#Z#DEBUG#7af2fbb9-bbe7-11f1-96da-eeee0a9cddf2.OPERATION#flowable-async-job-executor-thread-5133#
[DetectDeployedMtaStep] Detecting MTA by id incident-management and namespace null#
#2026 09 29 09:23:50.815#Z#DEBUG#7af2fbb9-bbe7-11f1-96da-eeee0a9cddf2.OPERATION#flowable-async-job-executor-thread-5133#
[DetectDeployedMtaStep] Getting applications by metadata label selector "mta_id=65411f2f607a75efbe525f81cfecafad,!mta_namespace"...#
#2026 09 29 09:23:50.904#Z#DEBUG#7af2fbb9-bbe7-11f1-96da-eeee0a9cddf2.OPERATION#flowable-async-job-executor-thread-5133#
[DetectDeployedMtaStep] Getting service instances by metadata label selector "mta_id=65411f2f607a75efbe525f81cfecafad,!mta_namespace"...#
#2026 09 29 09:23:51.047#Z#DEBUG#7af2fbb9-bbe7-11f1-96da-eeee0a9cddf2.OPERATION#flowable-async-job-executor-thread-5133#
[DetectDeployedMtaStep] Deployed MTA: {
  "metadata" : {
    "id" : "incident-management",
    "version" : "1.0.0"
  },
  "applications" : [ {
    "name" : "incident-management-srv",
    "metadata" : {
      "guid" : "28a8f8e3-575e-4bf1-b16b-3f7b028fba51",
      "createdAt" : [ 2026, 9, 28, 11, 31, 51 ],
      "updatedAt" : [ 2026, 9, 29, 0, 8, 51 ]
    },
    "v3Metadata" : {
      "annotations" : {
        "mta_id" : "incident-management",
        "mta_version" : "1.0.0",
        "mta_module" : "{\"name\":\"incident-management-srv\"}",
        "mta_module_provided_dependencies" : "[]",
        "mta_bound_services" : "********"
      },
      "labels" : {
        "mta_id" : "65411f2f607a75efbe525f81cfecafad"
      }
    },
    "state" : "STOPPED",
    "lifecycle" : {
      "type" : "BUILDPACK",
      "data" : {
        "buildpacks" : [ "nodejs_buildpack" ],
        "stack" : "cflinuxfs4"
      }
    },
    "space" : {
      "name" : "dev",
      "metadata" : {
        "guid" : "625adf6d-63f6-4db7-a3cd-0f6c39a650f8",
        "createdAt" : [ 2026, 9, 2, 9, 50, 40 ],
        "updatedAt" : [ 2026, 9, 2, 9, 50, 40 ]
      },
      "organization" : {
        "name" : "277e0127trial",
        "metadata" : {
          "guid" : "9bac6195-6fde-4833-ad06-da82f9540eb9",
          "createdAt" : [ 2026, 9, 2, 9, 50, 39 ],
          "updatedAt" : [ 2026, 9, 2, 9, 50, 40 ]
        }
      }
    },
    "moduleName" : "incident-management-srv",
    "boundMtaServices" : [ "********", "incident-management-db", "incident-management-destination" ],
    "providedDependencyNames" : [ ],
    "productizationState" : "LIVE"
  }, {
    "name" : "incident-management-db-deployer",
    "metadata" : {
      "guid" : "5417dcc0-8ec9-404c-9f48-6c83c38b999b",
      "createdAt" : [ 2026, 9, 28, 11, 31, 54 ],
      "updatedAt" : [ 2026, 9, 28, 11, 42, 58 ]
    },
    "v3Metadata" : {
      "annotations" : {
        "mta_id" : "incident-management",
        "mta_version" : "1.0.0",
        "mta_module" : "{\"name\":\"incident-management-db-deployer\"}",
        "mta_module_provided_dependencies" : "[]",
        "mta_bound_services" : "[\"incident-management-db\"]"
      },
      "labels" : {
        "mta_id" : "65411f2f607a75efbe525f81cfecafad"
      }
    },
    "state" : "STOPPED",
    "lifecycle" : {
      "type" : "BUILDPACK",
      "data" : {
        "buildpacks" : [ "nodejs_buildpack" ],
        "stack" : "cflinuxfs4"
      }
    },
    "space" : {
      "name" : "dev",
      "metadata" : {
        "guid" : "625adf6d-63f6-4db7-a3cd-0f6c39a650f8",
        "createdAt" : [ 2026, 9, 2, 9, 50, 40 ],
        "updatedAt" : [ 2026, 9, 2, 9, 50, 40 ]
      },
      "organization" : {
        "name" : "277e0127trial",
        "metadata" : {
          "guid" : "9bac6195-6fde-4833-ad06-da82f9540eb9",
          "createdAt" : [ 2026, 9, 2, 9, 50, 39 ],
          "updatedAt" : [ 2026, 9, 2, 9, 50, 40 ]
        }
      }
    },
    "moduleName" : "incident-management-db-deployer",
    "boundMtaServices" : [ "incident-management-db" ],
    "providedDependencyNames" : [ ],
    "productizationState" : "LIVE"
  } ],
  "services" : [ {
    "name" : "incident-management-db",
    "metadata" : {
      "guid" : "b37b783f-2d37-4a15-b37e-5ed681088085",
      "createdAt" : [ 2026, 9, 28, 11, 31, 42 ],
      "updatedAt" : [ 2026, 9, 28, 11, 31, 43 ]
    },
    "v3Metadata" : {
      "annotations" : {
        "mta_id" : "incident-management",
        "mta_version" : "1.0.0",
        "mta_resource" : "{\"name\":\"incident-management-db\"}"
      },
      "labels" : {
        "mta_id" : "65411f2f607a75efbe525f81cfecafad"
      }
    },
    "label" : "hana",
    "plan" : "hdi-shared",
    "credentials" : "********",
    "tags" : [ ],
    "type" : "managed",
    "lastOperation" : {
      "type" : "CREATE",
      "state" : "SUCCEEDED"
    },
    "resourceName" : "incident-management-db"
  }, {
    "name" : "incident-management-html5-repo-host",
    "metadata" : {
      "guid" : "b1770e83-3369-4a6f-8da8-6095055fa6bd",
      "createdAt" : [ 2026, 9, 28, 11, 31, 42 ],
      "updatedAt" : [ 2026, 9, 28, 11, 31, 43 ]
    },
    "v3Metadata" : {
      "annotations" : {
        "mta_id" : "incident-management",
        "mta_version" : "1.0.0",
        "mta_resource" : "{\"name\":\"incident-management-html5-repo-host\"}"
      },
      "labels" : {
        "mta_id" : "65411f2f607a75efbe525f81cfecafad"
      }
    },
    "label" : "html5-apps-repo",
    "plan" : "app-host",
    "credentials" : "********",
    "tags" : [ ],
    "type" : "managed",
    "lastOperation" : {
      "type" : "CREATE",
      "description" : "",
      "state" : "SUCCEEDED"
    },
    "resourceName" : "incident-management-html5-repo-host"
  }, {
    "name" : "********",
    "metadata" : {
      "guid" : "4e46ca65-dc0d-4c2c-881d-c824f76300de",
      "createdAt" : [ 2026, 9, 28, 11, 31, 43 ],
      "updatedAt" : [ 2026, 9, 28, 11, 31, 43 ]
    },
    "v3Metadata" : {
      "annotations" : {
        "mta_id" : "incident-management",
        "mta_version" : "1.0.0",
        "mta_resource" : "********"
      },
      "labels" : {
        "mta_id" : "65411f2f607a75efbe525f81cfecafad"
      }
    },
    "label" : "xsuaa",
    "plan" : "application",
    "credentials" : "********",
    "tags" : [ ],
    "type" : "managed",
    "lastOperation" : {
      "type" : "UPDATE",
      "description" : "",
      "state" : "SUCCEEDED"
    },
    "resourceName" : "********"
  }, {
    "name" : "incident-management-destination",
    "metadata" : {
      "guid" : "b8b42d83-3fa8-483b-9ab0-bb239466f121",
      "createdAt" : [ 2026, 9, 28, 11, 31, 41 ],
      "updatedAt" : [ 2026, 9, 28, 11, 31, 44 ]
    },
    "v3Metadata" : {
      "annotations" : {
        "mta_id" : "incident-management",
        "mta_version" : "1.0.0",
        "mta_resource" : "{\"name\":\"incident-management-destination\"}"
      },
      "labels" : {
        "mta_id" : "65411f2f607a75efbe525f81cfecafad"
      }
    },
    "label" : "destination",
    "plan" : "lite",
    "credentials" : "********",
    "tags" : [ ],
    "type" : "managed",
    "lastOperation" : {
      "type" : "UPDATE",
      "description" : "",
      "state" : "SUCCEEDED"
    },
    "resourceName" : "incident-management-destination"
  } ]
}#
#2026 09 29 09:23:51.047#Z#INFO#7af2fbb9-bbe7-11f1-96da-eeee0a9cddf2.OPERATION#flowable-async-job-executor-thread-5133#
[DetectDeployedMtaStep] Detected deployed MTA with ID "incident-management" and version "1.0.0"#
#2026 09 29 09:23:51.051#Z#DEBUG#7af2fbb9-bbe7-11f1-96da-eeee0a9cddf2.OPERATION#flowable-async-job-executor-thread-5133#
[DetectDeployedMtaStep] Detecting backup mta by id "incident-management" and namespace "null"#
#2026 09 29 09:23:51.051#Z#DEBUG#7af2fbb9-bbe7-11f1-96da-eeee0a9cddf2.OPERATION#flowable-async-job-executor-thread-5133#
[DetectDeployedMtaStep] Getting applications by metadata label selector "mta_id=65411f2f607a75efbe525f81cfecafad,mta_namespace=b698114a0995e936895b9598a6c19a2c"...#
#2026 09 29 09:23:51.078#Z#DEBUG#7af2fbb9-bbe7-11f1-96da-eeee0a9cddf2.OPERATION#flowable-async-job-executor-thread-5133#
[DetectDeployedMtaStep] Getting service instances by metadata label selector "mta_id=65411f2f607a75efbe525f81cfecafad,mta_namespace=b698114a0995e936895b9598a6c19a2c"...#
#2026 09 29 09:23:51.149#Z#DEBUG#7af2fbb9-bbe7-11f1-96da-eeee0a9cddf2.OPERATION#flowable-async-job-executor-thread-5133#
[DetectDeployedMtaStep] Deployed MTA service keys: [ {
  "name" : "********",
  "metadata" : {
    "guid" : "11e9c524-0ce1-4bbd-8ddc-b1739083b251",
    "createdAt" : [ 2026, 9, 28, 11, 31, 52 ],
    "updatedAt" : [ 2026, 9, 28, 11, 31, 53 ]
  },
  "v3Metadata" : {
    "annotations" : {
      "mta_id" : "incident-management",
      "mta_version" : "1.0.0"
    },
    "labels" : {
      "mta_id" : "65411f2f607a75efbe525f81cfecafad",
      "space_guid" : "625adf6d-63f6-4db7-a3cd-0f6c39a650f8"
    }
  },
  "serviceInstance" : {
    "name" : "incident-management-html5-repo-host",
    "metadata" : {
      "guid" : "b1770e83-3369-4a6f-8da8-6095055fa6bd",
      "createdAt" : [ 2026, 9, 28, 11, 31, 42 ],
      "updatedAt" : [ 2026, 9, 28, 11, 31, 43 ]
    },
    "v3Metadata" : {
      "annotations" : {
        "mta_id" : "incident-management",
        "mta_version" : "1.0.0",
        "mta_resource" : "{\"name\":\"incident-management-html5-repo-host\"}"
      },
      "labels" : {
        "mta_id" : "65411f2f607a75efbe525f81cfecafad"
      }
    },
    "credentials" : "********",
    "tags" : [ ],
    "type" : "managed"
  }
}, {
  "name" : "********",
  "metadata" : {
    "guid" : "db69a874-eb65-4761-98ee-c9fea37731c7",
    "createdAt" : [ 2026, 9, 28, 11, 31, 52 ],
    "updatedAt" : [ 2026, 9, 28, 11, 31, 53 ]
  },
  "v3Metadata" : {
    "annotations" : {
      "mta_id" : "incident-management",
      "mta_version" : "1.0.0"
    },
    "labels" : {
      "mta_id" : "65411f2f607a75efbe525f81cfecafad",
      "space_guid" : "625adf6d-63f6-4db7-a3cd-0f6c39a650f8"
    }
  },
  "serviceInstance" : {
    "name" : "incident-management-destination",
    "metadata" : {
      "guid" : "b8b42d83-3fa8-483b-9ab0-bb239466f121",
      "createdAt" : [ 2026, 9, 28, 11, 31, 41 ],
      "updatedAt" : [ 2026, 9, 28, 11, 31, 44 ]
    },
    "v3Metadata" : {
      "annotations" : {
        "mta_id" : "incident-management",
        "mta_version" : "1.0.0",
        "mta_resource" : "{\"name\":\"incident-management-destination\"}"
      },
      "labels" : {
        "mta_id" : "65411f2f607a75efbe525f81cfecafad"
      }
    },
    "credentials" : "********",
    "tags" : [ ],
    "type" : "managed"
  }
}, {
  "name" : "********",
  "metadata" : {
    "guid" : "af9e05ea-3b64-4a46-bd7f-fc6e45c7464f",
    "createdAt" : [ 2026, 9, 28, 11, 31, 52 ],
    "updatedAt" : [ 2026, 9, 28, 11, 31, 53 ]
  },
  "v3Metadata" : {
    "annotations" : {
      "mta_id" : "incident-management",
      "mta_version" : "1.0.0"
    },
    "labels" : {
      "mta_id" : "65411f2f607a75efbe525f81cfecafad",
      "space_guid" : "625adf6d-63f6-4db7-a3cd-0f6c39a650f8"
    }
  },
  "serviceInstance" : {
    "name" : "********",
    "metadata" : {
      "guid" : "4e46ca65-dc0d-4c2c-881d-c824f76300de",
      "createdAt" : [ 2026, 9, 28, 11, 31, 43 ],
      "updatedAt" : [ 2026, 9, 28, 11, 31, 43 ]
    },
    "v3Metadata" : {
      "annotations" : {
        "mta_id" : "incident-management",
        "mta_version" : "1.0.0",
        "mta_resource" : "********"
      },
      "labels" : {
        "mta_id" : "65411f2f607a75efbe525f81cfecafad"
      }
    },
    "credentials" : "********",
    "tags" : [ ],
    "type" : "managed"
  }
}, {
  "name" : "********",
  "metadata" : {
    "guid" : "a653fa40-0ca4-4b92-8473-6dce8d18a815",
    "createdAt" : [ 2026, 9, 28, 11, 31, 54 ],
    "updatedAt" : [ 2026, 9, 28, 11, 31, 55 ]
  },
  "v3Metadata" : {
    "annotations" : {
      "mta_id" : "incident-management",
      "mta_version" : "1.0.0"
    },
    "labels" : {
      "mta_id" : "65411f2f607a75efbe525f81cfecafad",
      "space_guid" : "625adf6d-63f6-4db7-a3cd-0f6c39a650f8"
    }
  },
  "serviceInstance" : {
    "name" : "********",
    "metadata" : {
      "guid" : "4e46ca65-dc0d-4c2c-881d-c824f76300de",
      "createdAt" : [ 2026, 9, 28, 11, 31, 43 ],
      "updatedAt" : [ 2026, 9, 28, 11, 31, 43 ]
    },
    "v3Metadata" : {
      "annotations" : {
        "mta_id" : "incident-management",
        "mta_version" : "1.0.0",
        "mta_resource" : "********"
      },
      "labels" : {
        "mta_id" : "65411f2f607a75efbe525f81cfecafad"
      }
    },
    "credentials" : "********",
    "tags" : [ ],
    "type" : "managed"
  }
}, {
  "name" : "********",
  "metadata" : {
    "guid" : "4b9392d9-971c-49b6-8297-0f9a0e6794c8",
    "createdAt" : [ 2026, 9, 28, 11, 31, 54 ],
    "updatedAt" : [ 2026, 9, 28, 11, 31, 55 ]
  },
  "v3Metadata" : {
    "annotations" : {
      "mta_id" : "incident-management",
      "mta_version" : "1.0.0"
    },
    "labels" : {
      "mta_id" : "65411f2f607a75efbe525f81cfecafad",
      "space_guid" : "625adf6d-63f6-4db7-a3cd-0f6c39a650f8"
    }
  },
  "serviceInstance" : {
    "name" : "incident-management-html5-repo-host",
    "metadata" : {
      "guid" : "b1770e83-3369-4a6f-8da8-6095055fa6bd",
      "createdAt" : [ 2026, 9, 28, 11, 31, 42 ],
      "updatedAt" : [ 2026, 9, 28, 11, 31, 43 ]
    },
    "v3Metadata" : {
      "annotations" : {
        "mta_id" : "incident-management",
        "mta_version" : "1.0.0",
        "mta_resource" : "{\"name\":\"incident-management-html5-repo-host\"}"
      },
      "labels" : {
        "mta_id" : "65411f2f607a75efbe525f81cfecafad"
      }
    },
    "credentials" : "********",
    "tags" : [ ],
    "type" : "managed"
  }
} ]#
#2026 09 29 09:23:51.149#Z#DEBUG#7af2fbb9-bbe7-11f1-96da-eeee0a9cddf2.OPERATION#flowable-async-job-executor-thread-5133#
Step "Detect Deployed MTA" finished#
#2026 09 29 09:23:51.174#Z#DEBUG#7af2fbb9-bbe7-11f1-96da-eeee0a9cddf2.OPERATION#flowable-async-job-executor-thread-5126#
[XS2CollectSystemParametersStep] Executing task "collectSystemParametersTask" of process "7af2fbdf-bbe7-11f1-96da-eeee0a9cddf2"...#
#2026 09 29 09:23:51.176#Z#DEBUG#7af2fbb9-bbe7-11f1-96da-eeee0a9cddf2.OPERATION#flowable-async-job-executor-thread-5126#
[XS2CollectSystemParametersStep] Collecting system parameters...#
#2026 09 29 09:23:51.177#Z#DEBUG#7af2fbb9-bbe7-11f1-96da-eeee0a9cddf2.OPERATION#flowable-async-job-executor-thread-5126#
[XS2CollectSystemParametersStep] Getting default domain...#
#2026 09 29 09:23:51.197#Z#DEBUG#7af2fbb9-bbe7-11f1-96da-eeee0a9cddf2.OPERATION#flowable-async-job-executor-thread-5126#
[XS2CollectSystemParametersStep] Default domain: cfapps.us10-001.hana.ondemand.com#
#2026 09 29 09:23:51.198#Z#DEBUG#7af2fbb9-bbe7-11f1-96da-eeee0a9cddf2.OPERATION#flowable-async-job-executor-thread-5126#
[XS2CollectSystemParametersStep] Checking for overwriting read-only parameters for mta with id: "incident-management"#
#2026 09 29 09:23:51.199#Z#DEBUG#7af2fbb9-bbe7-11f1-96da-eeee0a9cddf2.OPERATION#flowable-async-job-executor-thread-5126#
[XS2CollectSystemParametersStep] No read-only parameters are overwritten#
#2026 09 29 09:23:51.211#Z#DEBUG#7af2fbb9-bbe7-11f1-96da-eeee0a9cddf2.OPERATION#flowable-async-job-executor-thread-5126#
[XS2CollectSystemParametersStep] Descriptor with system parameters: {
  "majorSchemaVersion" : 3,
  "schemaVersion" : "3.3.0",
  "id" : "incident-management",
  "version" : "1.0.0",
  "modules" : [ {
    "majorSchemaVersion" : 3,
    "name" : "incident-management-srv",
    "type" : "javascript.nodejs",
    "path" : "incident-management-srv",
    "properties" : { },
    "parameters" : {
      "default-url" : "${protocol}://${default-uri}",
      "default-app-name" : "incident-management-srv",
      "generated-password" : "********",
      "default-live-url" : "${protocol}://${default-live-uri}",
      "default-uri" : "${host}.${domain}",
      "default-instances" : 1,
      "default-live-host" : "277e0127trial-dev-incident-management-srv",
      "instances" : 1,
      "buildpack" : "nodejs_buildpack",
      "default-host" : "277e0127trial-dev-incident-management-srv",
      "app-name" : "${default-app-name}",
      "default-live-uri" : "277e0127trial-dev-incident-management-srv.${domain}",
      "protocol" : "https",
      "default-live-app-name" : "incident-management-srv",
      "default-live-domain" : "cfapps.us10-001.hana.ondemand.com",
      "domain" : "${default-domain}",
      "host" : "${default-host}",
      "generated-user" : "********"
    },
    "requiredDependencies" : [ {
      "majorSchemaVersion" : 3,
      "name" : "********",
      "properties" : { },
      "parameters" : { },
      "propertiesMetadata" : {
        "metadata" : { }
      },
      "parametersMetadata" : {
        "metadata" : { }
      }
    }, {
      "majorSchemaVersion" : 3,
      "name" : "incident-management-db",
      "properties" : { },
      "parameters" : { },
      "propertiesMetadata" : {
        "metadata" : { }
      },
      "parametersMetadata" : {
        "metadata" : { }
      }
    }, {
      "majorSchemaVersion" : 3,
      "name" : "incident-management-destination",
      "properties" : { },
      "parameters" : { },
      "propertiesMetadata" : {
        "metadata" : { }
      },
      "parametersMetadata" : {
        "metadata" : { }
      }
    } ],
    "providedDependencies" : [ {
      "majorSchemaVersion" : 3,
      "name" : "srv-api",
      "isPublic" : false,
      "properties" : {
        "srv-url" : "${default-url}"
      },
      "parameters" : { },
      "propertiesMetadata" : {
        "metadata" : { }
      },
      "parametersMetadata" : {
        "metadata" : { }
      }
    }, {
      "majorSchemaVersion" : 3,
      "name" : "incident-management-srv",
      "isPublic" : false,
      "properties" : { },
      "parameters" : { },
      "propertiesMetadata" : {
        "metadata" : { }
      },
      "parametersMetadata" : {
        "metadata" : { }
      }
    } ],
    "propertiesMetadata" : {
      "metadata" : { }
    },
    "parametersMetadata" : {
      "metadata" : { }
    },
    "hooks" : [ ]
  }, {
    "majorSchemaVersion" : 3,
    "name" : "incident-management-db-deployer",
    "type" : "com.sap.xs.hdi",
    "path" : "incident-management-db-deployer",
    "properties" : {
      "EXIT" : 1
    },
    "parameters" : {
      "default-url" : "${protocol}://${default-uri}",
      "default-app-name" : "incident-management-db-deployer",
      "generated-password" : "********",
      "default-live-url" : "${protocol}://${default-live-uri}",
      "default-uri" : "${host}.${domain}",
      "memory" : "256M",
      "default-instances" : 1,
      "no-route" : true,
      "default-live-host" : "277e0127trial-dev-incident-management-db-deployer",
      "instances" : "${default-instances}",
      "buildpack" : "nodejs_buildpack",
      "default-host" : "277e0127trial-dev-incident-management-db-deployer",
      "app-name" : "${default-app-name}",
      "default-live-uri" : "277e0127trial-dev-incident-management-db-deployer.${domain}",
      "protocol" : "https",
      "default-live-app-name" : "incident-management-db-deployer",
      "default-live-domain" : "cfapps.us10-001.hana.ondemand.com",
      "dependency-type" : "hard",
      "domain" : "${default-domain}",
      "host" : "${default-host}",
      "generated-user" : "********",
      "tasks" : [ {
        "name" : "deploy",
        "memory" : "256M",
        "command" : "npm start"
      } ],
      "no-start" : true
    },
    "requiredDependencies" : [ {
      "majorSchemaVersion" : 3,
      "name" : "incident-management-db",
      "properties" : { },
      "parameters" : { },
      "propertiesMetadata" : {
        "metadata" : { }
      },
      "parametersMetadata" : {
        "metadata" : { }
      }
    } ],
    "providedDependencies" : [ {
      "majorSchemaVersion" : 3,
      "name" : "incident-management-db-deployer",
      "isPublic" : false,
      "properties" : { },
      "parameters" : { },
      "propertiesMetadata" : {
        "metadata" : { }
      },
      "parametersMetadata" : {
        "metadata" : { }
      }
    } ],
    "propertiesMetadata" : {
      "metadata" : { }
    },
    "parametersMetadata" : {
      "metadata" : { }
    },
    "hooks" : [ ]
  }, {
    "majorSchemaVersion" : 3,
    "name" : "incident-management-app-deployer",
    "type" : "com.sap.application.content",
    "path" : "incident-management-app-deployer",
    "properties" : { },
    "parameters" : {
      "default-url" : "${protocol}://${default-uri}",
      "default-app-name" : "incident-management-app-deployer",
      "generated-password" : "********",
      "default-live-url" : "${protocol}://${default-live-uri}",
      "default-uri" : "${host}.${domain}",
      "default-instances" : 1,
      "default-live-host" : "277e0127trial-dev-incident-management-app-deployer",
      "instances" : "${default-instances}",
      "default-host" : "277e0127trial-dev-incident-management-app-deployer",
      "app-name" : "${default-app-name}",
      "default-live-uri" : "277e0127trial-dev-incident-management-app-deployer.${domain}",
      "protocol" : "https",
      "default-live-app-name" : "incident-management-app-deployer",
      "default-live-domain" : "cfapps.us10-001.hana.ondemand.com",
      "domain" : "${default-domain}",
      "host" : "${default-host}",
      "generated-user" : "********",
      "config" : {
        "destinations" : [ {
          "Authentication" : "********",
          "DynamicDestination" : true,
          "ForwardAuthToken" : "********",
          "Name" : "srv-api",
          "ProxyType" : "Internet",
          "Type" : "HTTP",
          "URL" : "~{srv-api/srv-url}"
        } ]
      }
    },
    "requiredDependencies" : [ {
      "majorSchemaVersion" : 3,
      "name" : "********",
      "properties" : { },
      "parameters" : { },
      "propertiesMetadata" : {
        "metadata" : { }
      },
      "parametersMetadata" : {
        "metadata" : { }
      }
    }, {
      "majorSchemaVersion" : 3,
      "name" : "srv-api",
      "properties" : { },
      "parameters" : { },
      "propertiesMetadata" : {
        "metadata" : { }
      },
      "parametersMetadata" : {
        "metadata" : { }
      }
    }, {
      "majorSchemaVersion" : 3,
      "name" : "incident-management-html5-repo-host",
      "properties" : { },
      "parameters" : {
        "config" : {
          "HTML5Runtime_enabled" : true
        },
        "content-target" : true
      },
      "propertiesMetadata" : {
        "metadata" : { }
      },
      "parametersMetadata" : {
        "metadata" : { }
      }
    } ],
    "providedDependencies" : [ {
      "majorSchemaVersion" : 3,
      "name" : "incident-management-app-deployer",
      "isPublic" : false,
      "properties" : { },
      "parameters" : { },
      "propertiesMetadata" : {
        "metadata" : { }
      },
      "parametersMetadata" : {
        "metadata" : { }
      }
    } ],
    "propertiesMetadata" : {
      "metadata" : { }
    },
    "parametersMetadata" : {
      "metadata" : { }
    },
    "hooks" : [ ]
  }, {
    "majorSchemaVersion" : 3,
    "name" : "incident-management-destinations",
    "type" : "com.sap.application.content",
    "properties" : { },
    "parameters" : {
      "default-url" : "${protocol}://${default-uri}",
      "default-app-name" : "incident-management-destinations",
      "generated-password" : "********",
      "default-live-url" : "${protocol}://${default-live-uri}",
      "default-uri" : "${host}.${domain}",
      "default-instances" : 1,
      "default-live-host" : "277e0127trial-dev-incident-management-destinations",
      "instances" : "${default-instances}",
      "default-host" : "277e0127trial-dev-incident-management-destinations",
      "content" : {
        "instance" : {
          "destinations" : [ {
            "Name" : "incident-management-html5-repository",
            "ServiceInstanceName" : "incident-management-html5-repo-host",
            "ServiceKeyName" : "********",
            "sap.cloud.service" : "incidentmanagement.service"
          }, {
            "Authentication" : "********",
            "Name" : "********",
            "ServiceInstanceName" : "********",
            "ServiceKeyName" : "********",
            "sap.cloud.service" : "incidentmanagement.service"
          } ],
          "existing_destinations_policy" : "update"
        }
      },
      "app-name" : "${default-app-name}",
      "default-live-uri" : "277e0127trial-dev-incident-management-destinations.${domain}",
      "protocol" : "https",
      "default-live-app-name" : "incident-management-destinations",
      "default-live-domain" : "cfapps.us10-001.hana.ondemand.com",
      "domain" : "${default-domain}",
      "host" : "${default-host}",
      "generated-user" : "********"
    },
    "requiredDependencies" : [ {
      "majorSchemaVersion" : 3,
      "name" : "********",
      "properties" : { },
      "parameters" : {
        "service-key" : "********"
      },
      "propertiesMetadata" : {
        "metadata" : { }
      },
      "parametersMetadata" : {
        "metadata" : { }
      }
    }, {
      "majorSchemaVersion" : 3,
      "name" : "incident-management-html5-repo-host",
      "properties" : { },
      "parameters" : {
        "service-key" : "********"
      },
      "propertiesMetadata" : {
        "metadata" : { }
      },
      "parametersMetadata" : {
        "metadata" : { }
      }
    }, {
      "majorSchemaVersion" : 3,
      "name" : "srv-api",
      "properties" : { },
      "parameters" : { },
      "propertiesMetadata" : {
        "metadata" : { }
      },
      "parametersMetadata" : {
        "metadata" : { }
      }
    }, {
      "majorSchemaVersion" : 3,
      "name" : "incident-management-destination",
      "properties" : { },
      "parameters" : {
        "content-target" : true
      },
      "propertiesMetadata" : {
        "metadata" : { }
      },
      "parametersMetadata" : {
        "metadata" : { }
      }
    } ],
    "providedDependencies" : [ {
      "majorSchemaVersion" : 3,
      "name" : "incident-management-destinations",
      "isPublic" : false,
      "properties" : { },
      "parameters" : { },
      "propertiesMetadata" : {
        "metadata" : { }
      },
      "parametersMetadata" : {
        "metadata" : { }
      }
    } ],
    "propertiesMetadata" : {
      "metadata" : { }
    },
    "parametersMetadata" : {
      "metadata" : { }
    },
    "hooks" : [ ]
  } ],
  "resources" : [ {
    "majorSchemaVersion" : 3,
    "name" : "********",
    "type" : "org.cloudfoundry.managed-service",
    "properties" : { },
    "parameters" : {
      "generated-password" : "********",
      "path" : "./xs-security.json",
      "service-name" : "${default-service-name}",
      "service-plan" : "application",
      "service" : "xsuaa",
      "generated-user" : "********",
      "default-xsappname" : "********",
      "type" : "managed-service",
      "config" : {
        "oauth2-configuration" : "********",
        "role-collections" : [ {
          "description" : "generated",
          "name" : "support (incident-management ${org}-${space})",
          "role-template-references" : [ "$XSAPPNAME.support" ]
        }, {
          "description" : "generated",
          "name" : "admin (incident-management ${org}-${space})",
          "role-template-references" : [ "$XSAPPNAME.admin" ]
        } ],
        "tenant-mode" : "dedicated",
        "xsappname" : "incident-management-${org}-${space}"
      },
      "default-service-name" : "********",
      "default-container-name" : "********"
    },
    "isActive" : true,
    "isOptional" : false,
    "propertiesMetadata" : {
      "metadata" : { }
    },
    "parametersMetadata" : {
      "metadata" : { }
    },
    "requiredDependencies" : [ ],
    "processedAfter" : [ ]
  }, {
    "majorSchemaVersion" : 3,
    "name" : "incident-management-db",
    "type" : "com.sap.xs.hdi-container",
    "properties" : { },
    "parameters" : {
      "generated-password" : "********",
      "service-name" : "${default-service-name}",
      "service-plan" : "hdi-shared",
      "service" : "hana",
      "generated-user" : "********",
      "default-xsappname" : "incident-management-db",
      "type" : "managed-service",
      "default-service-name" : "incident-management-db",
      "default-container-name" : "277E0127TRIAL_DEV_INCIDENT_MANAGEMENT_DB"
    },
    "isActive" : true,
    "isOptional" : false,
    "propertiesMetadata" : {
      "metadata" : { }
    },
    "parametersMetadata" : {
      "metadata" : { }
    },
    "requiredDependencies" : [ ],
    "processedAfter" : [ ]
  }, {
    "majorSchemaVersion" : 3,
    "name" : "incident-management-destination",
    "type" : "org.cloudfoundry.managed-service",
    "properties" : { },
    "parameters" : {
      "generated-password" : "********",
      "service-name" : "${default-service-name}",
      "service-plan" : "lite",
      "service" : "destination",
      "generated-user" : "********",
      "default-xsappname" : "incident-management-destination",
      "type" : "managed-service",
      "config" : {
        "HTML5Runtime_enabled" : true,
        "init_data" : {
          "instance" : {
            "destinations" : [ {
              "Authentication" : "********",
              "DynamicDestination" : true,
              "ForwardAuthToken" : "********",
              "Name" : "srv-api",
              "ProxyType" : "Internet",
              "Type" : "HTTP",
              "URL" : "~{srv-api/srv-url}"
            } ],
            "existing_destinations_policy" : "update"
          }
        }
      },
      "default-service-name" : "incident-management-destination",
      "default-container-name" : "277E0127TRIAL_DEV_INCIDENT_MANAGEMENT_DESTINATION"
    },
    "isActive" : true,
    "isOptional" : false,
    "propertiesMetadata" : {
      "metadata" : { }
    },
    "parametersMetadata" : {
      "metadata" : { }
    },
    "requiredDependencies" : [ {
      "majorSchemaVersion" : 3,
      "name" : "srv-api",
      "properties" : { },
      "parameters" : { },
      "propertiesMetadata" : {
        "metadata" : { }
      },
      "parametersMetadata" : {
        "metadata" : { }
      }
    } ],
    "processedAfter" : [ ]
  }, {
    "majorSchemaVersion" : 3,
    "name" : "incident-management-html5-repo-host",
    "type" : "org.cloudfoundry.managed-service",
    "properties" : { },
    "parameters" : {
      "generated-password" : "********",
      "service-name" : "${default-service-name}",
      "service-plan" : "app-host",
      "service" : "html5-apps-repo",
      "generated-user" : "********",
      "default-xsappname" : "incident-management-html5-repo-host",
      "type" : "managed-service",
      "default-service-name" : "incident-management-html5-repo-host",
      "default-container-name" : "277E0127TRIAL_DEV_INCIDENT_MANAGEMENT_HTML5_REPO_HOST"
    },
    "isActive" : true,
    "isOptional" : false,
    "propertiesMetadata" : {
      "metadata" : { }
    },
    "parametersMetadata" : {
      "metadata" : { }
    },
    "requiredDependencies" : [ ],
    "processedAfter" : [ ]
  } ],
  "parameters" : {
    "deploy_mode" : "html5-repo",
    "mta-id" : "incident-management",
    "authorization-url" : "********",
    "org-guid" : "9bac6195-6fde-4833-ad06-da82f9540eb9",
    "org" : "277e0127trial",
    "deploy-target" : "277e0127trial dev",
    "enable-parallel-deployments" : true,
    "space" : "dev",
    "xs-api-url" : "https://api.cf.us10-001.hana.ondemand.com",
    "deploy-url" : "deploy-service.cfapps.us10-001.hana.ondemand.com",
    "xs-type" : "CF",
    "default-domain" : "cfapps.us10-001.hana.ondemand.com",
    "mta-version" : "1.0.0",
    "xs-auth-url" : "********",
    "space-guid" : "625adf6d-63f6-4db7-a3cd-0f6c39a650f8",
    "user" : "********",
    "controller-url" : "https://api.cf.us10-001.hana.ondemand.com",
    "timestamp" : "20260929092349"
  },
  "parametersMetadata" : {
    "metadata" : { }
  }
}#
#2026 09 29 09:23:51.212#Z#DEBUG#7af2fbb9-bbe7-11f1-96da-eeee0a9cddf2.OPERATION#flowable-async-job-executor-thread-5126#
[XS2CollectSystemParametersStep] Version rule: SAME_HIGHER#
#2026 09 29 09:23:51.212#Z#INFO#7af2fbb9-bbe7-11f1-96da-eeee0a9cddf2.OPERATION#flowable-async-job-executor-thread-5126#
[XS2CollectSystemParametersStep] Detected new MTA version: "1.0.0"#
#2026 09 29 09:23:51.215#Z#INFO#7af2fbb9-bbe7-11f1-96da-eeee0a9cddf2.OPERATION#flowable-async-job-executor-thread-5126#
[XS2CollectSystemParametersStep] Deployed MTA version: "1.0.0"#
#2026 09 29 09:23:51.218#Z#DEBUG#7af2fbb9-bbe7-11f1-96da-eeee0a9cddf2.OPERATION#flowable-async-job-executor-thread-5126#
[XS2CollectSystemParametersStep] MTA accepted for deployment#
#2026 09 29 09:23:51.218#Z#DEBUG#7af2fbb9-bbe7-11f1-96da-eeee0a9cddf2.OPERATION#flowable-async-job-executor-thread-5126#
[XS2CollectSystemParametersStep] System parameters collected#
#2026 09 29 09:23:51.219#Z#DEBUG#7af2fbb9-bbe7-11f1-96da-eeee0a9cddf2.OPERATION#flowable-async-job-executor-thread-5126#
Step "Collect System Parameters" finished#
#2026 09 29 09:23:51.245#Z#DEBUG#7af2fbb9-bbe7-11f1-96da-eeee0a9cddf2.OPERATION#flowable-async-job-executor-thread-5126#
[ProcessDescriptorStep] Executing task "processDescriptorTask" of process "7af2fbdf-bbe7-11f1-96da-eeee0a9cddf2"...#
#2026 09 29 09:23:51.245#Z#DEBUG#7af2fbb9-bbe7-11f1-96da-eeee0a9cddf2.OPERATION#flowable-async-job-executor-thread-5126#
[ProcessDescriptorStep] Resolving properties and parameters in merged descriptor...#
#2026 09 29 09:23:51.249#Z#DEBUG#7af2fbb9-bbe7-11f1-96da-eeee0a9cddf2.OPERATION#flowable-async-job-executor-thread-5126#
[ProcessDescriptorStep] Subscriptions: [ ]#
#2026 09 29 09:23:51.249#Z#DEBUG#7af2fbb9-bbe7-11f1-96da-eeee0a9cddf2.OPERATION#flowable-async-job-executor-thread-5126#
[ProcessDescriptorStep] MTA modules: [incident-management-app-deployer, incident-management-db-deployer, incident-management-srv, incident-management-destinations]#
#2026 09 29 09:23:51.250#Z#DEBUG#7af2fbb9-bbe7-11f1-96da-eeee0a9cddf2.OPERATION#flowable-async-job-executor-thread-5126#
[ProcessDescriptorStep] Resolved deployment descriptor: {
  "majorSchemaVersion" : 3,
  "schemaVersion" : "3.3.0",
  "id" : "incident-management",
  "version" : "1.0.0",
  "modules" : [ {
    "majorSchemaVersion" : 3,
    "name" : "incident-management-srv",
    "type" : "javascript.nodejs",
    "path" : "incident-management-srv",
    "properties" : { },
    "parameters" : {
      "default-url" : "https://277e0127trial-dev-incident-management-srv.cfapps.us10-001.hana.ondemand.com",
      "default-app-name" : "incident-management-srv",
      "generated-password" : "********",
      "default-live-url" : "https://277e0127trial-dev-incident-management-srv.cfapps.us10-001.hana.ondemand.com",
      "default-uri" : "277e0127trial-dev-incident-management-srv.cfapps.us10-001.hana.ondemand.com",
      "default-instances" : 1,
      "default-live-host" : "277e0127trial-dev-incident-management-srv",
      "instances" : 1,
      "buildpack" : "nodejs_buildpack",
      "default-host" : "277e0127trial-dev-incident-management-srv",
      "app-name" : "incident-management-srv",
      "default-live-uri" : "277e0127trial-dev-incident-management-srv.cfapps.us10-001.hana.ondemand.com",
      "protocol" : "https",
      "default-live-app-name" : "incident-management-srv",
      "default-live-domain" : "cfapps.us10-001.hana.ondemand.com",
      "domain" : "cfapps.us10-001.hana.ondemand.com",
      "host" : "277e0127trial-dev-incident-management-srv",
      "generated-user" : "********"
    },
    "requiredDependencies" : [ {
      "majorSchemaVersion" : 3,
      "name" : "********",
      "properties" : { },
      "parameters" : { },
      "propertiesMetadata" : {
        "metadata" : { }
      },
      "parametersMetadata" : {
        "metadata" : { }
      }
    }, {
      "majorSchemaVersion" : 3,
      "name" : "incident-management-db",
      "properties" : { },
      "parameters" : { },
      "propertiesMetadata" : {
        "metadata" : { }
      },
      "parametersMetadata" : {
        "metadata" : { }
      }
    }, {
      "majorSchemaVersion" : 3,
      "name" : "incident-management-destination",
      "properties" : { },
      "parameters" : { },
      "propertiesMetadata" : {
        "metadata" : { }
      },
      "parametersMetadata" : {
        "metadata" : { }
      }
    } ],
    "providedDependencies" : [ {
      "majorSchemaVersion" : 3,
      "name" : "srv-api",
      "isPublic" : false,
      "properties" : {
        "srv-url" : "https://277e0127trial-dev-incident-management-srv.cfapps.us10-001.hana.ondemand.com"
      },
      "parameters" : { },
      "propertiesMetadata" : {
        "metadata" : { }
      },
      "parametersMetadata" : {
        "metadata" : { }
      }
    }, {
      "majorSchemaVersion" : 3,
      "name" : "incident-management-srv",
      "isPublic" : false,
      "properties" : { },
      "parameters" : { },
      "propertiesMetadata" : {
        "metadata" : { }
      },
      "parametersMetadata" : {
        "metadata" : { }
      }
    } ],
    "propertiesMetadata" : {
      "metadata" : { }
    },
    "parametersMetadata" : {
      "metadata" : { }
    },
    "hooks" : [ ]
  }, {
    "majorSchemaVersion" : 3,
    "name" : "incident-management-db-deployer",
    "type" : "com.sap.xs.hdi",
    "path" : "incident-management-db-deployer",
    "properties" : {
      "EXIT" : 1
    },
    "parameters" : {
      "default-url" : "https://277e0127trial-dev-incident-management-db-deployer.cfapps.us10-001.hana.ondemand.com",
      "default-app-name" : "incident-management-db-deployer",
      "generated-password" : "********",
      "default-live-url" : "https://277e0127trial-dev-incident-management-db-deployer.cfapps.us10-001.hana.ondemand.com",
      "default-uri" : "277e0127trial-dev-incident-management-db-deployer.cfapps.us10-001.hana.ondemand.com",
      "memory" : "256M",
      "default-instances" : 1,
      "no-route" : true,
      "default-live-host" : "277e0127trial-dev-incident-management-db-deployer",
      "instances" : 1,
      "buildpack" : "nodejs_buildpack",
      "default-host" : "277e0127trial-dev-incident-management-db-deployer",
      "app-name" : "incident-management-db-deployer",
      "default-live-uri" : "277e0127trial-dev-incident-management-db-deployer.cfapps.us10-001.hana.ondemand.com",
      "protocol" : "https",
      "default-live-app-name" : "incident-management-db-deployer",
      "default-live-domain" : "cfapps.us10-001.hana.ondemand.com",
      "dependency-type" : "hard",
      "domain" : "cfapps.us10-001.hana.ondemand.com",
      "host" : "277e0127trial-dev-incident-management-db-deployer",
      "generated-user" : "********",
      "tasks" : [ {
        "command" : "npm start",
        "memory" : "256M",
        "name" : "deploy"
      } ],
      "no-start" : true
    },
    "requiredDependencies" : [ {
      "majorSchemaVersion" : 3,
      "name" : "incident-management-db",
      "properties" : { },
      "parameters" : { },
      "propertiesMetadata" : {
        "metadata" : { }
      },
      "parametersMetadata" : {
        "metadata" : { }
      }
    } ],
    "providedDependencies" : [ {
      "majorSchemaVersion" : 3,
      "name" : "incident-management-db-deployer",
      "isPublic" : false,
      "properties" : { },
      "parameters" : { },
      "propertiesMetadata" : {
        "metadata" : { }
      },
      "parametersMetadata" : {
        "metadata" : { }
      }
    } ],
    "propertiesMetadata" : {
      "metadata" : { }
    },
    "parametersMetadata" : {
      "metadata" : { }
    },
    "hooks" : [ ]
  }, {
    "majorSchemaVersion" : 3,
    "name" : "incident-management-app-deployer",
    "type" : "com.sap.application.content",
    "path" : "incident-management-app-deployer",
    "properties" : { },
    "parameters" : {
      "default-url" : "https://277e0127trial-dev-incident-management-app-deployer.cfapps.us10-001.hana.ondemand.com",
      "default-app-name" : "incident-management-app-deployer",
      "generated-password" : "********",
      "default-live-url" : "https://277e0127trial-dev-incident-management-app-deployer.cfapps.us10-001.hana.ondemand.com",
      "default-uri" : "277e0127trial-dev-incident-management-app-deployer.cfapps.us10-001.hana.ondemand.com",
      "default-instances" : 1,
      "default-live-host" : "277e0127trial-dev-incident-management-app-deployer",
      "instances" : 1,
      "default-host" : "277e0127trial-dev-incident-management-app-deployer",
      "app-name" : "incident-management-app-deployer",
      "default-live-uri" : "277e0127trial-dev-incident-management-app-deployer.cfapps.us10-001.hana.ondemand.com",
      "protocol" : "https",
      "default-live-app-name" : "incident-management-app-deployer",
      "default-live-domain" : "cfapps.us10-001.hana.ondemand.com",
      "domain" : "cfapps.us10-001.hana.ondemand.com",
      "host" : "277e0127trial-dev-incident-management-app-deployer",
      "generated-user" : "********",
      "config" : {
        "destinations" : [ {
          "Authentication" : "********",
          "DynamicDestination" : true,
          "ForwardAuthToken" : "********",
          "Name" : "srv-api",
          "ProxyType" : "Internet",
          "Type" : "HTTP",
          "URL" : "https://277e0127trial-dev-incident-management-srv.cfapps.us10-001.hana.ondemand.com"
        } ]
      }
    },
    "requiredDependencies" : [ {
      "majorSchemaVersion" : 3,
      "name" : "********",
      "properties" : { },
      "parameters" : { },
      "propertiesMetadata" : {
        "metadata" : { }
      },
      "parametersMetadata" : {
        "metadata" : { }
      }
    }, {
      "majorSchemaVersion" : 3,
      "name" : "srv-api",
      "properties" : { },
      "parameters" : { },
      "propertiesMetadata" : {
        "metadata" : { }
      },
      "parametersMetadata" : {
        "metadata" : { }
      }
    }, {
      "majorSchemaVersion" : 3,
      "name" : "incident-management-html5-repo-host",
      "properties" : { },
      "parameters" : {
        "config" : {
          "HTML5Runtime_enabled" : true
        },
        "content-target" : true
      },
      "propertiesMetadata" : {
        "metadata" : { }
      },
      "parametersMetadata" : {
        "metadata" : { }
      }
    } ],
    "providedDependencies" : [ {
      "majorSchemaVersion" : 3,
      "name" : "incident-management-app-deployer",
      "isPublic" : false,
      "properties" : { },
      "parameters" : { },
      "propertiesMetadata" : {
        "metadata" : { }
      },
      "parametersMetadata" : {
        "metadata" : { }
      }
    } ],
    "propertiesMetadata" : {
      "metadata" : { }
    },
    "parametersMetadata" : {
      "metadata" : { }
    },
    "hooks" : [ ]
  }, {
    "majorSchemaVersion" : 3,
    "name" : "incident-management-destinations",
    "type" : "com.sap.application.content",
    "properties" : { },
    "parameters" : {
      "default-url" : "https://277e0127trial-dev-incident-management-destinations.cfapps.us10-001.hana.ondemand.com",
      "default-app-name" : "incident-management-destinations",
      "generated-password" : "********",
      "default-live-url" : "https://277e0127trial-dev-incident-management-destinations.cfapps.us10-001.hana.ondemand.com",
      "default-uri" : "277e0127trial-dev-incident-management-destinations.cfapps.us10-001.hana.ondemand.com",
      "default-instances" : 1,
      "default-live-host" : "277e0127trial-dev-incident-management-destinations",
      "instances" : 1,
      "default-host" : "277e0127trial-dev-incident-management-destinations",
      "content" : {
        "instance" : {
          "destinations" : [ {
            "Name" : "incident-management-html5-repository",
            "ServiceInstanceName" : "incident-management-html5-repo-host",
            "ServiceKeyName" : "********",
            "sap.cloud.service" : "incidentmanagement.service"
          }, {
            "Authentication" : "********",
            "Name" : "********",
            "ServiceInstanceName" : "********",
            "ServiceKeyName" : "********",
            "sap.cloud.service" : "incidentmanagement.service"
          } ],
          "existing_destinations_policy" : "update"
        }
      },
      "app-name" : "incident-management-destinations",
      "default-live-uri" : "277e0127trial-dev-incident-management-destinations.cfapps.us10-001.hana.ondemand.com",
      "protocol" : "https",
      "default-live-app-name" : "incident-management-destinations",
      "default-live-domain" : "cfapps.us10-001.hana.ondemand.com",
      "domain" : "cfapps.us10-001.hana.ondemand.com",
      "host" : "277e0127trial-dev-incident-management-destinations",
      "generated-user" : "********"
    },
    "requiredDependencies" : [ {
      "majorSchemaVersion" : 3,
      "name" : "********",
      "properties" : { },
      "parameters" : {
        "service-key" : "********"
      },
      "propertiesMetadata" : {
        "metadata" : { }
      },
      "parametersMetadata" : {
        "metadata" : { }
      }
    }, {
      "majorSchemaVersion" : 3,
      "name" : "incident-management-html5-repo-host",
      "properties" : { },
      "parameters" : {
        "service-key" : "********"
      },
      "propertiesMetadata" : {
        "metadata" : { }
      },
      "parametersMetadata" : {
        "metadata" : { }
      }
    }, {
      "majorSchemaVersion" : 3,
      "name" : "srv-api",
      "properties" : { },
      "parameters" : { },
      "propertiesMetadata" : {
        "metadata" : { }
      },
      "parametersMetadata" : {
        "metadata" : { }
      }
    }, {
      "majorSchemaVersion" : 3,
      "name" : "incident-management-destination",
      "properties" : { },
      "parameters" : {
        "content-target" : true
      },
      "propertiesMetadata" : {
        "metadata" : { }
      },
      "parametersMetadata" : {
        "metadata" : { }
      }
    } ],
    "providedDependencies" : [ {
      "majorSchemaVersion" : 3,
      "name" : "incident-management-destinations",
      "isPublic" : false,
      "properties" : { },
      "parameters" : { },
      "propertiesMetadata" : {
        "metadata" : { }
      },
      "parametersMetadata" : {
        "metadata" : { }
      }
    } ],
    "propertiesMetadata" : {
      "metadata" : { }
    },
    "parametersMetadata" : {
      "metadata" : { }
    },
    "hooks" : [ ]
  } ],
  "resources" : [ {
    "majorSchemaVersion" : 3,
    "name" : "********",
    "type" : "org.cloudfoundry.managed-service",
    "properties" : { },
    "parameters" : {
      "generated-password" : "********",
      "path" : "./xs-security.json",
      "service-name" : "********",
      "service-plan" : "application",
      "service" : "xsuaa",
      "generated-user" : "********",
      "default-xsappname" : "********",
      "type" : "managed-service",
      "config" : {
        "oauth2-configuration" : "********",
        "role-collections" : [ {
          "description" : "generated",
          "name" : "support (incident-management 277e0127trial-dev)",
          "role-template-references" : [ "$XSAPPNAME.support" ]
        }, {
          "description" : "generated",
          "name" : "admin (incident-management 277e0127trial-dev)",
          "role-template-references" : [ "$XSAPPNAME.admin" ]
        } ],
        "tenant-mode" : "dedicated",
        "xsappname" : "incident-management-277e0127trial-dev"
      },
      "default-service-name" : "********",
      "default-container-name" : "********"
    },
    "isActive" : true,
    "isOptional" : false,
    "propertiesMetadata" : {
      "metadata" : { }
    },
    "parametersMetadata" : {
      "metadata" : { }
    },
    "requiredDependencies" : [ ],
    "processedAfter" : [ ]
  }, {
    "majorSchemaVersion" : 3,
    "name" : "incident-management-db",
    "type" : "com.sap.xs.hdi-container",
    "properties" : { },
    "parameters" : {
      "generated-password" : "********",
      "service-name" : "incident-management-db",
      "service-plan" : "hdi-shared",
      "service" : "hana",
      "generated-user" : "********",
      "default-xsappname" : "incident-management-db",
      "type" : "managed-service",
      "default-service-name" : "incident-management-db",
      "default-container-name" : "277E0127TRIAL_DEV_INCIDENT_MANAGEMENT_DB"
    },
    "isActive" : true,
    "isOptional" : false,
    "propertiesMetadata" : {
      "metadata" : { }
    },
    "parametersMetadata" : {
      "metadata" : { }
    },
    "requiredDependencies" : [ ],
    "processedAfter" : [ ]
  }, {
    "majorSchemaVersion" : 3,
    "name" : "incident-management-destination",
    "type" : "org.cloudfoundry.managed-service",
    "properties" : { },
    "parameters" : {
      "generated-password" : "********",
      "service-name" : "incident-management-destination",
      "service-plan" : "lite",
      "service" : "destination",
      "generated-user" : "********",
      "default-xsappname" : "incident-management-destination",
      "type" : "managed-service",
      "config" : {
        "HTML5Runtime_enabled" : true,
        "init_data" : {
          "instance" : {
            "destinations" : [ {
              "Authentication" : "********",
              "DynamicDestination" : true,
              "ForwardAuthToken" : "********",
              "Name" : "srv-api",
              "ProxyType" : "Internet",
              "Type" : "HTTP",
              "URL" : "https://277e0127trial-dev-incident-management-srv.cfapps.us10-001.hana.ondemand.com"
            } ],
            "existing_destinations_policy" : "update"
          }
        }
      },
      "default-service-name" : "incident-management-destination",
      "default-container-name" : "277E0127TRIAL_DEV_INCIDENT_MANAGEMENT_DESTINATION"
    },
    "isActive" : true,
    "isOptional" : false,
    "propertiesMetadata" : {
      "metadata" : { }
    },
    "parametersMetadata" : {
      "metadata" : { }
    },
    "requiredDependencies" : [ {
      "majorSchemaVersion" : 3,
      "name" : "srv-api",
      "properties" : { },
      "parameters" : { },
      "propertiesMetadata" : {
        "metadata" : { }
      },
      "parametersMetadata" : {
        "metadata" : { }
      }
    } ],
    "processedAfter" : [ ]
  }, {
    "majorSchemaVersion" : 3,
    "name" : "incident-management-html5-repo-host",
    "type" : "org.cloudfoundry.managed-service",
    "properties" : { },
    "parameters" : {
      "generated-password" : "********",
      "service-name" : "incident-management-html5-repo-host",
      "service-plan" : "app-host",
      "service" : "html5-apps-repo",
      "generated-user" : "********",
      "default-xsappname" : "incident-management-html5-repo-host",
      "type" : "managed-service",
      "default-service-name" : "incident-management-html5-repo-host",
      "default-container-name" : "277E0127TRIAL_DEV_INCIDENT_MANAGEMENT_HTML5_REPO_HOST"
    },
    "isActive" : true,
    "isOptional" : false,
    "propertiesMetadata" : {
      "metadata" : { }
    },
    "parametersMetadata" : {
      "metadata" : { }
    },
    "requiredDependencies" : [ ],
    "processedAfter" : [ ]
  } ],
  "parameters" : {
    "deploy_mode" : "html5-repo",
    "mta-id" : "incident-management",
    "authorization-url" : "********",
    "org-guid" : "9bac6195-6fde-4833-ad06-da82f9540eb9",
    "org" : "277e0127trial",
    "deploy-target" : "277e0127trial dev",
    "enable-parallel-deployments" : true,
    "region-primary-domain" : "us10.hana.ondemand.com",
    "space" : "dev",
    "region-domain" : "us10-001.hana.ondemand.com",
    "xs-api-url" : "https://api.cf.us10-001.hana.ondemand.com",
    "deploy-url" : "deploy-service.cfapps.us10-001.hana.ondemand.com",
    "xs-type" : "CF",
    "default-domain" : "cfapps.us10-001.hana.ondemand.com",
    "mta-version" : "1.0.0",
    "xs-auth-url" : "********",
    "space-guid" : "625adf6d-63f6-4db7-a3cd-0f6c39a650f8",
    "user" : "********",
    "controller-url" : "https://api.cf.us10-001.hana.ondemand.com",
    "timestamp" : "20260929092349"
  },
  "parametersMetadata" : {
    "metadata" : { }
  }
}#
#2026 09 29 09:23:51.250#Z#DEBUG#7af2fbb9-bbe7-11f1-96da-eeee0a9cddf2.OPERATION#flowable-async-job-executor-thread-5126#
[ProcessDescriptorStep] Merged descriptor properties and parameters resolved#
#2026 09 29 09:23:51.250#Z#DEBUG#7af2fbb9-bbe7-11f1-96da-eeee0a9cddf2.OPERATION#flowable-async-job-executor-thread-5126#
Step "Process Descriptor Step" finished#
#2026 09 29 09:23:51.274#Z#DEBUG#7af2fbb9-bbe7-11f1-96da-eeee0a9cddf2.OPERATION#flowable-async-job-executor-thread-5126#
[XS2BuildCloudDeployModelStep] Executing task "buildDeployModelTask" of process "7af2fbdf-bbe7-11f1-96da-eeee0a9cddf2"...#
#2026 09 29 09:23:51.277#Z#DEBUG#7af2fbb9-bbe7-11f1-96da-eeee0a9cddf2.OPERATION#flowable-async-job-executor-thread-5126#
[XS2BuildCloudDeployModelStep] Service keys defined for content deployment grouped by service name: {
  "incident-management-auth" : "********",
  "incident-management-html5-repo-host" : [ {
    "name" : "********",
    "v3Metadata" : {
      "annotations" : {
        "mta_id" : "incident-management",
        "mta_version" : "1.0.0"
      },
      "labels" : {
        "mta_id" : "65411f2f607a75efbe525f81cfecafad",
        "space_guid" : "625adf6d-63f6-4db7-a3cd-0f6c39a650f8"
      }
    },
    "credentials" : "********",
    "moduleName" : "incident-management-app-deployer",
    "resourceName" : "incident-management-html5-repo-host",
    "serviceInstance" : {
      "isOptional" : false,
      "isManaged" : false,
      "name" : "incident-management-html5-repo-host",
      "credentials" : "********",
      "tags" : [ ],
      "shouldSkipParametersUpdate" : false,
      "shouldSkipPlanUpdate" : false,
      "shouldSkipTagsUpdate" : false,
      "shouldSkipSyslogUrlUpdate" : false
    },
    "shouldDeleteServiceKeyAfterDeploy" : "********",
    "resourceType" : "org.cloudfoundry.managed-service"
  }, {
    "name" : "********",
    "v3Metadata" : {
      "annotations" : {
        "mta_id" : "incident-management",
        "mta_version" : "1.0.0"
      },
      "labels" : {
        "mta_id" : "65411f2f607a75efbe525f81cfecafad",
        "space_guid" : "625adf6d-63f6-4db7-a3cd-0f6c39a650f8"
      }
    },
    "credentials" : "********",
    "moduleName" : "incident-management-destinations",
    "resourceName" : "incident-management-html5-repo-host",
    "serviceInstance" : {
      "isOptional" : false,
      "isManaged" : false,
      "name" : "incident-management-html5-repo-host",
      "credentials" : "********",
      "tags" : [ ],
      "shouldSkipParametersUpdate" : false,
      "shouldSkipPlanUpdate" : false,
      "shouldSkipTagsUpdate" : false,
      "shouldSkipSyslogUrlUpdate" : false
    },
    "shouldDeleteServiceKeyAfterDeploy" : "********",
    "resourceType" : "org.cloudfoundry.managed-service"
  } ],
  "incident-management-destination" : [ {
    "name" : "********",
    "v3Metadata" : {
      "annotations" : {
        "mta_id" : "incident-management",
        "mta_version" : "1.0.0"
      },
      "labels" : {
        "mta_id" : "65411f2f607a75efbe525f81cfecafad",
        "space_guid" : "625adf6d-63f6-4db7-a3cd-0f6c39a650f8"
      }
    },
    "credentials" : "********",
    "moduleName" : "incident-management-destinations",
    "resourceName" : "incident-management-destination",
    "serviceInstance" : {
      "isOptional" : false,
      "isManaged" : false,
      "name" : "incident-management-destination",
      "credentials" : "********",
      "tags" : [ ],
      "shouldSkipParametersUpdate" : false,
      "shouldSkipPlanUpdate" : false,
      "shouldSkipTagsUpdate" : false,
      "shouldSkipSyslogUrlUpdate" : false
    },
    "shouldDeleteServiceKeyAfterDeploy" : "********",
    "resourceType" : "org.cloudfoundry.managed-service"
  } ]
}#
#2026 09 29 09:23:51.277#Z#DEBUG#7af2fbb9-bbe7-11f1-96da-eeee0a9cddf2.OPERATION#flowable-async-job-executor-thread-5126#
[XS2BuildCloudDeployModelStep] Building cloud deployment model...#
#2026 09 29 09:23:51.279#Z#DEBUG#7af2fbb9-bbe7-11f1-96da-eeee0a9cddf2.OPERATION#flowable-async-job-executor-thread-5126#
[XS2BuildCloudDeployModelStep] MTA archive modules: [incident-management-app-deployer, incident-management-db-deployer, incident-management-srv]#
#2026 09 29 09:23:51.279#Z#DEBUG#7af2fbb9-bbe7-11f1-96da-eeee0a9cddf2.OPERATION#flowable-async-job-executor-thread-5126#
[XS2BuildCloudDeployModelStep] Deployed modules: [incident-management-db-deployer, incident-management-srv]#
#2026 09 29 09:23:51.280#Z#DEBUG#7af2fbb9-bbe7-11f1-96da-eeee0a9cddf2.OPERATION#flowable-async-job-executor-thread-5126#
[XS2BuildCloudDeployModelStep] MTA modules: [incident-management-app-deployer, incident-management-db-deployer, incident-management-srv, incident-management-destinations]#
#2026 09 29 09:23:51.280#Z#DEBUG#7af2fbb9-bbe7-11f1-96da-eeee0a9cddf2.OPERATION#flowable-async-job-executor-thread-5126#
[XS2BuildCloudDeployModelStep] Service keys to create: {
  "incident-management-auth" : "********",
  "incident-management-db" : [ ],
  "incident-management-html5-repo-host" : [ ],
  "incident-management-destination" : [ ]
}#
#2026 09 29 09:23:51.281#Z#DEBUG#7af2fbb9-bbe7-11f1-96da-eeee0a9cddf2.OPERATION#flowable-async-job-executor-thread-5126#
[XS2BuildCloudDeployModelStep] Modules to deploy: [{
  "majorSchemaVersion" : 3,
  "name" : "incident-management-srv",
  "type" : "javascript.nodejs",
  "path" : "incident-management-srv",
  "properties" : { },
  "parameters" : {
    "default-url" : "https://277e0127trial-dev-incident-management-srv.cfapps.us10-001.hana.ondemand.com",
    "default-app-name" : "incident-management-srv",
    "generated-password" : "********",
    "default-live-url" : "https://277e0127trial-dev-incident-management-srv.cfapps.us10-001.hana.ondemand.com",
    "default-uri" : "277e0127trial-dev-incident-management-srv.cfapps.us10-001.hana.ondemand.com",
    "default-instances" : 1,
    "default-live-host" : "277e0127trial-dev-incident-management-srv",
    "instances" : 1,
    "buildpack" : "nodejs_buildpack",
    "default-host" : "277e0127trial-dev-incident-management-srv",
    "app-name" : "incident-management-srv",
    "default-live-uri" : "277e0127trial-dev-incident-management-srv.cfapps.us10-001.hana.ondemand.com",
    "protocol" : "https",
    "default-live-app-name" : "incident-management-srv",
    "default-live-domain" : "cfapps.us10-001.hana.ondemand.com",
    "dependency-type" : "soft",
    "domain" : "cfapps.us10-001.hana.ondemand.com",
    "host" : "277e0127trial-dev-incident-management-srv",
    "generated-user" : "********"
  },
  "requiredDependencies" : [ {
    "majorSchemaVersion" : 3,
    "name" : "********",
    "properties" : { },
    "parameters" : { },
    "propertiesMetadata" : {
      "metadata" : { }
    },
    "parametersMetadata" : {
      "metadata" : { }
    }
  }, {
    "majorSchemaVersion" : 3,
    "name" : "incident-management-db",
    "properties" : { },
    "parameters" : { },
    "propertiesMetadata" : {
      "metadata" : { }
    },
    "parametersMetadata" : {
      "metadata" : { }
    }
  }, {
    "majorSchemaVersion" : 3,
    "name" : "incident-management-destination",
    "properties" : { },
    "parameters" : { },
    "propertiesMetadata" : {
      "metadata" : { }
    },
    "parametersMetadata" : {
      "metadata" : { }
    }
  } ],
  "providedDependencies" : [ {
    "majorSchemaVersion" : 3,
    "name" : "srv-api",
    "isPublic" : false,
    "properties" : {
      "srv-url" : "https://277e0127trial-dev-incident-management-srv.cfapps.us10-001.hana.ondemand.com"
    },
    "parameters" : { },
    "propertiesMetadata" : {
      "metadata" : { }
    },
    "parametersMetadata" : {
      "metadata" : { }
    }
  }, {
    "majorSchemaVersion" : 3,
    "name" : "incident-management-srv",
    "isPublic" : false,
    "properties" : { },
    "parameters" : { },
    "propertiesMetadata" : {
      "metadata" : { }
    },
    "parametersMetadata" : {
      "metadata" : { }
    }
  } ],
  "propertiesMetadata" : {
    "metadata" : { }
  },
  "parametersMetadata" : {
    "metadata" : { }
  },
  "deployedAfter" : [ ],
  "hooks" : [ ]
}, {
  "majorSchemaVersion" : 3,
  "name" : "incident-management-db-deployer",
  "type" : "com.sap.xs.hdi",
  "path" : "incident-management-db-deployer",
  "properties" : {
    "EXIT" : 1
  },
  "parameters" : {
    "default-url" : "https://277e0127trial-dev-incident-management-db-deployer.cfapps.us10-001.hana.ondemand.com",
    "default-app-name" : "incident-management-db-deployer",
    "generated-password" : "********",
    "default-live-url" : "https://277e0127trial-dev-incident-management-db-deployer.cfapps.us10-001.hana.ondemand.com",
    "default-uri" : "277e0127trial-dev-incident-management-db-deployer.cfapps.us10-001.hana.ondemand.com",
    "memory" : "256M",
    "default-instances" : 1,
    "no-route" : true,
    "default-live-host" : "277e0127trial-dev-incident-management-db-deployer",
    "instances" : 1,
    "buildpack" : "nodejs_buildpack",
    "default-host" : "277e0127trial-dev-incident-management-db-deployer",
    "app-name" : "incident-management-db-deployer",
    "default-live-uri" : "277e0127trial-dev-incident-management-db-deployer.cfapps.us10-001.hana.ondemand.com",
    "protocol" : "https",
    "default-live-app-name" : "incident-management-db-deployer",
    "default-live-domain" : "cfapps.us10-001.hana.ondemand.com",
    "dependency-type" : "hard",
    "domain" : "cfapps.us10-001.hana.ondemand.com",
    "host" : "277e0127trial-dev-incident-management-db-deployer",
    "generated-user" : "********",
    "tasks" : [ {
      "command" : "npm start",
      "memory" : "256M",
      "name" : "deploy"
    } ],
    "no-start" : true
  },
  "requiredDependencies" : [ {
    "majorSchemaVersion" : 3,
    "name" : "incident-management-db",
    "properties" : { },
    "parameters" : { },
    "propertiesMetadata" : {
      "metadata" : { }
    },
    "parametersMetadata" : {
      "metadata" : { }
    }
  } ],
  "providedDependencies" : [ {
    "majorSchemaVersion" : 3,
    "name" : "incident-management-db-deployer",
    "isPublic" : false,
    "properties" : { },
    "parameters" : { },
    "propertiesMetadata" : {
      "metadata" : { }
    },
    "parametersMetadata" : {
      "metadata" : { }
    }
  } ],
  "propertiesMetadata" : {
    "metadata" : { }
  },
  "parametersMetadata" : {
    "metadata" : { }
  },
  "deployedAfter" : [ ],
  "hooks" : [ ]
}, {
  "majorSchemaVersion" : 3,
  "name" : "incident-management-app-deployer",
  "type" : "com.sap.application.content",
  "path" : "incident-management-app-deployer",
  "properties" : { },
  "parameters" : {
    "default-url" : "https://277e0127trial-dev-incident-management-app-deployer.cfapps.us10-001.hana.ondemand.com",
    "default-app-name" : "incident-management-app-deployer",
    "generated-password" : "********",
    "default-live-url" : "https://277e0127trial-dev-incident-management-app-deployer.cfapps.us10-001.hana.ondemand.com",
    "default-uri" : "277e0127trial-dev-incident-management-app-deployer.cfapps.us10-001.hana.ondemand.com",
    "default-instances" : 1,
    "default-live-host" : "277e0127trial-dev-incident-management-app-deployer",
    "instances" : 1,
    "default-host" : "277e0127trial-dev-incident-management-app-deployer",
    "app-name" : "incident-management-app-deployer",
    "default-live-uri" : "277e0127trial-dev-incident-management-app-deployer.cfapps.us10-001.hana.ondemand.com",
    "protocol" : "https",
    "default-live-app-name" : "incident-management-app-deployer",
    "default-live-domain" : "cfapps.us10-001.hana.ondemand.com",
    "dependency-type" : "soft",
    "domain" : "cfapps.us10-001.hana.ondemand.com",
    "host" : "277e0127trial-dev-incident-management-app-deployer",
    "generated-user" : "********",
    "config" : {
      "destinations" : [ {
        "Authentication" : "********",
        "DynamicDestination" : true,
        "ForwardAuthToken" : "********",
        "Name" : "srv-api",
        "ProxyType" : "Internet",
        "Type" : "HTTP",
        "URL" : "https://277e0127trial-dev-incident-management-srv.cfapps.us10-001.hana.ondemand.com"
      } ]
    }
  },
  "requiredDependencies" : [ {
    "majorSchemaVersion" : 3,
    "name" : "********",
    "properties" : { },
    "parameters" : { },
    "propertiesMetadata" : {
      "metadata" : { }
    },
    "parametersMetadata" : {
      "metadata" : { }
    }
  }, {
    "majorSchemaVersion" : 3,
    "name" : "srv-api",
    "properties" : { },
    "parameters" : { },
    "propertiesMetadata" : {
      "metadata" : { }
    },
    "parametersMetadata" : {
      "metadata" : { }
    }
  }, {
    "majorSchemaVersion" : 3,
    "name" : "incident-management-html5-repo-host",
    "properties" : { },
    "parameters" : {
      "config" : {
        "HTML5Runtime_enabled" : true
      },
      "content-target" : true
    },
    "propertiesMetadata" : {
      "metadata" : { }
    },
    "parametersMetadata" : {
      "metadata" : { }
    }
  } ],
  "providedDependencies" : [ {
    "majorSchemaVersion" : 3,
    "name" : "incident-management-app-deployer",
    "isPublic" : false,
    "properties" : { },
    "parameters" : { },
    "propertiesMetadata" : {
      "metadata" : { }
    },
    "parametersMetadata" : {
      "metadata" : { }
    }
  } ],
  "propertiesMetadata" : {
    "metadata" : { }
  },
  "parametersMetadata" : {
    "metadata" : { }
  },
  "deployedAfter" : [ ],
  "hooks" : [ ]
}, {
  "majorSchemaVersion" : 3,
  "name" : "incident-management-destinations",
  "type" : "com.sap.application.content",
  "properties" : { },
  "parameters" : {
    "default-url" : "https://277e0127trial-dev-incident-management-destinations.cfapps.us10-001.hana.ondemand.com",
    "default-app-name" : "incident-management-destinations",
    "generated-password" : "********",
    "default-live-url" : "https://277e0127trial-dev-incident-management-destinations.cfapps.us10-001.hana.ondemand.com",
    "default-uri" : "277e0127trial-dev-incident-management-destinations.cfapps.us10-001.hana.ondemand.com",
    "default-instances" : 1,
    "default-live-host" : "277e0127trial-dev-incident-management-destinations",
    "instances" : 1,
    "default-host" : "277e0127trial-dev-incident-management-destinations",
    "content" : {
      "instance" : {
        "destinations" : [ {
          "Name" : "incident-management-html5-repository",
          "ServiceInstanceName" : "incident-management-html5-repo-host",
          "ServiceKeyName" : "********",
          "sap.cloud.service" : "incidentmanagement.service"
        }, {
          "Authentication" : "********",
          "Name" : "********",
          "ServiceInstanceName" : "********",
          "ServiceKeyName" : "********",
          "sap.cloud.service" : "incidentmanagement.service"
        } ],
        "existing_destinations_policy" : "update"
      }
    },
    "app-name" : "incident-management-destinations",
    "default-live-uri" : "277e0127trial-dev-incident-management-destinations.cfapps.us10-001.hana.ondemand.com",
    "protocol" : "https",
    "default-live-app-name" : "incident-management-destinations",
    "default-live-domain" : "cfapps.us10-001.hana.ondemand.com",
    "dependency-type" : "soft",
    "domain" : "cfapps.us10-001.hana.ondemand.com",
    "host" : "277e0127trial-dev-incident-management-destinations",
    "generated-user" : "********"
  },
  "requiredDependencies" : [ {
    "majorSchemaVersion" : 3,
    "name" : "********",
    "properties" : { },
    "parameters" : {
      "service-key" : "********"
    },
    "propertiesMetadata" : {
      "metadata" : { }
    },
    "parametersMetadata" : {
      "metadata" : { }
    }
  }, {
    "majorSchemaVersion" : 3,
    "name" : "incident-management-html5-repo-host",
    "properties" : { },
    "parameters" : {
      "service-key" : "********"
    },
    "propertiesMetadata" : {
      "metadata" : { }
    },
    "parametersMetadata" : {
      "metadata" : { }
    }
  }, {
    "majorSchemaVersion" : 3,
    "name" : "srv-api",
    "properties" : { },
    "parameters" : { },
    "propertiesMetadata" : {
      "metadata" : { }
    },
    "parametersMetadata" : {
      "metadata" : { }
    }
  }, {
    "majorSchemaVersion" : 3,
    "name" : "incident-management-destination",
    "properties" : { },
    "parameters" : {
      "content-target" : true
    },
    "propertiesMetadata" : {
      "metadata" : { }
    },
    "parametersMetadata" : {
      "metadata" : { }
    }
  } ],
  "providedDependencies" : [ {
    "majorSchemaVersion" : 3,
    "name" : "incident-management-destinations",
    "isPublic" : false,
    "properties" : { },
    "parameters" : { },
    "propertiesMetadata" : {
      "metadata" : { }
    },
    "parametersMetadata" : {
      "metadata" : { }
    }
  } ],
  "propertiesMetadata" : {
    "metadata" : { }
  },
  "parametersMetadata" : {
    "metadata" : { }
  },
  "deployedAfter" : [ ],
  "hooks" : [ ]
}]#
#2026 09 29 09:23:51.281#Z#DEBUG#7af2fbb9-bbe7-11f1-96da-eeee0a9cddf2.OPERATION#flowable-async-job-executor-thread-5126#
[XS2BuildCloudDeployModelStep] Custom domains: []#
#2026 09 29 09:23:51.284#Z#DEBUG#7af2fbb9-bbe7-11f1-96da-eeee0a9cddf2.OPERATION#flowable-async-job-executor-thread-5126#
[XS2BuildCloudDeployModelStep] Calculating resource batches...#
#2026 09 29 09:23:51.284#Z#DEBUG#7af2fbb9-bbe7-11f1-96da-eeee0a9cddf2.OPERATION#flowable-async-job-executor-thread-5126#
[XS2BuildCloudDeployModelStep] Calculating resource batches completed.#
#2026 09 29 09:23:51.284#Z#DEBUG#7af2fbb9-bbe7-11f1-96da-eeee0a9cddf2.OPERATION#flowable-async-job-executor-thread-5126#
[XS2BuildCloudDeployModelStep] Cloud deployment model built#
#2026 09 29 09:23:51.284#Z#DEBUG#7af2fbb9-bbe7-11f1-96da-eeee0a9cddf2.OPERATION#flowable-async-job-executor-thread-5126#
Step "Build Deploy Model" finished#
#2026 09 29 09:23:51.313#Z#DEBUG#7af2fbb9-bbe7-11f1-96da-eeee0a9cddf2.OPERATION#flowable-async-job-executor-thread-5126#
[BuildCloudUndeployModelStep] Executing task "buildUndeployModelTask" of process "7af2fbdf-bbe7-11f1-96da-eeee0a9cddf2"...#
#2026 09 29 09:23:51.314#Z#DEBUG#7af2fbb9-bbe7-11f1-96da-eeee0a9cddf2.OPERATION#flowable-async-job-executor-thread-5126#
[BuildCloudUndeployModelStep] Building cloud undeployment model...#
#2026 09 29 09:23:51.317#Z#DEBUG#7af2fbb9-bbe7-11f1-96da-eeee0a9cddf2.OPERATION#flowable-async-job-executor-thread-5126#
[BuildCloudUndeployModelStep] Detecting service keys to delete.#
#2026 09 29 09:23:51.318#Z#DEBUG#7af2fbb9-bbe7-11f1-96da-eeee0a9cddf2.OPERATION#flowable-async-job-executor-thread-5126#
[BuildCloudUndeployModelStep] Detected deployed service keys by service "{incident-management-auth=[DeployedMtaServiceKey{name=incident-management-auth-key, metadata=CloudMetadata{guid=af9e05ea-3b64-4a46-bd7f-fc6e45c7464f, createdAt=2026-09-28T11:31:52, updatedAt=2026-09-28T11:31:53, url=null}, v3Metadata=Metadata{annotations={mta_id=incident-management, mta_version=1.0.0}, labels={mta_id=65411f2f607a75efbe525f81cfecafad, space_guid=625adf6d-63f6-4db7-a3cd-0f6c39a650f8}}, credentials=null, serviceInstance=CloudServiceInstance{name=incident-management-auth, metadata=CloudMetadata{guid=4e46ca65-dc0d-4c2c-881d-c824f76300de, createdAt=2026-09-28T11:31:43, updatedAt=2026-09-28T11:31:43, url=null}, v3Metadata=Metadata{annotations={mta_id=incident-management, mta_version=1.0.0, mta_resource={"name":"incident-management-auth"}}, labels={mta_id=65411f2f607a75efbe525f81cfecafad}}, label=null, plan=null, provider=null, broker=null, version=null, credentials={}, syslogDrainUrl=null, tags=[], type=managed, lastOperation=null}, serviceKeyOperation=null, resourceName=null}, DeployedMtaServiceKey{name=incident-management-app-deployer-incident-management-auth-credentials, metadata=CloudMetadata{guid=a653fa40-0ca4-4b92-8473-6dce8d18a815, createdAt=2026-09-28T11:31:54, updatedAt=2026-09-28T11:31:55, url=null}, v3Metadata=Metadata{annotations={mta_id=incident-management, mta_version=1.0.0}, labels={mta_id=65411f2f607a75efbe525f81cfecafad, space_guid=625adf6d-63f6-4db7-a3cd-0f6c39a650f8}}, credentials=null, serviceInstance=CloudServiceInstance{name=incident-management-auth, metadata=CloudMetadata{guid=4e46ca65-dc0d-4c2c-881d-c824f76300de, createdAt=2026-09-28T11:31:43, updatedAt=2026-09-28T11:31:43, url=null}, v3Metadata=Metadata{annotations={mta_id=incident-management, mta_version=1.0.0, mta_resource={"name":"incident-management-auth"}}, labels={mta_id=65411f2f607a75efbe525f81cfecafad}}, label=null, plan=null, provider=null, broker=null, version=null, credentials={}, syslogDrainUrl=null, tags=[], type=managed, lastOperation=null}, serviceKeyOperation=null, resourceName=null}], incident-management-html5-repo-host=[DeployedMtaServiceKey{name=incident-management-html5-repo-host-key, metadata=CloudMetadata{guid=11e9c524-0ce1-4bbd-8ddc-b1739083b251, createdAt=2026-09-28T11:31:52, updatedAt=2026-09-28T11:31:53, url=null}, v3Metadata=Metadata{annotations={mta_id=incident-management, mta_version=1.0.0}, labels={mta_id=65411f2f607a75efbe525f81cfecafad, space_guid=625adf6d-63f6-4db7-a3cd-0f6c39a650f8}}, credentials=null, serviceInstance=CloudServiceInstance{name=incident-management-html5-repo-host, metadata=CloudMetadata{guid=b1770e83-3369-4a6f-8da8-6095055fa6bd, createdAt=2026-09-28T11:31:42, updatedAt=2026-09-28T11:31:43, url=null}, v3Metadata=Metadata{annotations={mta_id=incident-management, mta_version=1.0.0, mta_resource={"name":"incident-management-html5-repo-host"}}, labels={mta_id=65411f2f607a75efbe525f81cfecafad}}, label=null, plan=null, provider=null, broker=null, version=null, credentials={}, syslogDrainUrl=null, tags=[], type=managed, lastOperation=null}, serviceKeyOperation=null, resourceName=null}, DeployedMtaServiceKey{name=incident-management-app-deployer-incident-management-html5-repo-host-credentials, metadata=CloudMetadata{guid=4b9392d9-971c-49b6-8297-0f9a0e6794c8, createdAt=2026-09-28T11:31:54, updatedAt=2026-09-28T11:31:55, url=null}, v3Metadata=Metadata{annotations={mta_id=incident-management, mta_version=1.0.0}, labels={mta_id=65411f2f607a75efbe525f81cfecafad, space_guid=625adf6d-63f6-4db7-a3cd-0f6c39a650f8}}, credentials=null, serviceInstance=CloudServiceInstance{name=incident-management-html5-repo-host, metadata=CloudMetadata{guid=b1770e83-3369-4a6f-8da8-6095055fa6bd, createdAt=2026-09-28T11:31:42, updatedAt=2026-09-28T11:31:43, url=null}, v3Metadata=Metadata{annotations={mta_id=incident-management, mta_version=1.0.0, mta_resource={"name":"incident-management-html5-repo-host"}}, labels={mta_id=65411f2f607a75efbe525f81cfecafad}}, label=null, plan=null, provider=null, broker=null, version=null, credentials={}, syslogDrainUrl=null, tags=[], type=managed, lastOperation=null}, serviceKeyOperation=null, resourceName=null}], incident-management-destination=[DeployedMtaServiceKey{name=incident-management-destinations-incident-management-destination-credentials, metadata=CloudMetadata{guid=db69a874-eb65-4761-98ee-c9fea37731c7, createdAt=2026-09-28T11:31:52, updatedAt=2026-09-28T11:31:53, url=null}, v3Metadata=Metadata{annotations={mta_id=incident-management, mta_version=1.0.0}, labels={mta_id=65411f2f607a75efbe525f81cfecafad, space_guid=625adf6d-63f6-4db7-a3cd-0f6c39a650f8}}, credentials=null, serviceInstance=CloudServiceInstance{name=incident-management-destination, metadata=CloudMetadata{guid=b8b42d83-3fa8-483b-9ab0-bb239466f121, createdAt=2026-09-28T11:31:41, updatedAt=2026-09-28T11:31:44, url=null}, v3Metadata=Metadata{annotations={mta_id=incident-management, mta_version=1.0.0, mta_resource={"name":"incident-management-destination"}}, labels={mta_id=65411f2f607a75efbe525f81cfecafad}}, label=null, plan=null, provider=null, broker=null, version=null, credentials={}, syslogDrainUrl=null, tags=[], type=managed, lastOperation=null}, serviceKeyOperation=null, resourceName=null}]}"#
#2026 09 29 09:23:51.320#Z#DEBUG#7af2fbb9-bbe7-11f1-96da-eeee0a9cddf2.OPERATION#flowable-async-job-executor-thread-5126#
[BuildCloudUndeployModelStep] New service keys by service "{incident-management-auth=[incident-management-app-deployer-incident-management-auth-credentials, incident-management-auth-key], incident-management-html5-repo-host=[incident-management-app-deployer-incident-management-html5-repo-host-credentials, incident-management-html5-repo-host-key], incident-management-destination=[incident-management-destinations-incident-management-destination-credentials]}"#
#2026 09 29 09:23:51.321#Z#DEBUG#7af2fbb9-bbe7-11f1-96da-eeee0a9cddf2.OPERATION#flowable-async-job-executor-thread-5126#
[BuildCloudUndeployModelStep] Existing service keys by service "{}"#
#2026 09 29 09:23:51.321#Z#DEBUG#7af2fbb9-bbe7-11f1-96da-eeee0a9cddf2.OPERATION#flowable-async-job-executor-thread-5126#
[BuildCloudUndeployModelStep] Detected service keys to delete "[]"#
#2026 09 29 09:23:51.324#Z#DEBUG#7af2fbb9-bbe7-11f1-96da-eeee0a9cddf2.OPERATION#flowable-async-job-executor-thread-5126#
[BuildCloudUndeployModelStep] MTA modules: [incident-management-app-deployer, incident-management-db-deployer, incident-management-srv, incident-management-destinations]#
#2026 09 29 09:23:51.324#Z#DEBUG#7af2fbb9-bbe7-11f1-96da-eeee0a9cddf2.OPERATION#flowable-async-job-executor-thread-5126#
[BuildCloudUndeployModelStep] Modules to undeploy: [ ]#
#2026 09 29 09:23:51.324#Z#DEBUG#7af2fbb9-bbe7-11f1-96da-eeee0a9cddf2.OPERATION#flowable-async-job-executor-thread-5126#
[BuildCloudUndeployModelStep] Modules that won't be changed: [ ]#
#2026 09 29 09:23:51.325#Z#DEBUG#7af2fbb9-bbe7-11f1-96da-eeee0a9cddf2.OPERATION#flowable-async-job-executor-thread-5126#
[BuildCloudUndeployModelStep] Subscriptions to delete: [ ]#
#2026 09 29 09:23:51.327#Z#DEBUG#7af2fbb9-bbe7-11f1-96da-eeee0a9cddf2.OPERATION#flowable-async-job-executor-thread-5126#
[BuildCloudUndeployModelStep] Cloud services to delete: []#
#2026 09 29 09:23:51.327#Z#DEBUG#7af2fbb9-bbe7-11f1-96da-eeee0a9cddf2.OPERATION#flowable-async-job-executor-thread-5126#
[BuildCloudUndeployModelStep] Cloud applications to undeploy: [ ]#
#2026 09 29 09:23:51.330#Z#DEBUG#7af2fbb9-bbe7-11f1-96da-eeee0a9cddf2.OPERATION#flowable-async-job-executor-thread-5126#
[BuildCloudUndeployModelStep] Cloud undeployment model built#
#2026 09 29 09:23:51.330#Z#DEBUG#7af2fbb9-bbe7-11f1-96da-eeee0a9cddf2.OPERATION#flowable-async-job-executor-thread-5126#
Step "Build Undeploy Model" finished#
#2026 09 29 09:23:51.359#Z#DEBUG#7af2fbb9-bbe7-11f1-96da-eeee0a9cddf2.OPERATION#flowable-async-job-executor-thread-5130#
[AddDomainsStep] Executing task "addDomainsTask" of process "7af2fbdf-bbe7-11f1-96da-eeee0a9cddf2"...#
#2026 09 29 09:23:51.360#Z#DEBUG#7af2fbb9-bbe7-11f1-96da-eeee0a9cddf2.OPERATION#flowable-async-job-executor-thread-5130#
[AddDomainsStep] Custom domains: []#
#2026 09 29 09:23:51.360#Z#DEBUG#7af2fbb9-bbe7-11f1-96da-eeee0a9cddf2.OPERATION#flowable-async-job-executor-thread-5130#
Step "Add Domains" finished#
#2026 09 29 09:23:51.777#Z#DEBUG#7af2fbb9-bbe7-11f1-96da-eeee0a9cddf2.OPERATION#flowable-async-job-executor-thread-5130#
[ExtractBatchedServicesWithResolvedDynamicParametersStep] Executing task "prepareModulesDeploymentTask" of process "7bcb3427-bbe7-11f1-96da-eeee0a9cddf2"...#
#2026 09 29 09:23:51.778#Z#DEBUG#7af2fbb9-bbe7-11f1-96da-eeee0a9cddf2.OPERATION#flowable-async-job-executor-thread-5130#
[ExtractBatchedServicesWithResolvedDynamicParametersStep] Extracting services and resolving dynamic parameters from batch#
#2026 09 29 09:23:51.779#Z#DEBUG#7af2fbb9-bbe7-11f1-96da-eeee0a9cddf2.OPERATION#flowable-async-job-executor-thread-5130#
[ExtractBatchedServicesWithResolvedDynamicParametersStep] Services to create: [ {
  "isOptional" : false,
  "isManaged" : true,
  "name" : "********",
  "v3Metadata" : {
    "annotations" : {
      "mta_id" : "incident-management",
      "mta_version" : "1.0.0",
      "mta_resource" : "********"
    },
    "labels" : {
      "mta_id" : "65411f2f607a75efbe525f81cfecafad"
    }
  },
  "label" : "xsuaa",
  "plan" : "application",
  "credentials" : "********",
  "tags" : [ ],
  "type" : "managed",
  "resourceName" : "********",
  "shouldSkipParametersUpdate" : false,
  "shouldSkipPlanUpdate" : false,
  "shouldSkipTagsUpdate" : false,
  "shouldSkipSyslogUrlUpdate" : false
}, {
  "isOptional" : false,
  "isManaged" : true,
  "name" : "incident-management-db",
  "v3Metadata" : {
    "annotations" : {
      "mta_id" : "incident-management",
      "mta_version" : "1.0.0",
      "mta_resource" : "{\"name\":\"incident-management-db\"}"
    },
    "labels" : {
      "mta_id" : "65411f2f607a75efbe525f81cfecafad"
    }
  },
  "label" : "hana",
  "plan" : "hdi-shared",
  "credentials" : "********",
  "tags" : [ ],
  "type" : "managed",
  "resourceName" : "incident-management-db",
  "shouldSkipParametersUpdate" : false,
  "shouldSkipPlanUpdate" : false,
  "shouldSkipTagsUpdate" : false,
  "shouldSkipSyslogUrlUpdate" : false
}, {
  "isOptional" : false,
  "isManaged" : true,
  "name" : "incident-management-destination",
  "v3Metadata" : {
    "annotations" : {
      "mta_id" : "incident-management",
      "mta_version" : "1.0.0",
      "mta_resource" : "{\"name\":\"incident-management-destination\"}"
    },
    "labels" : {
      "mta_id" : "65411f2f607a75efbe525f81cfecafad"
    }
  },
  "label" : "destination",
  "plan" : "lite",
  "credentials" : "********",
  "tags" : [ ],
  "type" : "managed",
  "resourceName" : "incident-management-destination",
  "shouldSkipParametersUpdate" : false,
  "shouldSkipPlanUpdate" : false,
  "shouldSkipTagsUpdate" : false,
  "shouldSkipSyslogUrlUpdate" : false
}, {
  "isOptional" : false,
  "isManaged" : true,
  "name" : "incident-management-html5-repo-host",
  "v3Metadata" : {
    "annotations" : {
      "mta_id" : "incident-management",
      "mta_version" : "1.0.0",
      "mta_resource" : "{\"name\":\"incident-management-html5-repo-host\"}"
    },
    "labels" : {
      "mta_id" : "65411f2f607a75efbe525f81cfecafad"
    }
  },
  "label" : "html5-apps-repo",
  "plan" : "app-host",
  "credentials" : "********",
  "tags" : [ ],
  "type" : "managed",
  "resourceName" : "incident-management-html5-repo-host",
  "shouldSkipParametersUpdate" : false,
  "shouldSkipPlanUpdate" : false,
  "shouldSkipTagsUpdate" : false,
  "shouldSkipSyslogUrlUpdate" : false
} ]#
#2026 09 29 09:23:51.780#Z#DEBUG#7af2fbb9-bbe7-11f1-96da-eeee0a9cddf2.OPERATION#flowable-async-job-executor-thread-5130#
Step "Extract Services with Resolved Dynamic parameters from batch" finished#
#2026 09 29 09:23:51.862#Z#DEBUG#7af2fbb9-bbe7-11f1-96da-eeee0a9cddf2.OPERATION#flowable-async-job-executor-thread-5130#
[CheckServiceOperationStateStep] Executing task "CheckServiceOperationStateTask" of process "7c0cf762-bbe7-11f1-96da-eeee0a9cddf2"...#
#2026 09 29 09:23:51.863#Z#DEBUG#7af2fbb9-bbe7-11f1-96da-eeee0a9cddf2.OPERATION#flowable-async-job-executor-thread-5130#
[CheckServiceOperationStateStep] Getting service instance "incident-management-auth"...#
#2026 09 29 09:23:51.983#Z#DEBUG#7af2fbb9-bbe7-11f1-96da-eeee0a9cddf2.OPERATION#flowable-async-job-executor-thread-5130#
Step "Check for service operations in Progress" finished#
#2026 09 29 09:23:52.006#Z#DEBUG#7af2fbb9-bbe7-11f1-96da-eeee0a9cddf2.OPERATION#flowable-async-job-executor-thread-5131#
[DetermineServiceCreateUpdateServiceActionsStep] Executing task "DetermineServiceCreateUpdateActionsTask" of process "7c0cf762-bbe7-11f1-96da-eeee0a9cddf2"...#
#2026 09 29 09:23:52.008#Z#INFO#7af2fbb9-bbe7-11f1-96da-eeee0a9cddf2.OPERATION#flowable-async-job-executor-thread-5131#
[DetermineServiceCreateUpdateServiceActionsStep] Processing service "incident-management-auth"...#
#2026 09 29 09:23:52.012#Z#DEBUG#7af2fbb9-bbe7-11f1-96da-eeee0a9cddf2.OPERATION#flowable-async-job-executor-thread-5131#
[DetermineServiceCreateUpdateServiceActionsStep] Getting service instance "incident-management-auth"...#
#2026 09 29 09:23:52.139#Z#INFO#7af2fbb9-bbe7-11f1-96da-eeee0a9cddf2.OPERATION#flowable-async-job-executor-thread-5131#
[DetermineServiceCreateUpdateServiceActionsStep] Setting service "incident-management-auth" parameters from "xs-security.json"#
#2026 09 29 09:23:52.171#Z#DEBUG#7af2fbb9-bbe7-11f1-96da-eeee0a9cddf2.OPERATION#flowable-async-job-executor-thread-5131#
[DetermineServiceCreateUpdateServiceActionsStep] Existing service: {
  "name" : "********",
  "metadata" : {
    "guid" : "4e46ca65-dc0d-4c2c-881d-c824f76300de",
    "createdAt" : [ 2026, 9, 28, 11, 31, 43 ],
    "updatedAt" : [ 2026, 9, 28, 11, 31, 43 ]
  },
  "v3Metadata" : {
    "annotations" : {
      "mta_id" : "incident-management",
      "mta_version" : "1.0.0",
      "mta_resource" : "********"
    },
    "labels" : {
      "mta_id" : "65411f2f607a75efbe525f81cfecafad"
    }
  },
  "label" : "xsuaa",
  "plan" : "application",
  "credentials" : "********",
  "tags" : [ ],
  "type" : "managed",
  "lastOperation" : {
    "type" : "UPDATE",
    "description" : "",
    "state" : "SUCCEEDED"
  }
}#
#2026 09 29 09:23:52.171#Z#DEBUG#7af2fbb9-bbe7-11f1-96da-eeee0a9cddf2.OPERATION#flowable-async-job-executor-thread-5131#
[DetermineServiceCreateUpdateServiceActionsStep] Service parameters will be updated#
#2026 09 29 09:23:52.171#Z#DEBUG#7af2fbb9-bbe7-11f1-96da-eeee0a9cddf2.OPERATION#flowable-async-job-executor-thread-5131#
[DetermineServiceCreateUpdateServiceActionsStep] New parameters: {
  "attributes" : [ ],
  "oauth2-configuration" : "********",
  "role-collections" : [ {
    "description" : "generated",
    "name" : "support (incident-management 277e0127trial-dev)",
    "role-template-references" : [ "$XSAPPNAME.support" ]
  }, {
    "description" : "generated",
    "name" : "admin (incident-management 277e0127trial-dev)",
    "role-template-references" : [ "$XSAPPNAME.admin" ]
  } ],
  "role-templates" : [ {
    "name" : "support",
    "description" : "generated",
    "scope-references" : [ "$XSAPPNAME.support" ],
    "attribute-references" : [ ]
  }, {
    "name" : "admin",
    "description" : "generated",
    "scope-references" : [ "$XSAPPNAME.admin" ],
    "attribute-references" : [ ]
  } ],
  "scopes" : [ {
    "name" : "$XSAPPNAME.support",
    "description" : "support"
  }, {
    "name" : "$XSAPPNAME.admin",
    "description" : "admin"
  } ],
  "tenant-mode" : "dedicated",
  "xsappname" : "incident-management-277e0127trial-dev"
}#
#2026 09 29 09:23:52.171#Z#DEBUG#7af2fbb9-bbe7-11f1-96da-eeee0a9cddf2.OPERATION#flowable-async-job-executor-thread-5131#
Step "Determine update actions" finished#
#2026 09 29 09:23:52.205#Z#DEBUG#7af2fbb9-bbe7-11f1-96da-eeee0a9cddf2.OPERATION#flowable-async-job-executor-thread-5127#
[CheckForServiceBindingOrKeyOperationStep] Executing task "CheckForServiceBindingOrKeyCreation" of process "7c0cf762-bbe7-11f1-96da-eeee0a9cddf2"...#
#2026 09 29 09:23:52.206#Z#DEBUG#7af2fbb9-bbe7-11f1-96da-eeee0a9cddf2.OPERATION#flowable-async-job-executor-thread-5127#
Step "Check for service binding or key creation" finished#
#2026 09 29 09:23:52.196#Z#DEBUG#7af2fbb9-bbe7-11f1-96da-eeee0a9cddf2.OPERATION#flowable-async-job-executor-thread-5132#
[CheckServiceOperationStateStep] Executing task "CheckServiceOperationStateTask" of process "7c403c99-bbe7-11f1-96da-eeee0a9cddf2"...#
#2026 09 29 09:23:52.197#Z#DEBUG#7af2fbb9-bbe7-11f1-96da-eeee0a9cddf2.OPERATION#flowable-async-job-executor-thread-5132#
[CheckServiceOperationStateStep] Getting service instance "incident-management-db"...#
#2026 09 29 09:23:52.294#Z#DEBUG#7af2fbb9-bbe7-11f1-96da-eeee0a9cddf2.OPERATION#flowable-async-job-executor-thread-5132#
Step "Check for service operations in Progress" finished#
#2026 09 29 09:23:52.239#Z#DEBUG#7af2fbb9-bbe7-11f1-96da-eeee0a9cddf2.OPERATION#flowable-async-job-executor-thread-5126#
[UpdateServiceParametersStep] Executing task "UpdateServiceParametersTask" of process "7c0cf762-bbe7-11f1-96da-eeee0a9cddf2"...#
#2026 09 29 09:23:52.241#Z#INFO#7af2fbb9-bbe7-11f1-96da-eeee0a9cddf2.OPERATION#flowable-async-job-executor-thread-5126#
[UpdateServiceParametersStep] Updating service "incident-management-auth"...#
#2026 09 29 09:23:52.244#Z#DEBUG#7af2fbb9-bbe7-11f1-96da-eeee0a9cddf2.OPERATION#flowable-async-job-executor-thread-5126#
[UpdateServiceParametersStep] Updating service parameters for service "incident-management-auth"...#
#2026 09 29 09:23:52.340#Z#DEBUG#7af2fbb9-bbe7-11f1-96da-eeee0a9cddf2.OPERATION#flowable-async-job-executor-thread-5126#
[UpdateServiceParametersStep] Service "incident-management-auth" updated#
#2026 09 29 09:23:52.340#Z#DEBUG#7af2fbb9-bbe7-11f1-96da-eeee0a9cddf2.OPERATION#flowable-async-job-executor-thread-5126#
[UpdateServiceParametersStep] Triggered service operations: {
  "incident-management-auth" : "UPDATE"
}#
#2026 09 29 09:23:52.341#Z#DEBUG#7af2fbb9-bbe7-11f1-96da-eeee0a9cddf2.OPERATION#flowable-async-job-executor-thread-5126#
Step "Update parameters" finished#
#2026 09 29 09:23:52.320#Z#DEBUG#7af2fbb9-bbe7-11f1-96da-eeee0a9cddf2.OPERATION#flowable-async-job-executor-thread-5132#
[DetermineServiceCreateUpdateServiceActionsStep] Executing task "DetermineServiceCreateUpdateActionsTask" of process "7c403c99-bbe7-11f1-96da-eeee0a9cddf2"...#
#2026 09 29 09:23:52.321#Z#INFO#7af2fbb9-bbe7-11f1-96da-eeee0a9cddf2.OPERATION#flowable-async-job-executor-thread-5132#
[DetermineServiceCreateUpdateServiceActionsStep] Processing service "incident-management-db"...#
#2026 09 29 09:23:52.326#Z#DEBUG#7af2fbb9-bbe7-11f1-96da-eeee0a9cddf2.OPERATION#flowable-async-job-executor-thread-5132#
[DetermineServiceCreateUpdateServiceActionsStep] Getting service instance "incident-management-db"...#
#2026 09 29 09:23:52.444#Z#DEBUG#7af2fbb9-bbe7-11f1-96da-eeee0a9cddf2.OPERATION#flowable-async-job-executor-thread-5132#
[DetermineServiceCreateUpdateServiceActionsStep] Existing service: {
  "name" : "incident-management-db",
  "metadata" : {
    "guid" : "b37b783f-2d37-4a15-b37e-5ed681088085",
    "createdAt" : [ 2026, 9, 28, 11, 31, 42 ],
    "updatedAt" : [ 2026, 9, 28, 11, 31, 43 ]
  },
  "v3Metadata" : {
    "annotations" : {
      "mta_id" : "incident-management",
      "mta_version" : "1.0.0",
      "mta_resource" : "{\"name\":\"incident-management-db\"}"
    },
    "labels" : {
      "mta_id" : "65411f2f607a75efbe525f81cfecafad"
    }
  },
  "label" : "hana",
  "plan" : "hdi-shared",
  "credentials" : "********",
  "tags" : [ ],
  "type" : "managed",
  "lastOperation" : {
    "type" : "CREATE",
    "state" : "SUCCEEDED"
  }
}#
#2026 09 29 09:23:52.444#Z#WARN#7af2fbb9-bbe7-11f1-96da-eeee0a9cddf2.OPERATION#flowable-async-job-executor-thread-5132#
[DetermineServiceCreateUpdateServiceActionsStep] Service parameters for service "incident-management-db" will not be updated, as the parameters are not defined or empty.#
#2026 09 29 09:23:52.444#Z#DEBUG#7af2fbb9-bbe7-11f1-96da-eeee0a9cddf2.OPERATION#flowable-async-job-executor-thread-5132#
Step "Determine update actions" finished#
#2026 09 29 09:23:52.474#Z#DEBUG#7af2fbb9-bbe7-11f1-96da-eeee0a9cddf2.OPERATION#flowable-async-job-executor-thread-5132#
[CheckForServiceBindingOrKeyOperationStep] Executing task "CheckForServiceBindingOrKeyCreation" of process "7c403c99-bbe7-11f1-96da-eeee0a9cddf2"...#
#2026 09 29 09:23:52.475#Z#DEBUG#7af2fbb9-bbe7-11f1-96da-eeee0a9cddf2.OPERATION#flowable-async-job-executor-thread-5132#
Step "Check for service binding or key creation" finished#
#2026 09 29 09:23:53.050#Z#DEBUG#7af2fbb9-bbe7-11f1-96da-eeee0a9cddf2.OPERATION#flowable-async-job-executor-thread-6660#
[CheckServiceOperationStateStep] Executing task "CheckServiceOperationStateTask" of process "7cc2da6d-bbe7-11f1-8bc6-eeee0a95f271"...#
#2026 09 29 09:23:53.113#Z#DEBUG#7af2fbb9-bbe7-11f1-96da-eeee0a9cddf2.OPERATION#flowable-async-job-executor-thread-6660#
[CheckServiceOperationStateStep] Getting service instance "incident-management-destination"...#
#2026 09 29 09:23:53.264#Z#DEBUG#7af2fbb9-bbe7-11f1-96da-eeee0a9cddf2.OPERATION#flowable-async-job-executor-thread-6660#
Step "Check for service operations in Progress" finished#
#2026 09 29 09:23:53.103#Z#DEBUG#7af2fbb9-bbe7-11f1-96da-eeee0a9cddf2.OPERATION#flowable-async-job-executor-thread-4458#
[CheckServiceOperationStateStep] Executing task "CheckServiceOperationStateTask" of process "7cc9deec-bbe7-11f1-abd8-eeee0a85e26d"...#
#2026 09 29 09:23:53.167#Z#DEBUG#7af2fbb9-bbe7-11f1-96da-eeee0a9cddf2.OPERATION#flowable-async-job-executor-thread-4458#
[CheckServiceOperationStateStep] Getting service instance "incident-management-html5-repo-host"...#
#2026 09 29 09:23:53.299#Z#DEBUG#7af2fbb9-bbe7-11f1-96da-eeee0a9cddf2.OPERATION#flowable-async-job-executor-thread-4458#
Step "Check for service operations in Progress" finished#
#2026 09 29 09:23:53.286#Z#DEBUG#7af2fbb9-bbe7-11f1-96da-eeee0a9cddf2.OPERATION#flowable-async-job-executor-thread-6661#
[DetermineServiceCreateUpdateServiceActionsStep] Executing task "DetermineServiceCreateUpdateActionsTask" of process "7cc2da6d-bbe7-11f1-8bc6-eeee0a95f271"...#
#2026 09 29 09:23:53.287#Z#INFO#7af2fbb9-bbe7-11f1-96da-eeee0a9cddf2.OPERATION#flowable-async-job-executor-thread-6661#
[DetermineServiceCreateUpdateServiceActionsStep] Processing service "incident-management-destination"...#
#2026 09 29 09:23:53.291#Z#DEBUG#7af2fbb9-bbe7-11f1-96da-eeee0a9cddf2.OPERATION#flowable-async-job-executor-thread-6661#
[DetermineServiceCreateUpdateServiceActionsStep] Getting service instance "incident-management-destination"...#
#2026 09 29 09:23:53.430#Z#DEBUG#7af2fbb9-bbe7-11f1-96da-eeee0a9cddf2.OPERATION#flowable-async-job-executor-thread-6661#
[DetermineServiceCreateUpdateServiceActionsStep] Existing service: {
  "name" : "incident-management-destination",
  "metadata" : {
    "guid" : "b8b42d83-3fa8-483b-9ab0-bb239466f121",
    "createdAt" : [ 2026, 9, 28, 11, 31, 41 ],
    "updatedAt" : [ 2026, 9, 28, 11, 31, 44 ]
  },
  "v3Metadata" : {
    "annotations" : {
      "mta_id" : "incident-management",
      "mta_version" : "1.0.0",
      "mta_resource" : "{\"name\":\"incident-management-destination\"}"
    },
    "labels" : {
      "mta_id" : "65411f2f607a75efbe525f81cfecafad"
    }
  },
  "label" : "destination",
  "plan" : "lite",
  "credentials" : "********",
  "tags" : [ ],
  "type" : "managed",
  "lastOperation" : {
    "type" : "UPDATE",
    "description" : "",
    "state" : "SUCCEEDED"
  }
}#
#2026 09 29 09:23:53.430#Z#DEBUG#7af2fbb9-bbe7-11f1-96da-eeee0a9cddf2.OPERATION#flowable-async-job-executor-thread-6661#
[DetermineServiceCreateUpdateServiceActionsStep] Service parameters will be updated#
#2026 09 29 09:23:53.430#Z#DEBUG#7af2fbb9-bbe7-11f1-96da-eeee0a9cddf2.OPERATION#flowable-async-job-executor-thread-6661#
[DetermineServiceCreateUpdateServiceActionsStep] New parameters: {
  "HTML5Runtime_enabled" : true,
  "init_data" : {
    "instance" : {
      "destinations" : [ {
        "Authentication" : "********",
        "DynamicDestination" : true,
        "ForwardAuthToken" : "********",
        "Name" : "srv-api",
        "ProxyType" : "Internet",
        "Type" : "HTTP",
        "URL" : "https://277e0127trial-dev-incident-management-srv.cfapps.us10-001.hana.ondemand.com"
      } ],
      "existing_destinations_policy" : "update"
    }
  }
}#
#2026 09 29 09:23:53.430#Z#DEBUG#7af2fbb9-bbe7-11f1-96da-eeee0a9cddf2.OPERATION#flowable-async-job-executor-thread-6661#
Step "Determine update actions" finished#
#2026 09 29 09:23:53.454#Z#DEBUG#7af2fbb9-bbe7-11f1-96da-eeee0a9cddf2.OPERATION#flowable-async-job-executor-thread-6662#
[CheckForServiceBindingOrKeyOperationStep] Executing task "CheckForServiceBindingOrKeyCreation" of process "7cc2da6d-bbe7-11f1-8bc6-eeee0a95f271"...#
#2026 09 29 09:23:53.455#Z#DEBUG#7af2fbb9-bbe7-11f1-96da-eeee0a9cddf2.OPERATION#flowable-async-job-executor-thread-6662#
Step "Check for service binding or key creation" finished#
#2026 09 29 09:23:53.326#Z#DEBUG#7af2fbb9-bbe7-11f1-96da-eeee0a9cddf2.OPERATION#flowable-async-job-executor-thread-4459#
[DetermineServiceCreateUpdateServiceActionsStep] Executing task "DetermineServiceCreateUpdateActionsTask" of process "7cc9deec-bbe7-11f1-abd8-eeee0a85e26d"...#
#2026 09 29 09:23:53.328#Z#INFO#7af2fbb9-bbe7-11f1-96da-eeee0a9cddf2.OPERATION#flowable-async-job-executor-thread-4459#
[DetermineServiceCreateUpdateServiceActionsStep] Processing service "incident-management-html5-repo-host"...#
#2026 09 29 09:23:53.337#Z#DEBUG#7af2fbb9-bbe7-11f1-96da-eeee0a9cddf2.OPERATION#flowable-async-job-executor-thread-4459#
[DetermineServiceCreateUpdateServiceActionsStep] Getting service instance "incident-management-html5-repo-host"...#
#2026 09 29 09:23:53.473#Z#DEBUG#7af2fbb9-bbe7-11f1-96da-eeee0a9cddf2.OPERATION#flowable-async-job-executor-thread-4459#
[DetermineServiceCreateUpdateServiceActionsStep] Existing service: {
  "name" : "incident-management-html5-repo-host",
  "metadata" : {
    "guid" : "b1770e83-3369-4a6f-8da8-6095055fa6bd",
    "createdAt" : [ 2026, 9, 28, 11, 31, 42 ],
    "updatedAt" : [ 2026, 9, 28, 11, 31, 43 ]
  },
  "v3Metadata" : {
    "annotations" : {
      "mta_id" : "incident-management",
      "mta_version" : "1.0.0",
      "mta_resource" : "{\"name\":\"incident-management-html5-repo-host\"}"
    },
    "labels" : {
      "mta_id" : "65411f2f607a75efbe525f81cfecafad"
    }
  },
  "label" : "html5-apps-repo",
  "plan" : "app-host",
  "credentials" : "********",
  "tags" : [ ],
  "type" : "managed",
  "lastOperation" : {
    "type" : "CREATE",
    "description" : "",
    "state" : "SUCCEEDED"
  }
}#
#2026 09 29 09:23:53.473#Z#WARN#7af2fbb9-bbe7-11f1-96da-eeee0a9cddf2.OPERATION#flowable-async-job-executor-thread-4459#
[DetermineServiceCreateUpdateServiceActionsStep] Service parameters for service "incident-management-html5-repo-host" will not be updated, as the parameters are not defined or empty.#
#2026 09 29 09:23:53.473#Z#DEBUG#7af2fbb9-bbe7-11f1-96da-eeee0a9cddf2.OPERATION#flowable-async-job-executor-thread-4459#
Step "Determine update actions" finished#
#2026 09 29 09:23:53.512#Z#DEBUG#7af2fbb9-bbe7-11f1-96da-eeee0a9cddf2.OPERATION#flowable-async-job-executor-thread-4460#
[CheckForServiceBindingOrKeyOperationStep] Executing task "CheckForServiceBindingOrKeyCreation" of process "7cc9deec-bbe7-11f1-abd8-eeee0a85e26d"...#
#2026 09 29 09:23:53.514#Z#DEBUG#7af2fbb9-bbe7-11f1-96da-eeee0a9cddf2.OPERATION#flowable-async-job-executor-thread-4460#
Step "Check for service binding or key creation" finished#
#2026 09 29 09:23:53.477#Z#DEBUG#7af2fbb9-bbe7-11f1-96da-eeee0a9cddf2.OPERATION#flowable-async-job-executor-thread-6663#
[UpdateServiceParametersStep] Executing task "UpdateServiceParametersTask" of process "7cc2da6d-bbe7-11f1-8bc6-eeee0a95f271"...#
#2026 09 29 09:23:53.479#Z#INFO#7af2fbb9-bbe7-11f1-96da-eeee0a9cddf2.OPERATION#flowable-async-job-executor-thread-6663#
[UpdateServiceParametersStep] Updating service "incident-management-destination"...#
#2026 09 29 09:23:53.482#Z#DEBUG#7af2fbb9-bbe7-11f1-96da-eeee0a9cddf2.OPERATION#flowable-async-job-executor-thread-6663#
[UpdateServiceParametersStep] Updating service parameters for service "incident-management-destination"...#
#2026 09 29 09:23:53.596#Z#DEBUG#7af2fbb9-bbe7-11f1-96da-eeee0a9cddf2.OPERATION#flowable-async-job-executor-thread-6663#
[UpdateServiceParametersStep] Service "incident-management-destination" updated#
#2026 09 29 09:23:53.596#Z#DEBUG#7af2fbb9-bbe7-11f1-96da-eeee0a9cddf2.OPERATION#flowable-async-job-executor-thread-6663#
[UpdateServiceParametersStep] Triggered service operations: {
  "incident-management-destination" : "UPDATE"
}#
#2026 09 29 09:23:53.598#Z#DEBUG#7af2fbb9-bbe7-11f1-96da-eeee0a9cddf2.OPERATION#flowable-async-job-executor-thread-6663#
Step "Update parameters" finished#
#2026 09 29 09:24:03.794#Z#DEBUG#7af2fbb9-bbe7-11f1-96da-eeee0a9cddf2.OPERATION#flowable-async-job-executor-thread-6672#
[UpdateServiceParametersStep] Executing task "UpdateServiceParametersTask" of process "7c0cf762-bbe7-11f1-96da-eeee0a9cddf2"...#
#2026 09 29 09:24:03.795#Z#DEBUG#7af2fbb9-bbe7-11f1-96da-eeee0a9cddf2.OPERATION#flowable-async-job-executor-thread-6672#
[UpdateServiceParametersStep] Polling service operations...#
#2026 09 29 09:24:03.795#Z#DEBUG#7af2fbb9-bbe7-11f1-96da-eeee0a9cddf2.OPERATION#flowable-async-job-executor-thread-6673#
[UpdateServiceParametersStep] Executing task "UpdateServiceParametersTask" of process "7cc2da6d-bbe7-11f1-8bc6-eeee0a95f271"...#
#2026 09 29 09:24:03.796#Z#DEBUG#7af2fbb9-bbe7-11f1-96da-eeee0a9cddf2.OPERATION#flowable-async-job-executor-thread-6673#
[UpdateServiceParametersStep] Polling service operations...#
#2026 09 29 09:24:03.797#Z#DEBUG#7af2fbb9-bbe7-11f1-96da-eeee0a9cddf2.OPERATION#flowable-async-job-executor-thread-6672#
[UpdateServiceParametersStep] Getting service instance "incident-management-auth"...#
#2026 09 29 09:24:03.798#Z#DEBUG#7af2fbb9-bbe7-11f1-96da-eeee0a9cddf2.OPERATION#flowable-async-job-executor-thread-6673#
[UpdateServiceParametersStep] Getting service instance "incident-management-destination"...#
#2026 09 29 09:24:03.914#Z#DEBUG#7af2fbb9-bbe7-11f1-96da-eeee0a9cddf2.OPERATION#flowable-async-job-executor-thread-6672#
[UpdateServiceParametersStep] Last operation for service "incident-management-auth": {
  "type" : "UPDATE",
  "description" : "",
  "state" : "SUCCEEDED"
}#
#2026 09 29 09:24:03.914#Z#DEBUG#7af2fbb9-bbe7-11f1-96da-eeee0a9cddf2.OPERATION#flowable-async-job-executor-thread-6672#
[UpdateServiceParametersStep] Service "incident-management-auth" updated#
#2026 09 29 09:24:03.914#Z#INFO#7af2fbb9-bbe7-11f1-96da-eeee0a9cddf2.OPERATION#flowable-async-job-executor-thread-6672#
[UpdateServiceParametersStep] 1 of 1 done#
#2026 09 29 09:24:03.918#Z#DEBUG#7af2fbb9-bbe7-11f1-96da-eeee0a9cddf2.OPERATION#flowable-async-job-executor-thread-6672#
[UpdateServiceParametersStep] Remaining services to poll: [ ]#
#2026 09 29 09:24:03.919#Z#DEBUG#7af2fbb9-bbe7-11f1-96da-eeee0a9cddf2.OPERATION#flowable-async-job-executor-thread-6673#
[UpdateServiceParametersStep] Last operation for service "incident-management-destination": {
  "type" : "UPDATE",
  "description" : "",
  "state" : "SUCCEEDED"
}#
#2026 09 29 09:24:03.919#Z#DEBUG#7af2fbb9-bbe7-11f1-96da-eeee0a9cddf2.OPERATION#flowable-async-job-executor-thread-6673#
[UpdateServiceParametersStep] Service "incident-management-destination" updated#
#2026 09 29 09:24:03.919#Z#INFO#7af2fbb9-bbe7-11f1-96da-eeee0a9cddf2.OPERATION#flowable-async-job-executor-thread-6673#
[UpdateServiceParametersStep] 1 of 1 done#
#2026 09 29 09:24:03.919#Z#DEBUG#7af2fbb9-bbe7-11f1-96da-eeee0a9cddf2.OPERATION#flowable-async-job-executor-thread-6672#
Step "Update parameters" finished#
#2026 09 29 09:24:03.923#Z#DEBUG#7af2fbb9-bbe7-11f1-96da-eeee0a9cddf2.OPERATION#flowable-async-job-executor-thread-6673#
[UpdateServiceParametersStep] Remaining services to poll: [ ]#
#2026 09 29 09:24:03.924#Z#DEBUG#7af2fbb9-bbe7-11f1-96da-eeee0a9cddf2.OPERATION#flowable-async-job-executor-thread-6673#
Step "Update parameters" finished#
#2026 09 29 09:24:04.326#Z#DEBUG#7af2fbb9-bbe7-11f1-96da-eeee0a9cddf2.OPERATION#flowable-async-job-executor-thread-5136#
[PrepareModulesDeploymentStep] Executing task "prepareModulesDeploymentTask" of process "837aabf1-bbe7-11f1-96da-eeee0a9cddf2"...#
#2026 09 29 09:24:04.327#Z#DEBUG#7af2fbb9-bbe7-11f1-96da-eeee0a9cddf2.OPERATION#flowable-async-job-executor-thread-5136#
[PrepareModulesDeploymentStep] Preparing modules deployment...#
#2026 09 29 09:24:04.331#Z#DEBUG#7af2fbb9-bbe7-11f1-96da-eeee0a9cddf2.OPERATION#flowable-async-job-executor-thread-5136#
Step "Prepare Modules Deployment" finished#
#2026 09 29 09:24:04.359#Z#DEBUG#7af2fbb9-bbe7-11f1-96da-eeee0a9cddf2.OPERATION#flowable-async-job-executor-thread-5137#
[ComputeNextModulesStep] Executing task "computeNextModulesToDeployInParallel" of process "837aabf1-bbe7-11f1-96da-eeee0a9cddf2"...#
#2026 09 29 09:24:04.360#Z#DEBUG#7af2fbb9-bbe7-11f1-96da-eeee0a9cddf2.OPERATION#flowable-async-job-executor-thread-5137#
[ComputeNextModulesStep] Computing modules for next parallel iteration...#
#2026 09 29 09:24:04.362#Z#DEBUG#7af2fbb9-bbe7-11f1-96da-eeee0a9cddf2.OPERATION#flowable-async-job-executor-thread-5137#
[ComputeNextModulesStep] Completed modules detected: []#
#2026 09 29 09:24:04.362#Z#DEBUG#7af2fbb9-bbe7-11f1-96da-eeee0a9cddf2.OPERATION#flowable-async-job-executor-thread-5137#
[ComputeNextModulesStep] All modules for deploy detected: [incident-management-app-deployer, incident-management-db-deployer, incident-management-srv, incident-management-destinations]#
#2026 09 29 09:24:04.362#Z#DEBUG#7af2fbb9-bbe7-11f1-96da-eeee0a9cddf2.OPERATION#flowable-async-job-executor-thread-5137#
[ComputeNextModulesStep] Modules not for deploy detected: []#
#2026 09 29 09:24:04.363#Z#DEBUG#7af2fbb9-bbe7-11f1-96da-eeee0a9cddf2.OPERATION#flowable-async-job-executor-thread-5137#
[ComputeNextModulesStep] Computed modules for next parallel iteration: [ {
  "majorSchemaVersion" : 3,
  "name" : "incident-management-srv",
  "type" : "javascript.nodejs",
  "path" : "incident-management-srv",
  "properties" : { },
  "parameters" : {
    "app-name" : "incident-management-srv",
    "buildpack" : "nodejs_buildpack",
    "default-app-name" : "incident-management-srv",
    "default-host" : "277e0127trial-dev-incident-management-srv",
    "default-instances" : 1,
    "default-live-app-name" : "incident-management-srv",
    "default-live-domain" : "cfapps.us10-001.hana.ondemand.com",
    "default-live-host" : "277e0127trial-dev-incident-management-srv",
    "default-live-uri" : "277e0127trial-dev-incident-management-srv.cfapps.us10-001.hana.ondemand.com",
    "default-live-url" : "https://277e0127trial-dev-incident-management-srv.cfapps.us10-001.hana.ondemand.com",
    "default-uri" : "277e0127trial-dev-incident-management-srv.cfapps.us10-001.hana.ondemand.com",
    "default-url" : "https://277e0127trial-dev-incident-management-srv.cfapps.us10-001.hana.ondemand.com",
    "dependency-type" : "soft",
    "domain" : "cfapps.us10-001.hana.ondemand.com",
    "generated-password" : "********",
    "generated-user" : "********",
    "host" : "277e0127trial-dev-incident-management-srv",
    "instances" : 1,
    "protocol" : "https"
  },
  "requiredDependencies" : [ {
    "majorSchemaVersion" : 3,
    "name" : "********",
    "properties" : { },
    "parameters" : { },
    "propertiesMetadata" : {
      "metadata" : { }
    },
    "parametersMetadata" : {
      "metadata" : { }
    }
  }, {
    "majorSchemaVersion" : 3,
    "name" : "incident-management-db",
    "properties" : { },
    "parameters" : { },
    "propertiesMetadata" : {
      "metadata" : { }
    },
    "parametersMetadata" : {
      "metadata" : { }
    }
  }, {
    "majorSchemaVersion" : 3,
    "name" : "incident-management-destination",
    "properties" : { },
    "parameters" : { },
    "propertiesMetadata" : {
      "metadata" : { }
    },
    "parametersMetadata" : {
      "metadata" : { }
    }
  } ],
  "providedDependencies" : [ {
    "majorSchemaVersion" : 3,
    "name" : "srv-api",
    "isPublic" : false,
    "properties" : {
      "srv-url" : "https://277e0127trial-dev-incident-management-srv.cfapps.us10-001.hana.ondemand.com"
    },
    "parameters" : { },
    "propertiesMetadata" : {
      "metadata" : { }
    },
    "parametersMetadata" : {
      "metadata" : { }
    }
  }, {
    "majorSchemaVersion" : 3,
    "name" : "incident-management-srv",
    "isPublic" : false,
    "properties" : { },
    "parameters" : { },
    "propertiesMetadata" : {
      "metadata" : { }
    },
    "parametersMetadata" : {
      "metadata" : { }
    }
  } ],
  "propertiesMetadata" : {
    "metadata" : { }
  },
  "parametersMetadata" : {
    "metadata" : { }
  },
  "deployedAfter" : [ ],
  "hooks" : [ ]
}, {
  "majorSchemaVersion" : 3,
  "name" : "incident-management-db-deployer",
  "type" : "com.sap.xs.hdi",
  "path" : "incident-management-db-deployer",
  "properties" : {
    "EXIT" : 1
  },
  "parameters" : {
    "app-name" : "incident-management-db-deployer",
    "buildpack" : "nodejs_buildpack",
    "default-app-name" : "incident-management-db-deployer",
    "default-host" : "277e0127trial-dev-incident-management-db-deployer",
    "default-instances" : 1,
    "default-live-app-name" : "incident-management-db-deployer",
    "default-live-domain" : "cfapps.us10-001.hana.ondemand.com",
    "default-live-host" : "277e0127trial-dev-incident-management-db-deployer",
    "default-live-uri" : "277e0127trial-dev-incident-management-db-deployer.cfapps.us10-001.hana.ondemand.com",
    "default-live-url" : "https://277e0127trial-dev-incident-management-db-deployer.cfapps.us10-001.hana.ondemand.com",
    "default-uri" : "277e0127trial-dev-incident-management-db-deployer.cfapps.us10-001.hana.ondemand.com",
    "default-url" : "https://277e0127trial-dev-incident-management-db-deployer.cfapps.us10-001.hana.ondemand.com",
    "dependency-type" : "hard",
    "domain" : "cfapps.us10-001.hana.ondemand.com",
    "generated-password" : "********",
    "generated-user" : "********",
    "host" : "277e0127trial-dev-incident-management-db-deployer",
    "instances" : 1,
    "memory" : "256M",
    "no-route" : true,
    "no-start" : true,
    "protocol" : "https",
    "tasks" : [ {
      "command" : "npm start",
      "memory" : "256M",
      "name" : "deploy"
    } ]
  },
  "requiredDependencies" : [ {
    "majorSchemaVersion" : 3,
    "name" : "incident-management-db",
    "properties" : { },
    "parameters" : { },
    "propertiesMetadata" : {
      "metadata" : { }
    },
    "parametersMetadata" : {
      "metadata" : { }
    }
  } ],
  "providedDependencies" : [ {
    "majorSchemaVersion" : 3,
    "name" : "incident-management-db-deployer",
    "isPublic" : false,
    "properties" : { },
    "parameters" : { },
    "propertiesMetadata" : {
      "metadata" : { }
    },
    "parametersMetadata" : {
      "metadata" : { }
    }
  } ],
  "propertiesMetadata" : {
    "metadata" : { }
  },
  "parametersMetadata" : {
    "metadata" : { }
  },
  "deployedAfter" : [ ],
  "hooks" : [ ]
}, {
  "majorSchemaVersion" : 3,
  "name" : "incident-management-app-deployer",
  "type" : "com.sap.application.content",
  "path" : "incident-management-app-deployer",
  "properties" : { },
  "parameters" : {
    "app-name" : "incident-management-app-deployer",
    "config" : {
      "destinations" : [ {
        "Authentication" : "********",
        "DynamicDestination" : true,
        "ForwardAuthToken" : "********",
        "Name" : "srv-api",
        "ProxyType" : "Internet",
        "Type" : "HTTP",
        "URL" : "https://277e0127trial-dev-incident-management-srv.cfapps.us10-001.hana.ondemand.com"
      } ]
    },
    "default-app-name" : "incident-management-app-deployer",
    "default-host" : "277e0127trial-dev-incident-management-app-deployer",
    "default-instances" : 1,
    "default-live-app-name" : "incident-management-app-deployer",
    "default-live-domain" : "cfapps.us10-001.hana.ondemand.com",
    "default-live-host" : "277e0127trial-dev-incident-management-app-deployer",
    "default-live-uri" : "277e0127trial-dev-incident-management-app-deployer.cfapps.us10-001.hana.ondemand.com",
    "default-live-url" : "https://277e0127trial-dev-incident-management-app-deployer.cfapps.us10-001.hana.ondemand.com",
    "default-uri" : "277e0127trial-dev-incident-management-app-deployer.cfapps.us10-001.hana.ondemand.com",
    "default-url" : "https://277e0127trial-dev-incident-management-app-deployer.cfapps.us10-001.hana.ondemand.com",
    "dependency-type" : "soft",
    "domain" : "cfapps.us10-001.hana.ondemand.com",
    "generated-password" : "********",
    "generated-user" : "********",
    "host" : "277e0127trial-dev-incident-management-app-deployer",
    "instances" : 1,
    "protocol" : "https"
  },
  "requiredDependencies" : [ {
    "majorSchemaVersion" : 3,
    "name" : "********",
    "properties" : { },
    "parameters" : { },
    "propertiesMetadata" : {
      "metadata" : { }
    },
    "parametersMetadata" : {
      "metadata" : { }
    }
  }, {
    "majorSchemaVersion" : 3,
    "name" : "srv-api",
    "properties" : { },
    "parameters" : { },
    "propertiesMetadata" : {
      "metadata" : { }
    },
    "parametersMetadata" : {
      "metadata" : { }
    }
  }, {
    "majorSchemaVersion" : 3,
    "name" : "incident-management-html5-repo-host",
    "properties" : { },
    "parameters" : {
      "config" : {
        "HTML5Runtime_enabled" : true
      },
      "content-target" : true
    },
    "propertiesMetadata" : {
      "metadata" : { }
    },
    "parametersMetadata" : {
      "metadata" : { }
    }
  } ],
  "providedDependencies" : [ {
    "majorSchemaVersion" : 3,
    "name" : "incident-management-app-deployer",
    "isPublic" : false,
    "properties" : { },
    "parameters" : { },
    "propertiesMetadata" : {
      "metadata" : { }
    },
    "parametersMetadata" : {
      "metadata" : { }
    }
  } ],
  "propertiesMetadata" : {
    "metadata" : { }
  },
  "parametersMetadata" : {
    "metadata" : { }
  },
  "deployedAfter" : [ ],
  "hooks" : [ ]
}, {
  "majorSchemaVersion" : 3,
  "name" : "incident-management-destinations",
  "type" : "com.sap.application.content",
  "properties" : { },
  "parameters" : {
    "app-name" : "incident-management-destinations",
    "content" : {
      "instance" : {
        "destinations" : [ {
          "Name" : "incident-management-html5-repository",
          "ServiceInstanceName" : "incident-management-html5-repo-host",
          "ServiceKeyName" : "********",
          "sap.cloud.service" : "incidentmanagement.service"
        }, {
          "Authentication" : "********",
          "Name" : "********",
          "ServiceInstanceName" : "********",
          "ServiceKeyName" : "********",
          "sap.cloud.service" : "incidentmanagement.service"
        } ],
        "existing_destinations_policy" : "update"
      }
    },
    "default-app-name" : "incident-management-destinations",
    "default-host" : "277e0127trial-dev-incident-management-destinations",
    "default-instances" : 1,
    "default-live-app-name" : "incident-management-destinations",
    "default-live-domain" : "cfapps.us10-001.hana.ondemand.com",
    "default-live-host" : "277e0127trial-dev-incident-management-destinations",
    "default-live-uri" : "277e0127trial-dev-incident-management-destinations.cfapps.us10-001.hana.ondemand.com",
    "default-live-url" : "https://277e0127trial-dev-incident-management-destinations.cfapps.us10-001.hana.ondemand.com",
    "default-uri" : "277e0127trial-dev-incident-management-destinations.cfapps.us10-001.hana.ondemand.com",
    "default-url" : "https://277e0127trial-dev-incident-management-destinations.cfapps.us10-001.hana.ondemand.com",
    "dependency-type" : "soft",
    "domain" : "cfapps.us10-001.hana.ondemand.com",
    "generated-password" : "********",
    "generated-user" : "********",
    "host" : "277e0127trial-dev-incident-management-destinations",
    "instances" : 1,
    "protocol" : "https"
  },
  "requiredDependencies" : [ {
    "majorSchemaVersion" : 3,
    "name" : "********",
    "properties" : { },
    "parameters" : {
      "service-key" : "********"
    },
    "propertiesMetadata" : {
      "metadata" : { }
    },
    "parametersMetadata" : {
      "metadata" : { }
    }
  }, {
    "majorSchemaVersion" : 3,
    "name" : "incident-management-html5-repo-host",
    "properties" : { },
    "parameters" : {
      "service-key" : "********"
    },
    "propertiesMetadata" : {
      "metadata" : { }
    },
    "parametersMetadata" : {
      "metadata" : { }
    }
  }, {
    "majorSchemaVersion" : 3,
    "name" : "srv-api",
    "properties" : { },
    "parameters" : { },
    "propertiesMetadata" : {
      "metadata" : { }
    },
    "parametersMetadata" : {
      "metadata" : { }
    }
  }, {
    "majorSchemaVersion" : 3,
    "name" : "incident-management-destination",
    "properties" : { },
    "parameters" : {
      "content-target" : true
    },
    "propertiesMetadata" : {
      "metadata" : { }
    },
    "parametersMetadata" : {
      "metadata" : { }
    }
  } ],
  "providedDependencies" : [ {
    "majorSchemaVersion" : 3,
    "name" : "incident-management-destinations",
    "isPublic" : false,
    "properties" : { },
    "parameters" : { },
    "propertiesMetadata" : {
      "metadata" : { }
    },
    "parametersMetadata" : {
      "metadata" : { }
    }
  } ],
  "propertiesMetadata" : {
    "metadata" : { }
  },
  "parametersMetadata" : {
    "metadata" : { }
  },
  "deployedAfter" : [ ],
  "hooks" : [ ]
} ]#
#2026 09 29 09:24:04.363#Z#DEBUG#7af2fbb9-bbe7-11f1-96da-eeee0a9cddf2.OPERATION#flowable-async-job-executor-thread-5137#
Step "Compute Next Modules To Deploy" finished#
#2026 09 29 09:24:04.496#Z#DEBUG#7af2fbb9-bbe7-11f1-96da-eeee0a9cddf2.OPERATION#flowable-async-job-executor-thread-5139#
[ProcessDescriptorStep] Executing task "reprocessDescriptorTask" of process "838f4539-bbe7-11f1-96da-eeee0a9cddf2"...#
#2026 09 29 09:24:04.497#Z#DEBUG#7af2fbb9-bbe7-11f1-96da-eeee0a9cddf2.OPERATION#flowable-async-job-executor-thread-5139#
[ProcessDescriptorStep] Resolving properties and parameters in merged descriptor...#
#2026 09 29 09:24:04.500#Z#DEBUG#7af2fbb9-bbe7-11f1-96da-eeee0a9cddf2.OPERATION#flowable-async-job-executor-thread-5139#
[ProcessDescriptorStep] Subscriptions: [ ]#
#2026 09 29 09:24:04.505#Z#DEBUG#7af2fbb9-bbe7-11f1-96da-eeee0a9cddf2.OPERATION#flowable-async-job-executor-thread-5139#
[ProcessDescriptorStep] MTA modules: [incident-management-app-deployer, incident-management-db-deployer, incident-management-srv, incident-management-destinations]#
#2026 09 29 09:24:04.507#Z#DEBUG#7af2fbb9-bbe7-11f1-96da-eeee0a9cddf2.OPERATION#flowable-async-job-executor-thread-5139#
[ProcessDescriptorStep] Resolved deployment descriptor: {
  "majorSchemaVersion" : 3,
  "schemaVersion" : "3.3.0",
  "id" : "incident-management",
  "version" : "1.0.0",
  "modules" : [ {
    "majorSchemaVersion" : 3,
    "name" : "incident-management-srv",
    "type" : "javascript.nodejs",
    "path" : "incident-management-srv",
    "properties" : { },
    "parameters" : {
      "default-url" : "https://277e0127trial-dev-incident-management-srv.cfapps.us10-001.hana.ondemand.com",
      "default-app-name" : "incident-management-srv",
      "generated-password" : "********",
      "default-live-url" : "https://277e0127trial-dev-incident-management-srv.cfapps.us10-001.hana.ondemand.com",
      "default-uri" : "277e0127trial-dev-incident-management-srv.cfapps.us10-001.hana.ondemand.com",
      "default-instances" : 1,
      "default-live-host" : "277e0127trial-dev-incident-management-srv",
      "instances" : 1,
      "buildpack" : "nodejs_buildpack",
      "default-host" : "277e0127trial-dev-incident-management-srv",
      "app-name" : "incident-management-srv",
      "default-live-uri" : "277e0127trial-dev-incident-management-srv.cfapps.us10-001.hana.ondemand.com",
      "protocol" : "https",
      "default-live-app-name" : "incident-management-srv",
      "default-live-domain" : "cfapps.us10-001.hana.ondemand.com",
      "domain" : "cfapps.us10-001.hana.ondemand.com",
      "host" : "277e0127trial-dev-incident-management-srv",
      "generated-user" : "********"
    },
    "requiredDependencies" : [ {
      "majorSchemaVersion" : 3,
      "name" : "********",
      "properties" : { },
      "parameters" : { },
      "propertiesMetadata" : {
        "metadata" : { }
      },
      "parametersMetadata" : {
        "metadata" : { }
      }
    }, {
      "majorSchemaVersion" : 3,
      "name" : "incident-management-db",
      "properties" : { },
      "parameters" : { },
      "propertiesMetadata" : {
        "metadata" : { }
      },
      "parametersMetadata" : {
        "metadata" : { }
      }
    }, {
      "majorSchemaVersion" : 3,
      "name" : "incident-management-destination",
      "properties" : { },
      "parameters" : { },
      "propertiesMetadata" : {
        "metadata" : { }
      },
      "parametersMetadata" : {
        "metadata" : { }
      }
    } ],
    "providedDependencies" : [ {
      "majorSchemaVersion" : 3,
      "name" : "srv-api",
      "isPublic" : false,
      "properties" : {
        "srv-url" : "https://277e0127trial-dev-incident-management-srv.cfapps.us10-001.hana.ondemand.com"
      },
      "parameters" : { },
      "propertiesMetadata" : {
        "metadata" : { }
      },
      "parametersMetadata" : {
        "metadata" : { }
      }
    }, {
      "majorSchemaVersion" : 3,
      "name" : "incident-management-srv",
      "isPublic" : false,
      "properties" : { },
      "parameters" : { },
      "propertiesMetadata" : {
        "metadata" : { }
      },
      "parametersMetadata" : {
        "metadata" : { }
      }
    } ],
    "propertiesMetadata" : {
      "metadata" : { }
    },
    "parametersMetadata" : {
      "metadata" : { }
    },
    "hooks" : [ ]
  }, {
    "majorSchemaVersion" : 3,
    "name" : "incident-management-db-deployer",
    "type" : "com.sap.xs.hdi",
    "path" : "incident-management-db-deployer",
    "properties" : {
      "EXIT" : 1
    },
    "parameters" : {
      "default-url" : "https://277e0127trial-dev-incident-management-db-deployer.cfapps.us10-001.hana.ondemand.com",
      "default-app-name" : "incident-management-db-deployer",
      "generated-password" : "********",
      "default-live-url" : "https://277e0127trial-dev-incident-management-db-deployer.cfapps.us10-001.hana.ondemand.com",
      "default-uri" : "277e0127trial-dev-incident-management-db-deployer.cfapps.us10-001.hana.ondemand.com",
      "memory" : "256M",
      "default-instances" : 1,
      "no-route" : true,
      "default-live-host" : "277e0127trial-dev-incident-management-db-deployer",
      "instances" : 1,
      "buildpack" : "nodejs_buildpack",
      "default-host" : "277e0127trial-dev-incident-management-db-deployer",
      "app-name" : "incident-management-db-deployer",
      "default-live-uri" : "277e0127trial-dev-incident-management-db-deployer.cfapps.us10-001.hana.ondemand.com",
      "protocol" : "https",
      "default-live-app-name" : "incident-management-db-deployer",
      "default-live-domain" : "cfapps.us10-001.hana.ondemand.com",
      "dependency-type" : "hard",
      "domain" : "cfapps.us10-001.hana.ondemand.com",
      "host" : "277e0127trial-dev-incident-management-db-deployer",
      "generated-user" : "********",
      "tasks" : [ {
        "command" : "npm start",
        "memory" : "256M",
        "name" : "deploy"
      } ],
      "no-start" : true
    },
    "requiredDependencies" : [ {
      "majorSchemaVersion" : 3,
      "name" : "incident-management-db",
      "properties" : { },
      "parameters" : { },
      "propertiesMetadata" : {
        "metadata" : { }
      },
      "parametersMetadata" : {
        "metadata" : { }
      }
    } ],
    "providedDependencies" : [ {
      "majorSchemaVersion" : 3,
      "name" : "incident-management-db-deployer",
      "isPublic" : false,
      "properties" : { },
      "parameters" : { },
      "propertiesMetadata" : {
        "metadata" : { }
      },
      "parametersMetadata" : {
        "metadata" : { }
      }
    } ],
    "propertiesMetadata" : {
      "metadata" : { }
    },
    "parametersMetadata" : {
      "metadata" : { }
    },
    "hooks" : [ ]
  }, {
    "majorSchemaVersion" : 3,
    "name" : "incident-management-app-deployer",
    "type" : "com.sap.application.content",
    "path" : "incident-management-app-deployer",
    "properties" : { },
    "parameters" : {
      "default-url" : "https://277e0127trial-dev-incident-management-app-deployer.cfapps.us10-001.hana.ondemand.com",
      "default-app-name" : "incident-management-app-deployer",
      "generated-password" : "********",
      "default-live-url" : "https://277e0127trial-dev-incident-management-app-deployer.cfapps.us10-001.hana.ondemand.com",
      "default-uri" : "277e0127trial-dev-incident-management-app-deployer.cfapps.us10-001.hana.ondemand.com",
      "default-instances" : 1,
      "default-live-host" : "277e0127trial-dev-incident-management-app-deployer",
      "instances" : 1,
      "default-host" : "277e0127trial-dev-incident-management-app-deployer",
      "app-name" : "incident-management-app-deployer",
      "default-live-uri" : "277e0127trial-dev-incident-management-app-deployer.cfapps.us10-001.hana.ondemand.com",
      "protocol" : "https",
      "default-live-app-name" : "incident-management-app-deployer",
      "default-live-domain" : "cfapps.us10-001.hana.ondemand.com",
      "domain" : "cfapps.us10-001.hana.ondemand.com",
      "host" : "277e0127trial-dev-incident-management-app-deployer",
      "generated-user" : "********",
      "config" : {
        "destinations" : [ {
          "Authentication" : "********",
          "DynamicDestination" : true,
          "ForwardAuthToken" : "********",
          "Name" : "srv-api",
          "ProxyType" : "Internet",
          "Type" : "HTTP",
          "URL" : "https://277e0127trial-dev-incident-management-srv.cfapps.us10-001.hana.ondemand.com"
        } ]
      }
    },
    "requiredDependencies" : [ {
      "majorSchemaVersion" : 3,
      "name" : "********",
      "properties" : { },
      "parameters" : { },
      "propertiesMetadata" : {
        "metadata" : { }
      },
      "parametersMetadata" : {
        "metadata" : { }
      }
    }, {
      "majorSchemaVersion" : 3,
      "name" : "srv-api",
      "properties" : { },
      "parameters" : { },
      "propertiesMetadata" : {
        "metadata" : { }
      },
      "parametersMetadata" : {
        "metadata" : { }
      }
    }, {
      "majorSchemaVersion" : 3,
      "name" : "incident-management-html5-repo-host",
      "properties" : { },
      "parameters" : {
        "config" : {
          "HTML5Runtime_enabled" : true
        },
        "content-target" : true
      },
      "propertiesMetadata" : {
        "metadata" : { }
      },
      "parametersMetadata" : {
        "metadata" : { }
      }
    } ],
    "providedDependencies" : [ {
      "majorSchemaVersion" : 3,
      "name" : "incident-management-app-deployer",
      "isPublic" : false,
      "properties" : { },
      "parameters" : { },
      "propertiesMetadata" : {
        "metadata" : { }
      },
      "parametersMetadata" : {
        "metadata" : { }
      }
    } ],
    "propertiesMetadata" : {
      "metadata" : { }
    },
    "parametersMetadata" : {
      "metadata" : { }
    },
    "hooks" : [ ]
  }, {
    "majorSchemaVersion" : 3,
    "name" : "incident-management-destinations",
    "type" : "com.sap.application.content",
    "properties" : { },
    "parameters" : {
      "default-url" : "https://277e0127trial-dev-incident-management-destinations.cfapps.us10-001.hana.ondemand.com",
      "default-app-name" : "incident-management-destinations",
      "generated-password" : "********",
      "default-live-url" : "https://277e0127trial-dev-incident-management-destinations.cfapps.us10-001.hana.ondemand.com",
      "default-uri" : "277e0127trial-dev-incident-management-destinations.cfapps.us10-001.hana.ondemand.com",
      "default-instances" : 1,
      "default-live-host" : "277e0127trial-dev-incident-management-destinations",
      "instances" : 1,
      "default-host" : "277e0127trial-dev-incident-management-destinations",
      "content" : {
        "instance" : {
          "destinations" : [ {
            "Name" : "incident-management-html5-repository",
            "ServiceInstanceName" : "incident-management-html5-repo-host",
            "ServiceKeyName" : "********",
            "sap.cloud.service" : "incidentmanagement.service"
          }, {
            "Authentication" : "********",
            "Name" : "********",
            "ServiceInstanceName" : "********",
            "ServiceKeyName" : "********",
            "sap.cloud.service" : "incidentmanagement.service"
          } ],
          "existing_destinations_policy" : "update"
        }
      },
      "app-name" : "incident-management-destinations",
      "default-live-uri" : "277e0127trial-dev-incident-management-destinations.cfapps.us10-001.hana.ondemand.com",
      "protocol" : "https",
      "default-live-app-name" : "incident-management-destinations",
      "default-live-domain" : "cfapps.us10-001.hana.ondemand.com",
      "domain" : "cfapps.us10-001.hana.ondemand.com",
      "host" : "277e0127trial-dev-incident-management-destinations",
      "generated-user" : "********"
    },
    "requiredDependencies" : [ {
      "majorSchemaVersion" : 3,
      "name" : "********",
      "properties" : { },
      "parameters" : {
        "service-key" : "********"
      },
      "propertiesMetadata" : {
        "metadata" : { }
      },
      "parametersMetadata" : {
        "metadata" : { }
      }
    }, {
      "majorSchemaVersion" : 3,
      "name" : "incident-management-html5-repo-host",
      "properties" : { },
      "parameters" : {
        "service-key" : "********"
      },
      "propertiesMetadata" : {
        "metadata" : { }
      },
      "parametersMetadata" : {
        "metadata" : { }
      }
    }, {
      "majorSchemaVersion" : 3,
      "name" : "srv-api",
      "properties" : { },
      "parameters" : { },
      "propertiesMetadata" : {
        "metadata" : { }
      },
      "parametersMetadata" : {
        "metadata" : { }
      }
    }, {
      "majorSchemaVersion" : 3,
      "name" : "incident-management-destination",
      "properties" : { },
      "parameters" : {
        "content-target" : true
      },
      "propertiesMetadata" : {
        "metadata" : { }
      },
      "parametersMetadata" : {
        "metadata" : { }
      }
    } ],
    "providedDependencies" : [ {
      "majorSchemaVersion" : 3,
      "name" : "incident-management-destinations",
      "isPublic" : false,
      "properties" : { },
      "parameters" : { },
      "propertiesMetadata" : {
        "metadata" : { }
      },
      "parametersMetadata" : {
        "metadata" : { }
      }
    } ],
    "propertiesMetadata" : {
      "metadata" : { }
    },
    "parametersMetadata" : {
      "metadata" : { }
    },
    "hooks" : [ ]
  } ],
  "resources" : [ {
    "majorSchemaVersion" : 3,
    "name" : "********",
    "type" : "org.cloudfoundry.managed-service",
    "properties" : { },
    "parameters" : {
      "generated-password" : "********",
      "path" : "./xs-security.json",
      "service-name" : "********",
      "service-plan" : "application",
      "service" : "xsuaa",
      "generated-user" : "********",
      "default-xsappname" : "********",
      "type" : "managed-service",
      "config" : {
        "oauth2-configuration" : "********",
        "role-collections" : [ {
          "description" : "generated",
          "name" : "support (incident-management 277e0127trial-dev)",
          "role-template-references" : [ "$XSAPPNAME.support" ]
        }, {
          "description" : "generated",
          "name" : "admin (incident-management 277e0127trial-dev)",
          "role-template-references" : [ "$XSAPPNAME.admin" ]
        } ],
        "tenant-mode" : "dedicated",
        "xsappname" : "incident-management-277e0127trial-dev"
      },
      "default-service-name" : "********",
      "default-container-name" : "********"
    },
    "isActive" : true,
    "isOptional" : false,
    "propertiesMetadata" : {
      "metadata" : { }
    },
    "parametersMetadata" : {
      "metadata" : { }
    },
    "requiredDependencies" : [ ],
    "processedAfter" : [ ]
  }, {
    "majorSchemaVersion" : 3,
    "name" : "incident-management-db",
    "type" : "com.sap.xs.hdi-container",
    "properties" : { },
    "parameters" : {
      "generated-password" : "********",
      "service-name" : "incident-management-db",
      "service-plan" : "hdi-shared",
      "service" : "hana",
      "generated-user" : "********",
      "default-xsappname" : "incident-management-db",
      "type" : "managed-service",
      "default-service-name" : "incident-management-db",
      "default-container-name" : "277E0127TRIAL_DEV_INCIDENT_MANAGEMENT_DB"
    },
    "isActive" : true,
    "isOptional" : false,
    "propertiesMetadata" : {
      "metadata" : { }
    },
    "parametersMetadata" : {
      "metadata" : { }
    },
    "requiredDependencies" : [ ],
    "processedAfter" : [ ]
  }, {
    "majorSchemaVersion" : 3,
    "name" : "incident-management-destination",
    "type" : "org.cloudfoundry.managed-service",
    "properties" : { },
    "parameters" : {
      "generated-password" : "********",
      "service-name" : "incident-management-destination",
      "service-plan" : "lite",
      "service" : "destination",
      "generated-user" : "********",
      "default-xsappname" : "incident-management-destination",
      "type" : "managed-service",
      "config" : {
        "HTML5Runtime_enabled" : true,
        "init_data" : {
          "instance" : {
            "destinations" : [ {
              "Authentication" : "********",
              "DynamicDestination" : true,
              "ForwardAuthToken" : "********",
              "Name" : "srv-api",
              "ProxyType" : "Internet",
              "Type" : "HTTP",
              "URL" : "https://277e0127trial-dev-incident-management-srv.cfapps.us10-001.hana.ondemand.com"
            } ],
            "existing_destinations_policy" : "update"
          }
        }
      },
      "default-service-name" : "incident-management-destination",
      "default-container-name" : "277E0127TRIAL_DEV_INCIDENT_MANAGEMENT_DESTINATION"
    },
    "isActive" : true,
    "isOptional" : false,
    "propertiesMetadata" : {
      "metadata" : { }
    },
    "parametersMetadata" : {
      "metadata" : { }
    },
    "requiredDependencies" : [ {
      "majorSchemaVersion" : 3,
      "name" : "srv-api",
      "properties" : { },
      "parameters" : { },
      "propertiesMetadata" : {
        "metadata" : { }
      },
      "parametersMetadata" : {
        "metadata" : { }
      }
    } ],
    "processedAfter" : [ ]
  }, {
    "majorSchemaVersion" : 3,
    "name" : "incident-management-html5-repo-host",
    "type" : "org.cloudfoundry.managed-service",
    "properties" : { },
    "parameters" : {
      "generated-password" : "********",
      "service-name" : "incident-management-html5-repo-host",
      "service-plan" : "app-host",
      "service" : "html5-apps-repo",
      "generated-user" : "********",
      "default-xsappname" : "incident-management-html5-repo-host",
      "type" : "managed-service",
      "default-service-name" : "incident-management-html5-repo-host",
      "default-container-name" : "277E0127TRIAL_DEV_INCIDENT_MANAGEMENT_HTML5_REPO_HOST"
    },
    "isActive" : true,
    "isOptional" : false,
    "propertiesMetadata" : {
      "metadata" : { }
    },
    "parametersMetadata" : {
      "metadata" : { }
    },
    "requiredDependencies" : [ ],
    "processedAfter" : [ ]
  } ],
  "parameters" : {
    "deploy_mode" : "html5-repo",
    "mta-id" : "incident-management",
    "authorization-url" : "********",
    "org-guid" : "9bac6195-6fde-4833-ad06-da82f9540eb9",
    "org" : "277e0127trial",
    "deploy-target" : "277e0127trial dev",
    "enable-parallel-deployments" : true,
    "region-primary-domain" : "us10.hana.ondemand.com",
    "space" : "dev",
    "region-domain" : "us10-001.hana.ondemand.com",
    "xs-api-url" : "https://api.cf.us10-001.hana.ondemand.com",
    "deploy-url" : "deploy-service.cfapps.us10-001.hana.ondemand.com",
    "xs-type" : "CF",
    "default-domain" : "cfapps.us10-001.hana.ondemand.com",
    "mta-version" : "1.0.0",
    "xs-auth-url" : "********",
    "space-guid" : "625adf6d-63f6-4db7-a3cd-0f6c39a650f8",
    "user" : "********",
    "controller-url" : "https://api.cf.us10-001.hana.ondemand.com",
    "timestamp" : "20260929092349"
  },
  "parametersMetadata" : {
    "metadata" : { }
  }
}#
#2026 09 29 09:24:04.507#Z#DEBUG#7af2fbb9-bbe7-11f1-96da-eeee0a9cddf2.OPERATION#flowable-async-job-executor-thread-5139#
[ProcessDescriptorStep] Merged descriptor properties and parameters resolved#
#2026 09 29 09:24:04.507#Z#DEBUG#7af2fbb9-bbe7-11f1-96da-eeee0a9cddf2.OPERATION#flowable-async-job-executor-thread-5139#
Step "Re-Process Descriptor Step" finished#
#2026 09 29 09:24:04.531#Z#DEBUG#7af2fbb9-bbe7-11f1-96da-eeee0a9cddf2.OPERATION#flowable-async-job-executor-thread-5139#
[BuildApplicationDeployModelStep] Executing task "buildApplicationDeployModelTask" of process "838f4539-bbe7-11f1-96da-eeee0a9cddf2"...#
#2026 09 29 09:24:04.532#Z#DEBUG#7af2fbb9-bbe7-11f1-96da-eeee0a9cddf2.OPERATION#flowable-async-job-executor-thread-5139#
[BuildApplicationDeployModelStep] Building cloud deployment model for application "incident-management-db-deployer"...#
#2026 09 29 09:24:04.537#Z#DEBUG#7af2fbb9-bbe7-11f1-96da-eeee0a9cddf2.OPERATION#flowable-async-job-executor-thread-5139#
[BuildApplicationDeployModelStep] No health-check-type is specified. Setting default type: port#
#2026 09 29 09:24:04.537#Z#INFO#7af2fbb9-bbe7-11f1-96da-eeee0a9cddf2.OPERATION#flowable-async-job-executor-thread-5139#
[BuildApplicationDeployModelStep] Building configuration entries for org 277e0127trial, space dev, spaceId 625adf6d-63f6-4db7-a3cd-0f6c39a650f8 and namespace null!#
#2026 09 29 09:24:04.538#Z#DEBUG#7af2fbb9-bbe7-11f1-96da-eeee0a9cddf2.OPERATION#flowable-async-job-executor-thread-5139#
[BuildApplicationDeployModelStep] Configuration entries to publish: [ ]#
#2026 09 29 09:24:04.538#Z#DEBUG#7af2fbb9-bbe7-11f1-96da-eeee0a9cddf2.OPERATION#flowable-async-job-executor-thread-5139#
[BuildApplicationDeployModelStep] Cloud deployment model for application built#
#2026 09 29 09:24:04.538#Z#DEBUG#7af2fbb9-bbe7-11f1-96da-eeee0a9cddf2.OPERATION#flowable-async-job-executor-thread-5139#
Step "Build Application Deploy Model" finished#
#2026 09 29 09:24:04.565#Z#DEBUG#7af2fbb9-bbe7-11f1-96da-eeee0a9cddf2.OPERATION#flowable-async-job-executor-thread-5139#
[CreateOrUpdateAppStep] Executing task "createAppTask" of process "838f4539-bbe7-11f1-96da-eeee0a9cddf2"...#
#2026 09 29 09:24:04.566#Z#DEBUG#7af2fbb9-bbe7-11f1-96da-eeee0a9cddf2.OPERATION#flowable-async-job-executor-thread-5139#
[CreateOrUpdateAppStep] Getting application "incident-management-db-deployer"...#
#2026 09 29 09:24:04.600#Z#INFO#7af2fbb9-bbe7-11f1-96da-eeee0a9cddf2.OPERATION#flowable-async-job-executor-thread-5139#
[CreateOrUpdateAppStep] Updating application "incident-management-db-deployer"...#
#2026 09 29 09:24:04.604#Z#DEBUG#7af2fbb9-bbe7-11f1-96da-eeee0a9cddf2.OPERATION#flowable-async-job-executor-thread-5139#
[CreateOrUpdateAppStep] Getting process for application "5417dcc0-8ec9-404c-9f48-6c83c38b999b"...#
#2026 09 29 09:24:04.637#Z#DEBUG#7af2fbb9-bbe7-11f1-96da-eeee0a9cddf2.OPERATION#flowable-async-job-executor-thread-5139#
[CreateOrUpdateAppStep] Getting routes for application "5417dcc0-8ec9-404c-9f48-6c83c38b999b"...#
#2026 09 29 09:24:04.662#Z#DEBUG#7af2fbb9-bbe7-11f1-96da-eeee0a9cddf2.OPERATION#flowable-async-job-executor-thread-5139#
[CreateOrUpdateAppStep] Getting features for application "5417dcc0-8ec9-404c-9f48-6c83c38b999b"#
#2026 09 29 09:24:04.688#Z#DEBUG#7af2fbb9-bbe7-11f1-96da-eeee0a9cddf2.OPERATION#flowable-async-job-executor-thread-5139#
[CreateOrUpdateAppStep] Updating staging of application "incident-management-db-deployer" to: {
  "buildpacks" : [ "nodejs_buildpack" ],
  "healthCheckType" : "port",
  "appFeatures" : { }
}#
#2026 09 29 09:24:04.856#Z#DEBUG#7af2fbb9-bbe7-11f1-96da-eeee0a9cddf2.OPERATION#flowable-async-job-executor-thread-5139#
[CreateOrUpdateAppStep] Application "incident-management-db-deployer" updated#
#2026 09 29 09:24:04.856#Z#DEBUG#7af2fbb9-bbe7-11f1-96da-eeee0a9cddf2.OPERATION#flowable-async-job-executor-thread-5139#
[CreateOrUpdateAppStep] Getting environment of application "5417dcc0-8ec9-404c-9f48-6c83c38b999b"...#
#2026 09 29 09:24:04.915#Z#DEBUG#7af2fbb9-bbe7-11f1-96da-eeee0a9cddf2.OPERATION#flowable-async-job-executor-thread-5139#
[CreateOrUpdateAppStep] Application "incident-management-db-deployer" updated#
#2026 09 29 09:24:04.915#Z#DEBUG#7af2fbb9-bbe7-11f1-96da-eeee0a9cddf2.OPERATION#flowable-async-job-executor-thread-5139#
Step "Create App" finished#
#2026 09 29 09:24:04.991#Z#DEBUG#7af2fbb9-bbe7-11f1-96da-eeee0a9cddf2.OPERATION#flowable-async-job-executor-thread-5139#
[CheckServiceBindingOperationStep] Executing task "checkForServiceBindingOperationInProgress" of process "83e0c0ed-bbe7-11f1-96da-eeee0a9cddf2"...#
#2026 09 29 09:24:04.991#Z#DEBUG#7af2fbb9-bbe7-11f1-96da-eeee0a9cddf2.OPERATION#flowable-async-job-executor-thread-5139#
[CheckServiceBindingOperationStep] Checking for service binding operation in progress between app "incident-management-db-deployer" and service instance "incident-management-db"#
#2026 09 29 09:24:04.992#Z#DEBUG#7af2fbb9-bbe7-11f1-96da-eeee0a9cddf2.OPERATION#flowable-async-job-executor-thread-5139#
[CheckServiceBindingOperationStep] Getting application guid "incident-management-db-deployer"...#
#2026 09 29 09:24:05.022#Z#DEBUG#7af2fbb9-bbe7-11f1-96da-eeee0a9cddf2.OPERATION#flowable-async-job-executor-thread-5139#
[CheckServiceBindingOperationStep] Getting GUID of required service instance "incident-management-db"...#
#2026 09 29 09:24:05.050#Z#DEBUG#7af2fbb9-bbe7-11f1-96da-eeee0a9cddf2.OPERATION#flowable-async-job-executor-thread-5139#
[CheckServiceBindingOperationStep] Getting binding of service instance "b37b783f-2d37-4a15-b37e-5ed681088085" with application "5417dcc0-8ec9-404c-9f48-6c83c38b999b"...#
#2026 09 29 09:24:05.086#Z#DEBUG#7af2fbb9-bbe7-11f1-96da-eeee0a9cddf2.OPERATION#flowable-async-job-executor-thread-5139#
[CheckServiceBindingOperationStep] Service binding operation "8c1c385f-dfa1-4ca2-bbb1-0548401bdf6a" with type "create" is in state "succeeded"#
#2026 09 29 09:24:05.086#Z#DEBUG#7af2fbb9-bbe7-11f1-96da-eeee0a9cddf2.OPERATION#flowable-async-job-executor-thread-5139#
Step "Check For Service Binding Operation In Progress" finished#
#2026 09 29 09:24:05.112#Z#DEBUG#7af2fbb9-bbe7-11f1-96da-eeee0a9cddf2.OPERATION#flowable-async-job-executor-thread-6668#
[ProcessDescriptorStep] Executing task "reprocessDescriptorTask" of process "83ef1894-bbe7-11f1-8bc6-eeee0a95f271"...#
#2026 09 29 09:24:05.113#Z#DEBUG#7af2fbb9-bbe7-11f1-96da-eeee0a9cddf2.OPERATION#flowable-async-job-executor-thread-6668#
[ProcessDescriptorStep] Resolving properties and parameters in merged descriptor...#
#2026 09 29 09:24:05.115#Z#DEBUG#7af2fbb9-bbe7-11f1-96da-eeee0a9cddf2.OPERATION#flowable-async-job-executor-thread-6668#
[ProcessDescriptorStep] Subscriptions: [ ]#
#2026 09 29 09:24:05.118#Z#DEBUG#7af2fbb9-bbe7-11f1-96da-eeee0a9cddf2.OPERATION#flowable-async-job-executor-thread-6668#
[ProcessDescriptorStep] MTA modules: [incident-management-app-deployer, incident-management-db-deployer, incident-management-srv, incident-management-destinations]#
#2026 09 29 09:24:05.120#Z#DEBUG#7af2fbb9-bbe7-11f1-96da-eeee0a9cddf2.OPERATION#flowable-async-job-executor-thread-6668#
[ProcessDescriptorStep] Resolved deployment descriptor: {
  "majorSchemaVersion" : 3,
  "schemaVersion" : "3.3.0",
  "id" : "incident-management",
  "version" : "1.0.0",
  "modules" : [ {
    "majorSchemaVersion" : 3,
    "name" : "incident-management-srv",
    "type" : "javascript.nodejs",
    "path" : "incident-management-srv",
    "properties" : { },
    "parameters" : {
      "default-url" : "https://277e0127trial-dev-incident-management-srv.cfapps.us10-001.hana.ondemand.com",
      "default-app-name" : "incident-management-srv",
      "generated-password" : "********",
      "default-live-url" : "https://277e0127trial-dev-incident-management-srv.cfapps.us10-001.hana.ondemand.com",
      "default-uri" : "277e0127trial-dev-incident-management-srv.cfapps.us10-001.hana.ondemand.com",
      "default-instances" : 1,
      "default-live-host" : "277e0127trial-dev-incident-management-srv",
      "instances" : 1,
      "buildpack" : "nodejs_buildpack",
      "default-host" : "277e0127trial-dev-incident-management-srv",
      "app-name" : "incident-management-srv",
      "default-live-uri" : "277e0127trial-dev-incident-management-srv.cfapps.us10-001.hana.ondemand.com",
      "protocol" : "https",
      "default-live-app-name" : "incident-management-srv",
      "default-live-domain" : "cfapps.us10-001.hana.ondemand.com",
      "domain" : "cfapps.us10-001.hana.ondemand.com",
      "host" : "277e0127trial-dev-incident-management-srv",
      "generated-user" : "********"
    },
    "requiredDependencies" : [ {
      "majorSchemaVersion" : 3,
      "name" : "********",
      "properties" : { },
      "parameters" : { },
      "propertiesMetadata" : {
        "metadata" : { }
      },
      "parametersMetadata" : {
        "metadata" : { }
      }
    }, {
      "majorSchemaVersion" : 3,
      "name" : "incident-management-db",
      "properties" : { },
      "parameters" : { },
      "propertiesMetadata" : {
        "metadata" : { }
      },
      "parametersMetadata" : {
        "metadata" : { }
      }
    }, {
      "majorSchemaVersion" : 3,
      "name" : "incident-management-destination",
      "properties" : { },
      "parameters" : { },
      "propertiesMetadata" : {
        "metadata" : { }
      },
      "parametersMetadata" : {
        "metadata" : { }
      }
    } ],
    "providedDependencies" : [ {
      "majorSchemaVersion" : 3,
      "name" : "srv-api",
      "isPublic" : false,
      "properties" : {
        "srv-url" : "https://277e0127trial-dev-incident-management-srv.cfapps.us10-001.hana.ondemand.com"
      },
      "parameters" : { },
      "propertiesMetadata" : {
        "metadata" : { }
      },
      "parametersMetadata" : {
        "metadata" : { }
      }
    }, {
      "majorSchemaVersion" : 3,
      "name" : "incident-management-srv",
      "isPublic" : false,
      "properties" : { },
      "parameters" : { },
      "propertiesMetadata" : {
        "metadata" : { }
      },
      "parametersMetadata" : {
        "metadata" : { }
      }
    } ],
    "propertiesMetadata" : {
      "metadata" : { }
    },
    "parametersMetadata" : {
      "metadata" : { }
    },
    "hooks" : [ ]
  }, {
    "majorSchemaVersion" : 3,
    "name" : "incident-management-db-deployer",
    "type" : "com.sap.xs.hdi",
    "path" : "incident-management-db-deployer",
    "properties" : {
      "EXIT" : 1
    },
    "parameters" : {
      "default-url" : "https://277e0127trial-dev-incident-management-db-deployer.cfapps.us10-001.hana.ondemand.com",
      "default-app-name" : "incident-management-db-deployer",
      "generated-password" : "********",
      "default-live-url" : "https://277e0127trial-dev-incident-management-db-deployer.cfapps.us10-001.hana.ondemand.com",
      "default-uri" : "277e0127trial-dev-incident-management-db-deployer.cfapps.us10-001.hana.ondemand.com",
      "memory" : "256M",
      "default-instances" : 1,
      "no-route" : true,
      "default-live-host" : "277e0127trial-dev-incident-management-db-deployer",
      "instances" : 1,
      "buildpack" : "nodejs_buildpack",
      "default-host" : "277e0127trial-dev-incident-management-db-deployer",
      "app-name" : "incident-management-db-deployer",
      "default-live-uri" : "277e0127trial-dev-incident-management-db-deployer.cfapps.us10-001.hana.ondemand.com",
      "protocol" : "https",
      "default-live-app-name" : "incident-management-db-deployer",
      "default-live-domain" : "cfapps.us10-001.hana.ondemand.com",
      "dependency-type" : "hard",
      "domain" : "cfapps.us10-001.hana.ondemand.com",
      "host" : "277e0127trial-dev-incident-management-db-deployer",
      "generated-user" : "********",
      "tasks" : [ {
        "command" : "npm start",
        "memory" : "256M",
        "name" : "deploy"
      } ],
      "no-start" : true
    },
    "requiredDependencies" : [ {
      "majorSchemaVersion" : 3,
      "name" : "incident-management-db",
      "properties" : { },
      "parameters" : { },
      "propertiesMetadata" : {
        "metadata" : { }
      },
      "parametersMetadata" : {
        "metadata" : { }
      }
    } ],
    "providedDependencies" : [ {
      "majorSchemaVersion" : 3,
      "name" : "incident-management-db-deployer",
      "isPublic" : false,
      "properties" : { },
      "parameters" : { },
      "propertiesMetadata" : {
        "metadata" : { }
      },
      "parametersMetadata" : {
        "metadata" : { }
      }
    } ],
    "propertiesMetadata" : {
      "metadata" : { }
    },
    "parametersMetadata" : {
      "metadata" : { }
    },
    "hooks" : [ ]
  }, {
    "majorSchemaVersion" : 3,
    "name" : "incident-management-app-deployer",
    "type" : "com.sap.application.content",
    "path" : "incident-management-app-deployer",
    "properties" : { },
    "parameters" : {
      "default-url" : "https://277e0127trial-dev-incident-management-app-deployer.cfapps.us10-001.hana.ondemand.com",
      "default-app-name" : "incident-management-app-deployer",
      "generated-password" : "********",
      "default-live-url" : "https://277e0127trial-dev-incident-management-app-deployer.cfapps.us10-001.hana.ondemand.com",
      "default-uri" : "277e0127trial-dev-incident-management-app-deployer.cfapps.us10-001.hana.ondemand.com",
      "default-instances" : 1,
      "default-live-host" : "277e0127trial-dev-incident-management-app-deployer",
      "instances" : 1,
      "default-host" : "277e0127trial-dev-incident-management-app-deployer",
      "app-name" : "incident-management-app-deployer",
      "default-live-uri" : "277e0127trial-dev-incident-management-app-deployer.cfapps.us10-001.hana.ondemand.com",
      "protocol" : "https",
      "default-live-app-name" : "incident-management-app-deployer",
      "default-live-domain" : "cfapps.us10-001.hana.ondemand.com",
      "domain" : "cfapps.us10-001.hana.ondemand.com",
      "host" : "277e0127trial-dev-incident-management-app-deployer",
      "generated-user" : "********",
      "config" : {
        "destinations" : [ {
          "Authentication" : "********",
          "DynamicDestination" : true,
          "ForwardAuthToken" : "********",
          "Name" : "srv-api",
          "ProxyType" : "Internet",
          "Type" : "HTTP",
          "URL" : "https://277e0127trial-dev-incident-management-srv.cfapps.us10-001.hana.ondemand.com"
        } ]
      }
    },
    "requiredDependencies" : [ {
      "majorSchemaVersion" : 3,
      "name" : "********",
      "properties" : { },
      "parameters" : { },
      "propertiesMetadata" : {
        "metadata" : { }
      },
      "parametersMetadata" : {
        "metadata" : { }
      }
    }, {
      "majorSchemaVersion" : 3,
      "name" : "srv-api",
      "properties" : { },
      "parameters" : { },
      "propertiesMetadata" : {
        "metadata" : { }
      },
      "parametersMetadata" : {
        "metadata" : { }
      }
    }, {
      "majorSchemaVersion" : 3,
      "name" : "incident-management-html5-repo-host",
      "properties" : { },
      "parameters" : {
        "config" : {
          "HTML5Runtime_enabled" : true
        },
        "content-target" : true
      },
      "propertiesMetadata" : {
        "metadata" : { }
      },
      "parametersMetadata" : {
        "metadata" : { }
      }
    } ],
    "providedDependencies" : [ {
      "majorSchemaVersion" : 3,
      "name" : "incident-management-app-deployer",
      "isPublic" : false,
      "properties" : { },
      "parameters" : { },
      "propertiesMetadata" : {
        "metadata" : { }
      },
      "parametersMetadata" : {
        "metadata" : { }
      }
    } ],
    "propertiesMetadata" : {
      "metadata" : { }
    },
    "parametersMetadata" : {
      "metadata" : { }
    },
    "hooks" : [ ]
  }, {
    "majorSchemaVersion" : 3,
    "name" : "incident-management-destinations",
    "type" : "com.sap.application.content",
    "properties" : { },
    "parameters" : {
      "default-url" : "https://277e0127trial-dev-incident-management-destinations.cfapps.us10-001.hana.ondemand.com",
      "default-app-name" : "incident-management-destinations",
      "generated-password" : "********",
      "default-live-url" : "https://277e0127trial-dev-incident-management-destinations.cfapps.us10-001.hana.ondemand.com",
      "default-uri" : "277e0127trial-dev-incident-management-destinations.cfapps.us10-001.hana.ondemand.com",
      "default-instances" : 1,
      "default-live-host" : "277e0127trial-dev-incident-management-destinations",
      "instances" : 1,
      "default-host" : "277e0127trial-dev-incident-management-destinations",
      "content" : {
        "instance" : {
          "destinations" : [ {
            "Name" : "incident-management-html5-repository",
            "ServiceInstanceName" : "incident-management-html5-repo-host",
            "ServiceKeyName" : "********",
            "sap.cloud.service" : "incidentmanagement.service"
          }, {
            "Authentication" : "********",
            "Name" : "********",
            "ServiceInstanceName" : "********",
            "ServiceKeyName" : "********",
            "sap.cloud.service" : "incidentmanagement.service"
          } ],
          "existing_destinations_policy" : "update"
        }
      },
      "app-name" : "incident-management-destinations",
      "default-live-uri" : "277e0127trial-dev-incident-management-destinations.cfapps.us10-001.hana.ondemand.com",
      "protocol" : "https",
      "default-live-app-name" : "incident-management-destinations",
      "default-live-domain" : "cfapps.us10-001.hana.ondemand.com",
      "domain" : "cfapps.us10-001.hana.ondemand.com",
      "host" : "277e0127trial-dev-incident-management-destinations",
      "generated-user" : "********"
    },
    "requiredDependencies" : [ {
      "majorSchemaVersion" : 3,
      "name" : "********",
      "properties" : { },
      "parameters" : {
        "service-key" : "********"
      },
      "propertiesMetadata" : {
        "metadata" : { }
      },
      "parametersMetadata" : {
        "metadata" : { }
      }
    }, {
      "majorSchemaVersion" : 3,
      "name" : "incident-management-html5-repo-host",
      "properties" : { },
      "parameters" : {
        "service-key" : "********"
      },
      "propertiesMetadata" : {
        "metadata" : { }
      },
      "parametersMetadata" : {
        "metadata" : { }
      }
    }, {
      "majorSchemaVersion" : 3,
      "name" : "srv-api",
      "properties" : { },
      "parameters" : { },
      "propertiesMetadata" : {
        "metadata" : { }
      },
      "parametersMetadata" : {
        "metadata" : { }
      }
    }, {
      "majorSchemaVersion" : 3,
      "name" : "incident-management-destination",
      "properties" : { },
      "parameters" : {
        "content-target" : true
      },
      "propertiesMetadata" : {
        "metadata" : { }
      },
      "parametersMetadata" : {
        "metadata" : { }
      }
    } ],
    "providedDependencies" : [ {
      "majorSchemaVersion" : 3,
      "name" : "incident-management-destinations",
      "isPublic" : false,
      "properties" : { },
      "parameters" : { },
      "propertiesMetadata" : {
        "metadata" : { }
      },
      "parametersMetadata" : {
        "metadata" : { }
      }
    } ],
    "propertiesMetadata" : {
      "metadata" : { }
    },
    "parametersMetadata" : {
      "metadata" : { }
    },
    "hooks" : [ ]
  } ],
  "resources" : [ {
    "majorSchemaVersion" : 3,
    "name" : "********",
    "type" : "org.cloudfoundry.managed-service",
    "properties" : { },
    "parameters" : {
      "generated-password" : "********",
      "path" : "./xs-security.json",
      "service-name" : "********",
      "service-plan" : "application",
      "service" : "xsuaa",
      "generated-user" : "********",
      "default-xsappname" : "********",
      "type" : "managed-service",
      "config" : {
        "oauth2-configuration" : "********",
        "role-collections" : [ {
          "description" : "generated",
          "name" : "support (incident-management 277e0127trial-dev)",
          "role-template-references" : [ "$XSAPPNAME.support" ]
        }, {
          "description" : "generated",
          "name" : "admin (incident-management 277e0127trial-dev)",
          "role-template-references" : [ "$XSAPPNAME.admin" ]
        } ],
        "tenant-mode" : "dedicated",
        "xsappname" : "incident-management-277e0127trial-dev"
      },
      "default-service-name" : "********",
      "default-container-name" : "********"
    },
    "isActive" : true,
    "isOptional" : false,
    "propertiesMetadata" : {
      "metadata" : { }
    },
    "parametersMetadata" : {
      "metadata" : { }
    },
    "requiredDependencies" : [ ],
    "processedAfter" : [ ]
  }, {
    "majorSchemaVersion" : 3,
    "name" : "incident-management-db",
    "type" : "com.sap.xs.hdi-container",
    "properties" : { },
    "parameters" : {
      "generated-password" : "********",
      "service-name" : "incident-management-db",
      "service-plan" : "hdi-shared",
      "service" : "hana",
      "generated-user" : "********",
      "default-xsappname" : "incident-management-db",
      "type" : "managed-service",
      "default-service-name" : "incident-management-db",
      "default-container-name" : "277E0127TRIAL_DEV_INCIDENT_MANAGEMENT_DB"
    },
    "isActive" : true,
    "isOptional" : false,
    "propertiesMetadata" : {
      "metadata" : { }
    },
    "parametersMetadata" : {
      "metadata" : { }
    },
    "requiredDependencies" : [ ],
    "processedAfter" : [ ]
  }, {
    "majorSchemaVersion" : 3,
    "name" : "incident-management-destination",
    "type" : "org.cloudfoundry.managed-service",
    "properties" : { },
    "parameters" : {
      "generated-password" : "********",
      "service-name" : "incident-management-destination",
      "service-plan" : "lite",
      "service" : "destination",
      "generated-user" : "********",
      "default-xsappname" : "incident-management-destination",
      "type" : "managed-service",
      "config" : {
        "HTML5Runtime_enabled" : true,
        "init_data" : {
          "instance" : {
            "destinations" : [ {
              "Authentication" : "********",
              "DynamicDestination" : true,
              "ForwardAuthToken" : "********",
              "Name" : "srv-api",
              "ProxyType" : "Internet",
              "Type" : "HTTP",
              "URL" : "https://277e0127trial-dev-incident-management-srv.cfapps.us10-001.hana.ondemand.com"
            } ],
            "existing_destinations_policy" : "update"
          }
        }
      },
      "default-service-name" : "incident-management-destination",
      "default-container-name" : "277E0127TRIAL_DEV_INCIDENT_MANAGEMENT_DESTINATION"
    },
    "isActive" : true,
    "isOptional" : false,
    "propertiesMetadata" : {
      "metadata" : { }
    },
    "parametersMetadata" : {
      "metadata" : { }
    },
    "requiredDependencies" : [ {
      "majorSchemaVersion" : 3,
      "name" : "srv-api",
      "properties" : { },
      "parameters" : { },
      "propertiesMetadata" : {
        "metadata" : { }
      },
      "parametersMetadata" : {
        "metadata" : { }
      }
    } ],
    "processedAfter" : [ ]
  }, {
    "majorSchemaVersion" : 3,
    "name" : "incident-management-html5-repo-host",
    "type" : "org.cloudfoundry.managed-service",
    "properties" : { },
    "parameters" : {
      "generated-password" : "********",
      "service-name" : "incident-management-html5-repo-host",
      "service-plan" : "app-host",
      "service" : "html5-apps-repo",
      "generated-user" : "********",
      "default-xsappname" : "incident-management-html5-repo-host",
      "type" : "managed-service",
      "default-service-name" : "incident-management-html5-repo-host",
      "default-container-name" : "277E0127TRIAL_DEV_INCIDENT_MANAGEMENT_HTML5_REPO_HOST"
    },
    "isActive" : true,
    "isOptional" : false,
    "propertiesMetadata" : {
      "metadata" : { }
    },
    "parametersMetadata" : {
      "metadata" : { }
    },
    "requiredDependencies" : [ ],
    "processedAfter" : [ ]
  } ],
  "parameters" : {
    "deploy_mode" : "html5-repo",
    "mta-id" : "incident-management",
    "authorization-url" : "********",
    "org-guid" : "9bac6195-6fde-4833-ad06-da82f9540eb9",
    "org" : "277e0127trial",
    "deploy-target" : "277e0127trial dev",
    "enable-parallel-deployments" : true,
    "region-primary-domain" : "us10.hana.ondemand.com",
    "space" : "dev",
    "region-domain" : "us10-001.hana.ondemand.com",
    "xs-api-url" : "https://api.cf.us10-001.hana.ondemand.com",
    "deploy-url" : "deploy-service.cfapps.us10-001.hana.ondemand.com",
    "xs-type" : "CF",
    "default-domain" : "cfapps.us10-001.hana.ondemand.com",
    "mta-version" : "1.0.0",
    "xs-auth-url" : "********",
    "space-guid" : "625adf6d-63f6-4db7-a3cd-0f6c39a650f8",
    "user" : "********",
    "controller-url" : "https://api.cf.us10-001.hana.ondemand.com",
    "timestamp" : "20260929092349"
  },
  "parametersMetadata" : {
    "metadata" : { }
  }
}#
#2026 09 29 09:24:05.120#Z#DEBUG#7af2fbb9-bbe7-11f1-96da-eeee0a9cddf2.OPERATION#flowable-async-job-executor-thread-6668#
[ProcessDescriptorStep] Merged descriptor properties and parameters resolved#
#2026 09 29 09:24:05.120#Z#DEBUG#7af2fbb9-bbe7-11f1-96da-eeee0a9cddf2.OPERATION#flowable-async-job-executor-thread-6668#
Step "Re-Process Descriptor Step" finished#
#2026 09 29 09:24:05.138#Z#DEBUG#7af2fbb9-bbe7-11f1-96da-eeee0a9cddf2.OPERATION#flowable-async-job-executor-thread-6668#
[BuildApplicationDeployModelStep] Executing task "buildApplicationDeployModelTask" of process "83ef1894-bbe7-11f1-8bc6-eeee0a95f271"...#
#2026 09 29 09:24:05.139#Z#DEBUG#7af2fbb9-bbe7-11f1-96da-eeee0a9cddf2.OPERATION#flowable-async-job-executor-thread-6668#
[BuildApplicationDeployModelStep] Building cloud deployment model for application "incident-management-srv"...#
#2026 09 29 09:24:05.142#Z#DEBUG#7af2fbb9-bbe7-11f1-96da-eeee0a9cddf2.OPERATION#flowable-async-job-executor-thread-6668#
[BuildApplicationDeployModelStep] No health-check-type is specified. Setting default type: port#
#2026 09 29 09:24:05.143#Z#INFO#7af2fbb9-bbe7-11f1-96da-eeee0a9cddf2.OPERATION#flowable-async-job-executor-thread-6668#
[BuildApplicationDeployModelStep] Building configuration entries for org 277e0127trial, space dev, spaceId 625adf6d-63f6-4db7-a3cd-0f6c39a650f8 and namespace null!#
#2026 09 29 09:24:05.144#Z#DEBUG#7af2fbb9-bbe7-11f1-96da-eeee0a9cddf2.OPERATION#flowable-async-job-executor-thread-6668#
[BuildApplicationDeployModelStep] Configuration entries to publish: [ ]#
#2026 09 29 09:24:05.144#Z#DEBUG#7af2fbb9-bbe7-11f1-96da-eeee0a9cddf2.OPERATION#flowable-async-job-executor-thread-6668#
[BuildApplicationDeployModelStep] Cloud deployment model for application built#
#2026 09 29 09:24:05.144#Z#DEBUG#7af2fbb9-bbe7-11f1-96da-eeee0a9cddf2.OPERATION#flowable-async-job-executor-thread-6668#
Step "Build Application Deploy Model" finished#
#2026 09 29 09:24:05.112#Z#DEBUG#7af2fbb9-bbe7-11f1-96da-eeee0a9cddf2.OPERATION#flowable-async-job-executor-thread-5139#
[DetermineApplicationServiceBindingActionsStep] Executing task "determineApplicationServiceBindingActionsTask" of process "83e0c0ed-bbe7-11f1-96da-eeee0a9cddf2"...#
#2026 09 29 09:24:05.113#Z#DEBUG#7af2fbb9-bbe7-11f1-96da-eeee0a9cddf2.OPERATION#flowable-async-job-executor-thread-5139#
[DetermineApplicationServiceBindingActionsStep] Determine bind/unbind operations of application "incident-management-db-deployer" to service instance "incident-management-db"#
#2026 09 29 09:24:05.113#Z#DEBUG#7af2fbb9-bbe7-11f1-96da-eeee0a9cddf2.OPERATION#flowable-async-job-executor-thread-5139#
[DetermineApplicationServiceBindingActionsStep] Getting application "incident-management-db-deployer"...#
#2026 09 29 09:24:05.145#Z#DEBUG#7af2fbb9-bbe7-11f1-96da-eeee0a9cddf2.OPERATION#flowable-async-job-executor-thread-5139#
[DetermineApplicationServiceBindingActionsStep] Binding parameters for application "incident-management-db-deployer": { }#
#2026 09 29 09:24:05.175#Z#DEBUG#7af2fbb9-bbe7-11f1-96da-eeee0a9cddf2.OPERATION#flowable-async-job-executor-thread-5139#
[DetermineApplicationServiceBindingActionsStep] Check should rebind application "incident-management-db-deployer" and service instance "incident-management-db"#
#2026 09 29 09:24:05.175#Z#DEBUG#7af2fbb9-bbe7-11f1-96da-eeee0a9cddf2.OPERATION#flowable-async-job-executor-thread-5139#
[DetermineApplicationServiceBindingActionsStep] Getting GUID of required service instance "incident-management-db"...#
#2026 09 29 09:24:05.205#Z#DEBUG#7af2fbb9-bbe7-11f1-96da-eeee0a9cddf2.OPERATION#flowable-async-job-executor-thread-5139#
[DetermineApplicationServiceBindingActionsStep] Getting binding of service instance "b37b783f-2d37-4a15-b37e-5ed681088085" with application "5417dcc0-8ec9-404c-9f48-6c83c38b999b"...#
#2026 09 29 09:24:05.238#Z#DEBUG#7af2fbb9-bbe7-11f1-96da-eeee0a9cddf2.OPERATION#flowable-async-job-executor-thread-5139#
[DetermineApplicationServiceBindingActionsStep] Getting parameters of service binding "8c1c385f-dfa1-4ca2-bbb1-0548401bdf6a"...#
#2026 09 29 09:24:05.461#Z#INFO#7af2fbb9-bbe7-11f1-96da-eeee0a9cddf2.OPERATION#flowable-async-job-executor-thread-5139#
[DetermineApplicationServiceBindingActionsStep] Service instance "incident-management-db" will not be rebound to application "incident-management-db-deployer" because the binding parameters are not modified#
#2026 09 29 09:24:05.464#Z#DEBUG#7af2fbb9-bbe7-11f1-96da-eeee0a9cddf2.OPERATION#flowable-async-job-executor-thread-5139#
[DetermineApplicationServiceBindingActionsStep] Calculated binding operations between application "incident-management-db-deployer" and service instance "incident-management-db": unbind - false bind - false#
#2026 09 29 09:24:05.464#Z#DEBUG#7af2fbb9-bbe7-11f1-96da-eeee0a9cddf2.OPERATION#flowable-async-job-executor-thread-5139#
Step "Determine Application Service Binding Actions" finished#
#2026 09 29 09:24:05.168#Z#DEBUG#7af2fbb9-bbe7-11f1-96da-eeee0a9cddf2.OPERATION#flowable-async-job-executor-thread-6668#
[CreateOrUpdateAppStep] Executing task "createAppTask" of process "83ef1894-bbe7-11f1-8bc6-eeee0a95f271"...#
#2026 09 29 09:24:05.169#Z#DEBUG#7af2fbb9-bbe7-11f1-96da-eeee0a9cddf2.OPERATION#flowable-async-job-executor-thread-6668#
[CreateOrUpdateAppStep] Getting application "incident-management-srv"...#
#2026 09 29 09:24:05.199#Z#INFO#7af2fbb9-bbe7-11f1-96da-eeee0a9cddf2.OPERATION#flowable-async-job-executor-thread-6668#
[CreateOrUpdateAppStep] Updating application "incident-management-srv"...#
#2026 09 29 09:24:05.203#Z#DEBUG#7af2fbb9-bbe7-11f1-96da-eeee0a9cddf2.OPERATION#flowable-async-job-executor-thread-6668#
[CreateOrUpdateAppStep] Getting process for application "28a8f8e3-575e-4bf1-b16b-3f7b028fba51"...#
#2026 09 29 09:24:05.235#Z#DEBUG#7af2fbb9-bbe7-11f1-96da-eeee0a9cddf2.OPERATION#flowable-async-job-executor-thread-6668#
[CreateOrUpdateAppStep] Getting routes for application "28a8f8e3-575e-4bf1-b16b-3f7b028fba51"...#
#2026 09 29 09:24:05.285#Z#DEBUG#7af2fbb9-bbe7-11f1-96da-eeee0a9cddf2.OPERATION#flowable-async-job-executor-thread-6668#
[CreateOrUpdateAppStep] Getting features for application "28a8f8e3-575e-4bf1-b16b-3f7b028fba51"#
#2026 09 29 09:24:05.307#Z#DEBUG#7af2fbb9-bbe7-11f1-96da-eeee0a9cddf2.OPERATION#flowable-async-job-executor-thread-6668#
[CreateOrUpdateAppStep] Updating staging of application "incident-management-srv" to: {
  "buildpacks" : [ "nodejs_buildpack" ],
  "healthCheckType" : "port",
  "appFeatures" : { }
}#
#2026 09 29 09:24:05.502#Z#DEBUG#7af2fbb9-bbe7-11f1-96da-eeee0a9cddf2.OPERATION#flowable-async-job-executor-thread-6668#
[CreateOrUpdateAppStep] Application "incident-management-srv" updated#
#2026 09 29 09:24:05.502#Z#DEBUG#7af2fbb9-bbe7-11f1-96da-eeee0a9cddf2.OPERATION#flowable-async-job-executor-thread-6668#
[CreateOrUpdateAppStep] Getting environment of application "28a8f8e3-575e-4bf1-b16b-3f7b028fba51"...#
#2026 09 29 09:24:05.563#Z#DEBUG#7af2fbb9-bbe7-11f1-96da-eeee0a9cddf2.OPERATION#flowable-async-job-executor-thread-6668#
[CreateOrUpdateAppStep] Application "incident-management-srv" updated#
#2026 09 29 09:24:05.563#Z#DEBUG#7af2fbb9-bbe7-11f1-96da-eeee0a9cddf2.OPERATION#flowable-async-job-executor-thread-6668#
Step "Create App" finished#
#2026 09 29 09:24:05.569#Z#DEBUG#7af2fbb9-bbe7-11f1-96da-eeee0a9cddf2.OPERATION#flowable-async-job-executor-thread-5139#
[DetermineVcapServicesPropertiesChangedStep] Executing task "determineVcapServicesPropertiesChangedTask" of process "8438a407-bbe7-11f1-96da-eeee0a9cddf2"...#
#2026 09 29 09:24:05.571#Z#DEBUG#7af2fbb9-bbe7-11f1-96da-eeee0a9cddf2.OPERATION#flowable-async-job-executor-thread-5139#
[DetermineVcapServicesPropertiesChangedStep] VCAP_SERVICES properties for application "incident-management-db-deployer" changed: false#
#2026 09 29 09:24:05.571#Z#DEBUG#7af2fbb9-bbe7-11f1-96da-eeee0a9cddf2.OPERATION#flowable-async-job-executor-thread-5139#
Step "Determine vcap services properties changed" finished#
#2026 09 29 09:24:05.626#Z#DEBUG#7af2fbb9-bbe7-11f1-96da-eeee0a9cddf2.OPERATION#flowable-async-job-executor-thread-5139#
[UploadAppStep] Executing task "uploadAppTask" of process "8438a407-bbe7-11f1-96da-eeee0a9cddf2"...#
#2026 09 29 09:24:05.629#Z#DEBUG#7af2fbb9-bbe7-11f1-96da-eeee0a9cddf2.OPERATION#flowable-async-job-executor-thread-5139#
[UploadAppStep] Application upload timeout is default one: 3,600 seconds#
#2026 09 29 09:24:05.629#Z#INFO#7af2fbb9-bbe7-11f1-96da-eeee0a9cddf2.OPERATION#flowable-async-job-executor-thread-5139#
[UploadAppStep] Uploading application "incident-management-db-deployer"...#
#2026 09 29 09:24:05.633#Z#DEBUG#7af2fbb9-bbe7-11f1-96da-eeee0a9cddf2.OPERATION#flowable-async-job-executor-thread-5139#
[UploadAppStep] Getting application "incident-management-db-deployer"...#
#2026 09 29 09:24:05.662#Z#DEBUG#7af2fbb9-bbe7-11f1-96da-eeee0a9cddf2.OPERATION#flowable-async-job-executor-thread-5139#
[UploadAppStep] Getting environment of application "5417dcc0-8ec9-404c-9f48-6c83c38b999b"...#
#2026 09 29 09:24:05.697#Z#INFO#7af2fbb9-bbe7-11f1-96da-eeee0a9cddf2.OPERATION#flowable-async-job-executor-thread-5139#
[UploadAppStep] Calculating application digest: "incident-management-db-deployer"#
#2026 09 29 09:24:05.768#Z#DEBUG#7af2fbb9-bbe7-11f1-96da-eeee0a9cddf2.OPERATION#flowable-async-job-executor-thread-5139#
Step "Upload App" finished#
#2026 09 29 09:24:05.681#Z#DEBUG#7af2fbb9-bbe7-11f1-96da-eeee0a9cddf2.OPERATION#flowable-async-job-executor-thread-6666#
[CheckServiceBindingOperationStep] Executing task "checkForServiceBindingOperationInProgress" of process "84480d62-bbe7-11f1-8bc6-eeee0a95f271"...#
#2026 09 29 09:24:05.682#Z#DEBUG#7af2fbb9-bbe7-11f1-96da-eeee0a9cddf2.OPERATION#flowable-async-job-executor-thread-6666#
[CheckServiceBindingOperationStep] Checking for service binding operation in progress between app "incident-management-srv" and service instance "incident-management-destination"#
#2026 09 29 09:24:05.682#Z#DEBUG#7af2fbb9-bbe7-11f1-96da-eeee0a9cddf2.OPERATION#flowable-async-job-executor-thread-6666#
[CheckServiceBindingOperationStep] Getting application guid "incident-management-srv"...#
#2026 09 29 09:24:05.717#Z#DEBUG#7af2fbb9-bbe7-11f1-96da-eeee0a9cddf2.OPERATION#flowable-async-job-executor-thread-6666#
[CheckServiceBindingOperationStep] Getting GUID of required service instance "incident-management-destination"...#
#2026 09 29 09:24:05.744#Z#DEBUG#7af2fbb9-bbe7-11f1-96da-eeee0a9cddf2.OPERATION#flowable-async-job-executor-thread-6666#
[CheckServiceBindingOperationStep] Getting binding of service instance "b8b42d83-3fa8-483b-9ab0-bb239466f121" with application "28a8f8e3-575e-4bf1-b16b-3f7b028fba51"...#
#2026 09 29 09:24:05.769#Z#DEBUG#7af2fbb9-bbe7-11f1-96da-eeee0a9cddf2.OPERATION#flowable-async-job-executor-thread-6666#
[CheckServiceBindingOperationStep] Service binding operation "9104c77b-56d7-49cf-863d-33f37ec387fe" with type "create" is in state "succeeded"#
#2026 09 29 09:24:05.769#Z#DEBUG#7af2fbb9-bbe7-11f1-96da-eeee0a9cddf2.OPERATION#flowable-async-job-executor-thread-6666#
Step "Check For Service Binding Operation In Progress" finished#
#2026 09 29 09:24:05.790#Z#DEBUG#7af2fbb9-bbe7-11f1-96da-eeee0a9cddf2.OPERATION#flowable-async-job-executor-thread-6666#
[DetermineApplicationServiceBindingActionsStep] Executing task "determineApplicationServiceBindingActionsTask" of process "84480d62-bbe7-11f1-8bc6-eeee0a95f271"...#
#2026 09 29 09:24:05.790#Z#DEBUG#7af2fbb9-bbe7-11f1-96da-eeee0a9cddf2.OPERATION#flowable-async-job-executor-thread-6666#
[DetermineApplicationServiceBindingActionsStep] Determine bind/unbind operations of application "incident-management-srv" to service instance "incident-management-destination"#
#2026 09 29 09:24:05.790#Z#DEBUG#7af2fbb9-bbe7-11f1-96da-eeee0a9cddf2.OPERATION#flowable-async-job-executor-thread-6666#
[DetermineApplicationServiceBindingActionsStep] Getting application "incident-management-srv"...#
#2026 09 29 09:24:05.815#Z#DEBUG#7af2fbb9-bbe7-11f1-96da-eeee0a9cddf2.OPERATION#flowable-async-job-executor-thread-6666#
[DetermineApplicationServiceBindingActionsStep] Binding parameters for application "incident-management-srv": { }#
#2026 09 29 09:24:05.848#Z#DEBUG#7af2fbb9-bbe7-11f1-96da-eeee0a9cddf2.OPERATION#flowable-async-job-executor-thread-6666#
[DetermineApplicationServiceBindingActionsStep] Check should rebind application "incident-management-srv" and service instance "incident-management-destination"#
#2026 09 29 09:24:05.848#Z#DEBUG#7af2fbb9-bbe7-11f1-96da-eeee0a9cddf2.OPERATION#flowable-async-job-executor-thread-6666#
[DetermineApplicationServiceBindingActionsStep] Getting GUID of required service instance "incident-management-destination"...#
#2026 09 29 09:24:05.878#Z#DEBUG#7af2fbb9-bbe7-11f1-96da-eeee0a9cddf2.OPERATION#flowable-async-job-executor-thread-6666#
[DetermineApplicationServiceBindingActionsStep] Getting binding of service instance "b8b42d83-3fa8-483b-9ab0-bb239466f121" with application "28a8f8e3-575e-4bf1-b16b-3f7b028fba51"...#
#2026 09 29 09:24:05.912#Z#DEBUG#7af2fbb9-bbe7-11f1-96da-eeee0a9cddf2.OPERATION#flowable-async-job-executor-thread-6666#
[DetermineApplicationServiceBindingActionsStep] Getting parameters of service binding "9104c77b-56d7-49cf-863d-33f37ec387fe"...#
#2026 09 29 09:24:05.946#Z#WARN#7af2fbb9-bbe7-11f1-96da-eeee0a9cddf2.OPERATION#flowable-async-job-executor-thread-6666#
[DetermineApplicationServiceBindingActionsStep] Cannot retrieve parameters of binding between application "incident-management-srv" and service instance "incident-management-destination"#
#2026 09 29 09:24:05.948#Z#DEBUG#7af2fbb9-bbe7-11f1-96da-eeee0a9cddf2.OPERATION#flowable-async-job-executor-thread-6666#
[DetermineApplicationServiceBindingActionsStep] Calculated binding operations between application "incident-management-srv" and service instance "incident-management-destination": unbind - true bind - true#
#2026 09 29 09:24:05.948#Z#DEBUG#7af2fbb9-bbe7-11f1-96da-eeee0a9cddf2.OPERATION#flowable-async-job-executor-thread-6666#
Step "Determine Application Service Binding Actions" finished#
#2026 09 29 09:24:05.969#Z#DEBUG#7af2fbb9-bbe7-11f1-96da-eeee0a9cddf2.OPERATION#flowable-async-job-executor-thread-6666#
[UnbindServiceFromApplicationStep] Executing task "unbindServiceFromApplicationTask" of process "84480d62-bbe7-11f1-8bc6-eeee0a95f271"...#
#2026 09 29 09:24:05.971#Z#INFO#7af2fbb9-bbe7-11f1-96da-eeee0a9cddf2.OPERATION#flowable-async-job-executor-thread-6666#
[UnbindServiceFromApplicationStep] Unbinding service instance "incident-management-destination" from application "incident-management-srv"...#
#2026 09 29 09:24:05.974#Z#DEBUG#7af2fbb9-bbe7-11f1-96da-eeee0a9cddf2.OPERATION#flowable-async-job-executor-thread-6666#
[UnbindServiceFromApplicationStep] Unbinding application "incident-management-srv" from service instance "incident-management-destination"...#
#2026 09 29 09:24:06.122#Z#DEBUG#7af2fbb9-bbe7-11f1-96da-eeee0a9cddf2.OPERATION#flowable-async-job-executor-thread-6666#
Step "Unbind Service from Application" finished#
#2026 09 29 09:24:07.238#Z#DEBUG#7af2fbb9-bbe7-11f1-96da-eeee0a9cddf2.OPERATION#flowable-async-job-executor-thread-5138#
[CheckServiceBindingOperationStep] Executing task "checkForServiceBindingOperationInProgress" of process "85368c42-bbe7-11f1-96da-eeee0a9cddf2"...#
#2026 09 29 09:24:07.238#Z#DEBUG#7af2fbb9-bbe7-11f1-96da-eeee0a9cddf2.OPERATION#flowable-async-job-executor-thread-5138#
[CheckServiceBindingOperationStep] Checking for service binding operation in progress between app "incident-management-srv" and service instance "incident-management-db"#
#2026 09 29 09:24:07.239#Z#DEBUG#7af2fbb9-bbe7-11f1-96da-eeee0a9cddf2.OPERATION#flowable-async-job-executor-thread-5138#
[CheckServiceBindingOperationStep] Getting application guid "incident-management-srv"...#
#2026 09 29 09:24:07.283#Z#DEBUG#7af2fbb9-bbe7-11f1-96da-eeee0a9cddf2.OPERATION#flowable-async-job-executor-thread-5138#
[CheckServiceBindingOperationStep] Getting GUID of required service instance "incident-management-db"...#
#2026 09 29 09:24:07.309#Z#DEBUG#7af2fbb9-bbe7-11f1-96da-eeee0a9cddf2.OPERATION#flowable-async-job-executor-thread-5138#
[CheckServiceBindingOperationStep] Getting binding of service instance "b37b783f-2d37-4a15-b37e-5ed681088085" with application "28a8f8e3-575e-4bf1-b16b-3f7b028fba51"...#
#2026 09 29 09:24:07.338#Z#DEBUG#7af2fbb9-bbe7-11f1-96da-eeee0a9cddf2.OPERATION#flowable-async-job-executor-thread-5138#
[CheckServiceBindingOperationStep] Service binding operation "b8f31019-4e1a-40d1-ba45-c0f5e03e0fe0" with type "create" is in state "succeeded"#
#2026 09 29 09:24:07.338#Z#DEBUG#7af2fbb9-bbe7-11f1-96da-eeee0a9cddf2.OPERATION#flowable-async-job-executor-thread-5138#
Step "Check For Service Binding Operation In Progress" finished#
#2026 09 29 09:24:07.278#Z#DEBUG#7af2fbb9-bbe7-11f1-96da-eeee0a9cddf2.OPERATION#flowable-async-job-executor-thread-5136#
[BuildContentDeploymentConfigurationStep] Executing task "buildContentDeploymentConfigurationTask" of process "85381382-bbe7-11f1-96da-eeee0a9cddf2"...#
#2026 09 29 09:24:07.282#Z#DEBUG#7af2fbb9-bbe7-11f1-96da-eeee0a9cddf2.OPERATION#ForkJoinPool-102-worker-1#
[BuildContentDeploymentConfigurationStep] Getting service key "incident-management-app-deployer-incident-management-html5-repo-host-credentials" for service instance "incident-management-html5-repo-host"...#
#2026 09 29 09:24:07.283#Z#DEBUG#7af2fbb9-bbe7-11f1-96da-eeee0a9cddf2.OPERATION#ForkJoinPool-102-worker-2#
[BuildContentDeploymentConfigurationStep] Getting service key "incident-management-app-deployer-incident-management-auth-credentials" for service instance "incident-management-auth"...#
#2026 09 29 09:24:07.467#Z#INFO#7af2fbb9-bbe7-11f1-96da-eeee0a9cddf2.OPERATION#ForkJoinPool-102-worker-2#
[BuildContentDeploymentConfigurationStep] Service key "incident-management-app-deployer-incident-management-auth-credentials" for service "incident-management-auth" already exists#
#2026 09 29 09:24:07.495#Z#INFO#7af2fbb9-bbe7-11f1-96da-eeee0a9cddf2.OPERATION#ForkJoinPool-102-worker-1#
[BuildContentDeploymentConfigurationStep] Service key "incident-management-app-deployer-incident-management-html5-repo-host-credentials" for service "incident-management-html5-repo-host" already exists#
#2026 09 29 09:24:07.499#Z#DEBUG#7af2fbb9-bbe7-11f1-96da-eeee0a9cddf2.OPERATION#flowable-async-job-executor-thread-5136#
Step "Build Content Deployment Configuration" finished#
#2026 09 29 09:24:07.502#Z#DEBUG#7af2fbb9-bbe7-11f1-96da-eeee0a9cddf2.OPERATION#flowable-async-job-executor-thread-5136#
[CreateContentDeployClientConfigurationStep] Executing task "createContentDeployClientConfigurationTask" of process "8564c7f2-bbe7-11f1-96da-eeee0a9cddf2"...#
#2026 09 29 09:24:07.503#Z#DEBUG#7af2fbb9-bbe7-11f1-96da-eeee0a9cddf2.OPERATION#flowable-async-job-executor-thread-5136#
[CreateContentDeployClientConfigurationStep] Content deployer client configuration: {
  "contentDeployerUrl" : "https://html5-apps-repo-dt.cfapps.us10.hana.ondemand.com",
  "uaaClientConfiguration" : {
    "url" : "********",
    "credentials" : "********",
    "authenticationStrategyType" : "********"
  },
  "httpRequestHeaders" : {
    "X-CorrelationID" : "7af2fbb9-bbe7-11f1-96da-eeee0a9cddf2"
  },
  "spaceId" : "625adf6d-63f6-4db7-a3cd-0f6c39a650f8",
  "serviceName" : "incident-management-html5-repo-host"
}#
#2026 09 29 09:24:07.717#Z#DEBUG#7af2fbb9-bbe7-11f1-96da-eeee0a9cddf2.OPERATION#flowable-async-job-executor-thread-5136#
Step "Create Content Deploy Client Configuration" finished#
#2026 09 29 09:24:07.718#Z#DEBUG#7af2fbb9-bbe7-11f1-96da-eeee0a9cddf2.OPERATION#flowable-async-job-executor-thread-5136#
[GetContentFromDeploymentDescriptorStep] Executing task "getContentFromDeploymentDescriptorTask" of process "8564c7f2-bbe7-11f1-96da-eeee0a9cddf2"...#
#2026 09 29 09:24:07.718#Z#DEBUG#7af2fbb9-bbe7-11f1-96da-eeee0a9cddf2.OPERATION#flowable-async-job-executor-thread-5136#
Step "Get Content From Deployment Descriptor" finished#
#2026 09 29 09:24:07.366#Z#DEBUG#7af2fbb9-bbe7-11f1-96da-eeee0a9cddf2.OPERATION#flowable-async-job-executor-thread-5138#
[DetermineApplicationServiceBindingActionsStep] Executing task "determineApplicationServiceBindingActionsTask" of process "85368c42-bbe7-11f1-96da-eeee0a9cddf2"...#
#2026 09 29 09:24:07.368#Z#DEBUG#7af2fbb9-bbe7-11f1-96da-eeee0a9cddf2.OPERATION#flowable-async-job-executor-thread-5138#
[DetermineApplicationServiceBindingActionsStep] Determine bind/unbind operations of application "incident-management-srv" to service instance "incident-management-db"#
#2026 09 29 09:24:07.368#Z#DEBUG#7af2fbb9-bbe7-11f1-96da-eeee0a9cddf2.OPERATION#flowable-async-job-executor-thread-5138#
[DetermineApplicationServiceBindingActionsStep] Getting application "incident-management-srv"...#
#2026 09 29 09:24:07.400#Z#DEBUG#7af2fbb9-bbe7-11f1-96da-eeee0a9cddf2.OPERATION#flowable-async-job-executor-thread-5138#
[DetermineApplicationServiceBindingActionsStep] Binding parameters for application "incident-management-srv": { }#
#2026 09 29 09:24:07.434#Z#DEBUG#7af2fbb9-bbe7-11f1-96da-eeee0a9cddf2.OPERATION#flowable-async-job-executor-thread-5138#
[DetermineApplicationServiceBindingActionsStep] Check should rebind application "incident-management-srv" and service instance "incident-management-db"#
#2026 09 29 09:24:07.434#Z#DEBUG#7af2fbb9-bbe7-11f1-96da-eeee0a9cddf2.OPERATION#flowable-async-job-executor-thread-5138#
[DetermineApplicationServiceBindingActionsStep] Getting GUID of required service instance "incident-management-db"...#
#2026 09 29 09:24:07.461#Z#DEBUG#7af2fbb9-bbe7-11f1-96da-eeee0a9cddf2.OPERATION#flowable-async-job-executor-thread-5138#
[DetermineApplicationServiceBindingActionsStep] Getting binding of service instance "b37b783f-2d37-4a15-b37e-5ed681088085" with application "28a8f8e3-575e-4bf1-b16b-3f7b028fba51"...#
#2026 09 29 09:24:07.488#Z#DEBUG#7af2fbb9-bbe7-11f1-96da-eeee0a9cddf2.OPERATION#flowable-async-job-executor-thread-5138#
[DetermineApplicationServiceBindingActionsStep] Getting parameters of service binding "b8f31019-4e1a-40d1-ba45-c0f5e03e0fe0"...#
#2026 09 29 09:24:07.725#Z#INFO#7af2fbb9-bbe7-11f1-96da-eeee0a9cddf2.OPERATION#flowable-async-job-executor-thread-5138#
[DetermineApplicationServiceBindingActionsStep] Service instance "incident-management-db" will not be rebound to application "incident-management-srv" because the binding parameters are not modified#
#2026 09 29 09:24:07.728#Z#DEBUG#7af2fbb9-bbe7-11f1-96da-eeee0a9cddf2.OPERATION#flowable-async-job-executor-thread-5138#
[DetermineApplicationServiceBindingActionsStep] Calculated binding operations between application "incident-management-srv" and service instance "incident-management-db": unbind - false bind - false#
#2026 09 29 09:24:07.728#Z#DEBUG#7af2fbb9-bbe7-11f1-96da-eeee0a9cddf2.OPERATION#flowable-async-job-executor-thread-5138#
Step "Determine Application Service Binding Actions" finished#
#2026 09 29 09:24:08.134#Z#DEBUG#7af2fbb9-bbe7-11f1-96da-eeee0a9cddf2.OPERATION#flowable-async-job-executor-thread-6668#
[CheckServiceBindingOperationStep] Executing task "checkForServiceBindingOperationInProgress" of process "85be8179-bbe7-11f1-8bc6-eeee0a95f271"...#
#2026 09 29 09:24:08.134#Z#DEBUG#7af2fbb9-bbe7-11f1-96da-eeee0a9cddf2.OPERATION#flowable-async-job-executor-thread-6668#
[CheckServiceBindingOperationStep] Checking for service binding operation in progress between app "incident-management-srv" and service instance "incident-management-auth"#
#2026 09 29 09:24:08.134#Z#DEBUG#7af2fbb9-bbe7-11f1-96da-eeee0a9cddf2.OPERATION#flowable-async-job-executor-thread-6668#
[CheckServiceBindingOperationStep] Getting application guid "incident-management-srv"...#
#2026 09 29 09:24:08.164#Z#DEBUG#7af2fbb9-bbe7-11f1-96da-eeee0a9cddf2.OPERATION#flowable-async-job-executor-thread-6668#
[CheckServiceBindingOperationStep] Getting GUID of required service instance "incident-management-auth"...#
#2026 09 29 09:24:08.196#Z#DEBUG#7af2fbb9-bbe7-11f1-96da-eeee0a9cddf2.OPERATION#flowable-async-job-executor-thread-6668#
[CheckServiceBindingOperationStep] Getting binding of service instance "4e46ca65-dc0d-4c2c-881d-c824f76300de" with application "28a8f8e3-575e-4bf1-b16b-3f7b028fba51"...#
#2026 09 29 09:24:08.235#Z#DEBUG#7af2fbb9-bbe7-11f1-96da-eeee0a9cddf2.OPERATION#flowable-async-job-executor-thread-6668#
[CheckServiceBindingOperationStep] Service binding operation "72ff22b8-b8a3-4276-8404-7a4e0807223c" with type "create" is in state "succeeded"#
#2026 09 29 09:24:08.235#Z#DEBUG#7af2fbb9-bbe7-11f1-96da-eeee0a9cddf2.OPERATION#flowable-async-job-executor-thread-6668#
Step "Check For Service Binding Operation In Progress" finished#
#2026 09 29 09:24:08.199#Z#DEBUG#7af2fbb9-bbe7-11f1-96da-eeee0a9cddf2.OPERATION#flowable-async-job-executor-thread-6673#
[BuildContentDeploymentConfigurationStep] Executing task "buildContentDeploymentConfigurationTask" of process "85c49c99-bbe7-11f1-8bc6-eeee0a95f271"...#
#2026 09 29 09:24:08.203#Z#DEBUG#7af2fbb9-bbe7-11f1-96da-eeee0a9cddf2.OPERATION#ForkJoinPool-129-worker-1#
[BuildContentDeploymentConfigurationStep] Getting service key "incident-management-html5-repo-host-key" for service instance "incident-management-html5-repo-host"...#
#2026 09 29 09:24:08.204#Z#DEBUG#7af2fbb9-bbe7-11f1-96da-eeee0a9cddf2.OPERATION#ForkJoinPool-129-worker-2#
[BuildContentDeploymentConfigurationStep] Getting service key "incident-management-auth-key" for service instance "incident-management-auth"...#
#2026 09 29 09:24:08.204#Z#DEBUG#7af2fbb9-bbe7-11f1-96da-eeee0a9cddf2.OPERATION#ForkJoinPool-129-worker-3#
[BuildContentDeploymentConfigurationStep] Getting service key "incident-management-destinations-incident-management-destination-credentials" for service instance "incident-management-destination"...#
#2026 09 29 09:24:08.388#Z#INFO#7af2fbb9-bbe7-11f1-96da-eeee0a9cddf2.OPERATION#ForkJoinPool-129-worker-2#
[BuildContentDeploymentConfigurationStep] Service key "incident-management-auth-key" for service "incident-management-auth" already exists#
#2026 09 29 09:24:08.391#Z#INFO#7af2fbb9-bbe7-11f1-96da-eeee0a9cddf2.OPERATION#ForkJoinPool-129-worker-1#
[BuildContentDeploymentConfigurationStep] Service key "incident-management-html5-repo-host-key" for service "incident-management-html5-repo-host" already exists#
#2026 09 29 09:24:08.393#Z#INFO#7af2fbb9-bbe7-11f1-96da-eeee0a9cddf2.OPERATION#ForkJoinPool-129-worker-3#
[BuildContentDeploymentConfigurationStep] Service key "incident-management-destinations-incident-management-destination-credentials" for service "incident-management-destination" already exists#
#2026 09 29 09:24:08.398#Z#DEBUG#7af2fbb9-bbe7-11f1-96da-eeee0a9cddf2.OPERATION#flowable-async-job-executor-thread-6673#
Step "Build Content Deployment Configuration" finished#
#2026 09 29 09:24:08.256#Z#DEBUG#7af2fbb9-bbe7-11f1-96da-eeee0a9cddf2.OPERATION#flowable-async-job-executor-thread-6671#
[DetermineApplicationServiceBindingActionsStep] Executing task "determineApplicationServiceBindingActionsTask" of process "85be8179-bbe7-11f1-8bc6-eeee0a95f271"...#
#2026 09 29 09:24:08.257#Z#DEBUG#7af2fbb9-bbe7-11f1-96da-eeee0a9cddf2.OPERATION#flowable-async-job-executor-thread-6671#
[DetermineApplicationServiceBindingActionsStep] Determine bind/unbind operations of application "incident-management-srv" to service instance "incident-management-auth"#
#2026 09 29 09:24:08.257#Z#DEBUG#7af2fbb9-bbe7-11f1-96da-eeee0a9cddf2.OPERATION#flowable-async-job-executor-thread-6671#
[DetermineApplicationServiceBindingActionsStep] Getting application "incident-management-srv"...#
#2026 09 29 09:24:08.286#Z#DEBUG#7af2fbb9-bbe7-11f1-96da-eeee0a9cddf2.OPERATION#flowable-async-job-executor-thread-6671#
[DetermineApplicationServiceBindingActionsStep] Binding parameters for application "incident-management-srv": { }#
#2026 09 29 09:24:08.323#Z#DEBUG#7af2fbb9-bbe7-11f1-96da-eeee0a9cddf2.OPERATION#flowable-async-job-executor-thread-6671#
[DetermineApplicationServiceBindingActionsStep] Check should rebind application "incident-management-srv" and service instance "incident-management-auth"#
#2026 09 29 09:24:08.323#Z#DEBUG#7af2fbb9-bbe7-11f1-96da-eeee0a9cddf2.OPERATION#flowable-async-job-executor-thread-6671#
[DetermineApplicationServiceBindingActionsStep] Getting GUID of required service instance "incident-management-auth"...#
#2026 09 29 09:24:08.355#Z#DEBUG#7af2fbb9-bbe7-11f1-96da-eeee0a9cddf2.OPERATION#flowable-async-job-executor-thread-6671#
[DetermineApplicationServiceBindingActionsStep] Getting binding of service instance "4e46ca65-dc0d-4c2c-881d-c824f76300de" with application "28a8f8e3-575e-4bf1-b16b-3f7b028fba51"...#
#2026 09 29 09:24:08.387#Z#DEBUG#7af2fbb9-bbe7-11f1-96da-eeee0a9cddf2.OPERATION#flowable-async-job-executor-thread-6671#
[DetermineApplicationServiceBindingActionsStep] Getting parameters of service binding "72ff22b8-b8a3-4276-8404-7a4e0807223c"...#
#2026 09 29 09:24:08.416#Z#WARN#7af2fbb9-bbe7-11f1-96da-eeee0a9cddf2.OPERATION#flowable-async-job-executor-thread-6671#
[DetermineApplicationServiceBindingActionsStep] Cannot retrieve parameters of binding between application "incident-management-srv" and service instance "incident-management-auth"#
#2026 09 29 09:24:08.417#Z#DEBUG#7af2fbb9-bbe7-11f1-96da-eeee0a9cddf2.OPERATION#flowable-async-job-executor-thread-6671#
[DetermineApplicationServiceBindingActionsStep] Calculated binding operations between application "incident-management-srv" and service instance "incident-management-auth": unbind - true bind - true#
#2026 09 29 09:24:08.417#Z#DEBUG#7af2fbb9-bbe7-11f1-96da-eeee0a9cddf2.OPERATION#flowable-async-job-executor-thread-6671#
Step "Determine Application Service Binding Actions" finished#
#2026 09 29 09:24:08.403#Z#DEBUG#7af2fbb9-bbe7-11f1-96da-eeee0a9cddf2.OPERATION#flowable-async-job-executor-thread-6673#
[CreateContentDeployClientConfigurationStep] Executing task "createContentDeployClientConfigurationTask" of process "85ee1c35-bbe7-11f1-8bc6-eeee0a95f271"...#
#2026 09 29 09:24:08.403#Z#DEBUG#7af2fbb9-bbe7-11f1-96da-eeee0a9cddf2.OPERATION#flowable-async-job-executor-thread-6673#
[CreateContentDeployClientConfigurationStep] Content deployer client configuration: {
  "contentDeployerUrl" : "https://destination-configuration.cfapps.us10.hana.ondemand.com/destination-configuration/gacd",
  "uaaClientConfiguration" : {
    "url" : "********",
    "credentials" : "********",
    "authenticationStrategyType" : "********"
  },
  "httpRequestHeaders" : {
    "X-CorrelationID" : "7af2fbb9-bbe7-11f1-96da-eeee0a9cddf2"
  },
  "spaceId" : "625adf6d-63f6-4db7-a3cd-0f6c39a650f8",
  "serviceName" : "incident-management-destination"
}#
#2026 09 29 09:24:08.588#Z#DEBUG#7af2fbb9-bbe7-11f1-96da-eeee0a9cddf2.OPERATION#flowable-async-job-executor-thread-6673#
Step "Create Content Deploy Client Configuration" finished#
#2026 09 29 09:24:08.590#Z#DEBUG#7af2fbb9-bbe7-11f1-96da-eeee0a9cddf2.OPERATION#flowable-async-job-executor-thread-6673#
[GetContentFromDeploymentDescriptorStep] Executing task "getContentFromDeploymentDescriptorTask" of process "85ee1c35-bbe7-11f1-8bc6-eeee0a95f271"...#
#2026 09 29 09:24:08.590#Z#DEBUG#7af2fbb9-bbe7-11f1-96da-eeee0a9cddf2.OPERATION#flowable-async-job-executor-thread-6673#
[GetContentFromDeploymentDescriptorStep] Content for module: "incident-management-destinations" is: "{
  "id" : "9f0089bb-fe00-4e51-8342-e48600eb4f96",
  "contentType" : "EMBEDDED",
  "content" : {
    "instance" : {
      "destinations" : [ {
        "Name" : "incident-management-html5-repository",
        "ServiceInstanceName" : "incident-management-html5-repo-host",
        "ServiceKeyName" : "********",
        "sap.cloud.service" : "incidentmanagement.service"
      }, {
        "Authentication" : "********",
        "Name" : "********",
        "ServiceInstanceName" : "********",
        "ServiceKeyName" : "********",
        "sap.cloud.service" : "incidentmanagement.service"
      } ],
      "existing_destinations_policy" : "update"
    }
  }
}"#
#2026 09 29 09:24:08.590#Z#DEBUG#7af2fbb9-bbe7-11f1-96da-eeee0a9cddf2.OPERATION#flowable-async-job-executor-thread-6673#
Step "Get Content From Deployment Descriptor" finished#
#2026 09 29 09:24:07.719#Z#DEBUG#7af2fbb9-bbe7-11f1-96da-eeee0a9cddf2.OPERATION#flowable-async-job-executor-thread-5136#
[UploadContentStep] Executing task "uploadContentTask" of process "8564c7f2-bbe7-11f1-96da-eeee0a9cddf2"...#
#2026 09 29 09:24:07.719#Z#INFO#7af2fbb9-bbe7-11f1-96da-eeee0a9cddf2.OPERATION#flowable-async-job-executor-thread-5136#
[UploadContentStep] Uploading content module "incident-management-app-deployer" in target service "incident-management-html5-repo-host"...#
#2026 09 29 09:24:07.723#Z#DEBUG#7af2fbb9-bbe7-11f1-96da-eeee0a9cddf2.OPERATION#flowable-async-job-executor-thread-5136#
[UploadContentStep] Uploading file "incident-management-app-deployer/app/data.zip" for content module "incident-management-app-deployer" in service "incident-management-html5-repo-host"#
#2026 09 29 09:24:07.924#Z#INFO#7af2fbb9-bbe7-11f1-96da-eeee0a9cddf2.OPERATION#flowable-async-job-executor-thread-5136#
[UploadContentStep] Content to deploy size: 4,890 in bytes#
#2026 09 29 09:24:08.601#Z#DEBUG#7af2fbb9-bbe7-11f1-96da-eeee0a9cddf2.OPERATION#flowable-async-job-executor-thread-5136#
[UploadContentStep] Uploaded content: {
  "id" : "0127360c-7b18-40fd-a3d4-4b586c2f254b",
  "name" : "content.zip",
  "contentType" : "FILE"
}#
#2026 09 29 09:24:08.601#Z#DEBUG#7af2fbb9-bbe7-11f1-96da-eeee0a9cddf2.OPERATION#flowable-async-job-executor-thread-5136#
Step "Upload Content" finished#
#2026 09 29 09:24:08.458#Z#DEBUG#7af2fbb9-bbe7-11f1-96da-eeee0a9cddf2.OPERATION#flowable-async-job-executor-thread-6666#
[UnbindServiceFromApplicationStep] Executing task "unbindServiceFromApplicationTask" of process "85be8179-bbe7-11f1-8bc6-eeee0a95f271"...#
#2026 09 29 09:24:08.462#Z#INFO#7af2fbb9-bbe7-11f1-96da-eeee0a9cddf2.OPERATION#flowable-async-job-executor-thread-6666#
[UnbindServiceFromApplicationStep] Unbinding service instance "incident-management-auth" from application "incident-management-srv"...#
#2026 09 29 09:24:08.464#Z#DEBUG#7af2fbb9-bbe7-11f1-96da-eeee0a9cddf2.OPERATION#flowable-async-job-executor-thread-6666#
[UnbindServiceFromApplicationStep] Unbinding application "incident-management-srv" from service instance "incident-management-auth"...#
#2026 09 29 09:24:08.602#Z#DEBUG#7af2fbb9-bbe7-11f1-96da-eeee0a9cddf2.OPERATION#flowable-async-job-executor-thread-6666#
Step "Unbind Service from Application" finished#
#2026 09 29 09:24:08.603#Z#DEBUG#7af2fbb9-bbe7-11f1-96da-eeee0a9cddf2.OPERATION#flowable-async-job-executor-thread-5136#
[StartContentDeployStep] Executing task "startContentDeployTask" of process "8564c7f2-bbe7-11f1-96da-eeee0a9cddf2"...#
#2026 09 29 09:24:08.603#Z#INFO#7af2fbb9-bbe7-11f1-96da-eeee0a9cddf2.OPERATION#flowable-async-job-executor-thread-5136#
[StartContentDeployStep] Deploying content module "incident-management-app-deployer" in target service "incident-management-html5-repo-host"...#
#2026 09 29 09:24:08.889#Z#DEBUG#7af2fbb9-bbe7-11f1-96da-eeee0a9cddf2.OPERATION#flowable-async-job-executor-thread-5136#
Step "Start Content Deploy" finished#
#2026 09 29 09:24:08.591#Z#DEBUG#7af2fbb9-bbe7-11f1-96da-eeee0a9cddf2.OPERATION#flowable-async-job-executor-thread-6673#
[SynchronousContentDeployStep] Executing task "synchronousContentDeployTask" of process "85ee1c35-bbe7-11f1-8bc6-eeee0a95f271"...#
#2026 09 29 09:24:08.592#Z#INFO#7af2fbb9-bbe7-11f1-96da-eeee0a9cddf2.OPERATION#flowable-async-job-executor-thread-6673#
[SynchronousContentDeployStep] Deploying content module "incident-management-destinations" in target service "incident-management-destination"...#
#2026 09 29 09:24:08.759#Z#DEBUG#7af2fbb9-bbe7-11f1-96da-eeee0a9cddf2.OPERATION#flowable-async-job-executor-thread-6673#
[SynchronousContentDeployStep] Processing inline content upload for module: incident-management-destinations#
#2026 09 29 09:24:08.956#Z#DEBUG#7af2fbb9-bbe7-11f1-96da-eeee0a9cddf2.OPERATION#flowable-async-job-executor-thread-6673#
Step "Synchronous Deploy" finished#
#2026 09 29 09:24:13.842#Z#DEBUG#7af2fbb9-bbe7-11f1-96da-eeee0a9cddf2.OPERATION#flowable-async-job-executor-thread-6667#
[UnbindServiceFromApplicationStep] Executing task "unbindServiceFromApplicationTask" of process "84480d62-bbe7-11f1-8bc6-eeee0a95f271"...#
#2026 09 29 09:24:13.843#Z#DEBUG#7af2fbb9-bbe7-11f1-96da-eeee0a9cddf2.OPERATION#flowable-async-job-executor-thread-6667#
[UnbindServiceFromApplicationStep] Getting async job "e69f72a3-a528-47d6-9f3d-184c4215e43a"#
#2026 09 29 09:24:13.848#Z#DEBUG#7af2fbb9-bbe7-11f1-96da-eeee0a9cddf2.OPERATION#flowable-async-job-executor-thread-6673#
[UnbindServiceFromApplicationStep] Executing task "unbindServiceFromApplicationTask" of process "85be8179-bbe7-11f1-8bc6-eeee0a95f271"...#
#2026 09 29 09:24:13.850#Z#DEBUG#7af2fbb9-bbe7-11f1-96da-eeee0a9cddf2.OPERATION#flowable-async-job-executor-thread-6673#
[UnbindServiceFromApplicationStep] Getting async job "6a7e7fbe-8626-4b8c-a006-027db5fee8f5"#
#2026 09 29 09:24:13.870#Z#DEBUG#7af2fbb9-bbe7-11f1-96da-eeee0a9cddf2.OPERATION#flowable-async-job-executor-thread-6667#
[UnbindServiceFromApplicationStep] Getting service instance "incident-management-destination"...#
#2026 09 29 09:24:13.871#Z#DEBUG#7af2fbb9-bbe7-11f1-96da-eeee0a9cddf2.OPERATION#flowable-async-job-executor-thread-6673#
[UnbindServiceFromApplicationStep] Getting service instance "incident-management-auth"...#
#2026 09 29 09:24:13.983#Z#DEBUG#7af2fbb9-bbe7-11f1-96da-eeee0a9cddf2.OPERATION#flowable-async-job-executor-thread-6673#
[UnbindServiceFromApplicationStep] Async service binding operation with id "6a7e7fbe-8626-4b8c-a006-027db5fee8f5" finished#
#2026 09 29 09:24:13.984#Z#DEBUG#7af2fbb9-bbe7-11f1-96da-eeee0a9cddf2.OPERATION#flowable-async-job-executor-thread-6673#
Step "Unbind Service from Application" finished#
#2026 09 29 09:24:13.988#Z#DEBUG#7af2fbb9-bbe7-11f1-96da-eeee0a9cddf2.OPERATION#flowable-async-job-executor-thread-6667#
[UnbindServiceFromApplicationStep] Async service binding operation with id "e69f72a3-a528-47d6-9f3d-184c4215e43a" finished#
#2026 09 29 09:24:13.992#Z#DEBUG#7af2fbb9-bbe7-11f1-96da-eeee0a9cddf2.OPERATION#flowable-async-job-executor-thread-6667#
Step "Unbind Service from Application" finished#
#2026 09 29 09:24:14.019#Z#DEBUG#7af2fbb9-bbe7-11f1-96da-eeee0a9cddf2.OPERATION#flowable-async-job-executor-thread-6673#
[BindServiceToApplicationStep] Executing task "bindServiceToApplicationTask" of process "85be8179-bbe7-11f1-8bc6-eeee0a95f271"...#
#2026 09 29 09:24:14.021#Z#INFO#7af2fbb9-bbe7-11f1-96da-eeee0a9cddf2.OPERATION#flowable-async-job-executor-thread-6673#
[BindServiceToApplicationStep] Binding service instance "incident-management-auth" to application "incident-management-srv"...#
#2026 09 29 09:24:14.026#Z#DEBUG#7af2fbb9-bbe7-11f1-96da-eeee0a9cddf2.OPERATION#flowable-async-job-executor-thread-6667#
[BindServiceToApplicationStep] Executing task "bindServiceToApplicationTask" of process "84480d62-bbe7-11f1-8bc6-eeee0a95f271"...#
#2026 09 29 09:24:14.027#Z#INFO#7af2fbb9-bbe7-11f1-96da-eeee0a9cddf2.OPERATION#flowable-async-job-executor-thread-6667#
[BindServiceToApplicationStep] Binding service instance "incident-management-destination" to application "incident-management-srv"...#
#2026 09 29 09:24:14.028#Z#DEBUG#7af2fbb9-bbe7-11f1-96da-eeee0a9cddf2.OPERATION#flowable-async-job-executor-thread-6673#
[BindServiceToApplicationStep] Binding service instance "incident-management-auth" to application "incident-management-srv" with parameters: { }#
#2026 09 29 09:24:14.030#Z#DEBUG#7af2fbb9-bbe7-11f1-96da-eeee0a9cddf2.OPERATION#flowable-async-job-executor-thread-6667#
[BindServiceToApplicationStep] Binding service instance "incident-management-destination" to application "incident-management-srv" with parameters: { }#
#2026 09 29 09:24:14.146#Z#DEBUG#7af2fbb9-bbe7-11f1-96da-eeee0a9cddf2.OPERATION#flowable-async-job-executor-thread-6673#
Step "Bind Service to Application" finished#
#2026 09 29 09:24:14.168#Z#DEBUG#7af2fbb9-bbe7-11f1-96da-eeee0a9cddf2.OPERATION#flowable-async-job-executor-thread-6667#
Step "Bind Service to Application" finished#
#2026 09 29 09:24:13.851#Z#DEBUG#7af2fbb9-bbe7-11f1-96da-eeee0a9cddf2.OPERATION#flowable-async-job-executor-thread-6670#
[UploadAppStep] Executing task "uploadAppTask" of process "8438a407-bbe7-11f1-96da-eeee0a9cddf2"...#
#2026 09 29 09:24:13.852#Z#DEBUG#7af2fbb9-bbe7-11f1-96da-eeee0a9cddf2.OPERATION#flowable-async-job-executor-thread-6670#
[UploadAppStep] Application upload timeout is default one: 3,600 seconds#
#2026 09 29 09:24:13.853#Z#DEBUG#7af2fbb9-bbe7-11f1-96da-eeee0a9cddf2.OPERATION#pool-14-thread-6#
[UploadAppStep] Upload of application: incident-management-db-deployer started on instance: 0#
#2026 09 29 09:24:13.853#Z#DEBUG#7af2fbb9-bbe7-11f1-96da-eeee0a9cddf2.OPERATION#pool-14-thread-6#
[UploadAppStep] Uploading file "incident-management-db-deployer/data.zip" for application "incident-management-db-deployer"#
#2026 09 29 09:24:13.906#Z#INFO#7af2fbb9-bbe7-11f1-96da-eeee0a9cddf2.OPERATION#pool-14-thread-6#
[UploadAppStep] Time elapsed for app binary download: 52 in millis#
#2026 09 29 09:24:13.906#Z#INFO#7af2fbb9-bbe7-11f1-96da-eeee0a9cddf2.OPERATION#pool-14-thread-6#
[UploadAppStep] Size of app incident-management-db-deployer is 2,465,840 bytes#
#2026 09 29 09:24:13.906#Z#DEBUG#7af2fbb9-bbe7-11f1-96da-eeee0a9cddf2.OPERATION#pool-14-thread-6#
[UploadAppStep] Asynchronously uploading binaries for application "incident-management-db-deployer"...#
#2026 09 29 09:24:14.106#Z#INFO#7af2fbb9-bbe7-11f1-96da-eeee0a9cddf2.OPERATION#pool-14-thread-6#
[UploadAppStep] Started async upload of application "incident-management-db-deployer"#
#2026 09 29 09:24:14.110#Z#INFO#7af2fbb9-bbe7-11f1-96da-eeee0a9cddf2.OPERATION#flowable-async-job-executor-thread-6670#
[UploadAppStep] Time elapsed for upload: 258 in millis#
#2026 09 29 09:24:14.110#Z#DEBUG#7af2fbb9-bbe7-11f1-96da-eeee0a9cddf2.OPERATION#flowable-async-job-executor-thread-6670#
[UploadAppStep] Getting application "incident-management-db-deployer"...#
#2026 09 29 09:24:14.132#Z#DEBUG#7af2fbb9-bbe7-11f1-96da-eeee0a9cddf2.OPERATION#App upload monitor: 6352c0bc-293d-47fe-8c50-1c24c68eb33a#
[UploadAppStep] Upload status: PROCESSING_UPLOAD#
#2026 09 29 09:24:14.143#Z#DEBUG#7af2fbb9-bbe7-11f1-96da-eeee0a9cddf2.OPERATION#flowable-async-job-executor-thread-6670#
[UploadAppStep] Getting environment of application "5417dcc0-8ec9-404c-9f48-6c83c38b999b"...#
#2026 09 29 09:24:14.173#Z#DEBUG#7af2fbb9-bbe7-11f1-96da-eeee0a9cddf2.OPERATION#flowable-async-job-executor-thread-6670#
[UploadAppStep] Updating environment of application "incident-management-db-deployer"#
#2026 09 29 09:24:14.258#Z#DEBUG#7af2fbb9-bbe7-11f1-96da-eeee0a9cddf2.OPERATION#flowable-async-job-executor-thread-6670#
Step "Upload App" finished#
#2026 09 29 09:24:23.886#Z#DEBUG#7af2fbb9-bbe7-11f1-96da-eeee0a9cddf2.OPERATION#flowable-async-job-executor-thread-5150#
[UploadAppStep] Executing task "uploadAppTask" of process "8438a407-bbe7-11f1-96da-eeee0a9cddf2"...#
#2026 09 29 09:24:23.888#Z#DEBUG#7af2fbb9-bbe7-11f1-96da-eeee0a9cddf2.OPERATION#flowable-async-job-executor-thread-5150#
[UploadAppStep] Application upload timeout is default one: 3,600 seconds#
#2026 09 29 09:24:23.888#Z#DEBUG#7af2fbb9-bbe7-11f1-96da-eeee0a9cddf2.OPERATION#flowable-async-job-executor-thread-5150#
[UploadAppStep] Checking upload status of application "incident-management-db-deployer"...#
#2026 09 29 09:24:23.889#Z#DEBUG#7af2fbb9-bbe7-11f1-96da-eeee0a9cddf2.OPERATION#flowable-async-job-executor-thread-5150#
[UploadAppStep] Getting package "6352c0bc-293d-47fe-8c50-1c24c68eb33a"...#
#2026 09 29 09:24:23.911#Z#DEBUG#7af2fbb9-bbe7-11f1-96da-eeee0a9cddf2.OPERATION#flowable-async-job-executor-thread-5150#
[UploadAppStep] Application "incident-management-db-deployer" uploaded#
#2026 09 29 09:24:23.911#Z#DEBUG#7af2fbb9-bbe7-11f1-96da-eeee0a9cddf2.OPERATION#flowable-async-job-executor-thread-5150#
Step "Upload App" finished#
#2026 09 29 09:24:23.935#Z#DEBUG#7af2fbb9-bbe7-11f1-96da-eeee0a9cddf2.OPERATION#flowable-async-job-executor-thread-5150#
[ScaleAppStep] Executing task "scaleAppTask" of process "8438a407-bbe7-11f1-96da-eeee0a9cddf2"...#
#2026 09 29 09:24:23.937#Z#DEBUG#7af2fbb9-bbe7-11f1-96da-eeee0a9cddf2.OPERATION#flowable-async-job-executor-thread-5150#
[ScaleAppStep] Scaling application "incident-management-db-deployer"...#
#2026 09 29 09:24:23.937#Z#DEBUG#7af2fbb9-bbe7-11f1-96da-eeee0a9cddf2.OPERATION#flowable-async-job-executor-thread-5150#
[ScaleAppStep] Getting application guid "incident-management-db-deployer"...#
#2026 09 29 09:24:23.966#Z#DEBUG#7af2fbb9-bbe7-11f1-96da-eeee0a9cddf2.OPERATION#flowable-async-job-executor-thread-5150#
[ScaleAppStep] Getting process for application "5417dcc0-8ec9-404c-9f48-6c83c38b999b"...#
#2026 09 29 09:24:23.996#Z#DEBUG#7af2fbb9-bbe7-11f1-96da-eeee0a9cddf2.OPERATION#flowable-async-job-executor-thread-5150#
[ScaleAppStep] Application "incident-management-db-deployer" scaled#
#2026 09 29 09:24:23.996#Z#DEBUG#7af2fbb9-bbe7-11f1-96da-eeee0a9cddf2.OPERATION#flowable-async-job-executor-thread-5150#
Step "Scale App" finished#
#2026 09 29 09:24:23.901#Z#DEBUG#7af2fbb9-bbe7-11f1-96da-eeee0a9cddf2.OPERATION#flowable-async-job-executor-thread-5147#
[BindServiceToApplicationStep] Executing task "bindServiceToApplicationTask" of process "85be8179-bbe7-11f1-8bc6-eeee0a95f271"...#
#2026 09 29 09:24:23.902#Z#DEBUG#7af2fbb9-bbe7-11f1-96da-eeee0a9cddf2.OPERATION#flowable-async-job-executor-thread-5147#
[BindServiceToApplicationStep] Getting async job "ed339a2b-85a5-4d96-9417-9fd5f89961fa"#
#2026 09 29 09:24:23.922#Z#DEBUG#7af2fbb9-bbe7-11f1-96da-eeee0a9cddf2.OPERATION#flowable-async-job-executor-thread-5147#
[BindServiceToApplicationStep] Getting service instance "incident-management-auth"...#
#2026 09 29 09:24:24.043#Z#DEBUG#7af2fbb9-bbe7-11f1-96da-eeee0a9cddf2.OPERATION#flowable-async-job-executor-thread-5147#
[BindServiceToApplicationStep] Async service binding operation with id "ed339a2b-85a5-4d96-9417-9fd5f89961fa" finished#
#2026 09 29 09:24:24.044#Z#DEBUG#7af2fbb9-bbe7-11f1-96da-eeee0a9cddf2.OPERATION#flowable-async-job-executor-thread-5147#
Step "Bind Service to Application" finished#
#2026 09 29 09:24:23.911#Z#DEBUG#7af2fbb9-bbe7-11f1-96da-eeee0a9cddf2.OPERATION#flowable-async-job-executor-thread-6671#
[BindServiceToApplicationStep] Executing task "bindServiceToApplicationTask" of process "84480d62-bbe7-11f1-8bc6-eeee0a95f271"...#
#2026 09 29 09:24:23.915#Z#DEBUG#7af2fbb9-bbe7-11f1-96da-eeee0a9cddf2.OPERATION#flowable-async-job-executor-thread-6671#
[BindServiceToApplicationStep] Getting async job "6f49f3eb-b961-451d-9fc5-0e294b61a7fd"#
#2026 09 29 09:24:23.940#Z#DEBUG#7af2fbb9-bbe7-11f1-96da-eeee0a9cddf2.OPERATION#flowable-async-job-executor-thread-6671#
[BindServiceToApplicationStep] Getting service instance "incident-management-destination"...#
#2026 09 29 09:24:24.078#Z#DEBUG#7af2fbb9-bbe7-11f1-96da-eeee0a9cddf2.OPERATION#flowable-async-job-executor-thread-6671#
[BindServiceToApplicationStep] Async service binding operation with id "6f49f3eb-b961-451d-9fc5-0e294b61a7fd" finished#
#2026 09 29 09:24:24.079#Z#DEBUG#7af2fbb9-bbe7-11f1-96da-eeee0a9cddf2.OPERATION#flowable-async-job-executor-thread-6671#
Step "Bind Service to Application" finished#
#2026 09 29 09:24:24.044#Z#DEBUG#7af2fbb9-bbe7-11f1-96da-eeee0a9cddf2.OPERATION#flowable-async-job-executor-thread-5150#
[DetermineDesiredStateAchievingActionsStep] Executing task "determineDesiredStateAchievingActionsTask" of process "8438a407-bbe7-11f1-96da-eeee0a9cddf2"...#
#2026 09 29 09:24:24.046#Z#DEBUG#7af2fbb9-bbe7-11f1-96da-eeee0a9cddf2.OPERATION#flowable-async-job-executor-thread-5150#
[DetermineDesiredStateAchievingActionsStep] Getting application "incident-management-db-deployer"...#
#2026 09 29 09:24:24.079#Z#DEBUG#7af2fbb9-bbe7-11f1-96da-eeee0a9cddf2.OPERATION#flowable-async-job-executor-thread-5150#
[DetermineDesiredStateAchievingActionsStep] Getting instances for application "incident-management-db-deployer"...#
#2026 09 29 09:24:24.079#Z#DEBUG#7af2fbb9-bbe7-11f1-96da-eeee0a9cddf2.OPERATION#flowable-async-job-executor-thread-5150#
[DetermineDesiredStateAchievingActionsStep] Getting environment of application "5417dcc0-8ec9-404c-9f48-6c83c38b999b"...#
#2026 09 29 09:24:24.113#Z#DEBUG#7af2fbb9-bbe7-11f1-96da-eeee0a9cddf2.OPERATION#flowable-async-job-executor-thread-5150#
[DetermineDesiredStateAchievingActionsStep] Current state of application incident-management-db-deployer: STOPPED#
#2026 09 29 09:24:24.113#Z#DEBUG#7af2fbb9-bbe7-11f1-96da-eeee0a9cddf2.OPERATION#flowable-async-job-executor-thread-5150#
[DetermineDesiredStateAchievingActionsStep] Desired state of application incident-management-db-deployer: STOPPED#
#2026 09 29 09:24:24.113#Z#DEBUG#7af2fbb9-bbe7-11f1-96da-eeee0a9cddf2.OPERATION#flowable-async-job-executor-thread-5150#
[DetermineDesiredStateAchievingActionsStep] Actions that should be executed on application incident-management-db-deployer: [STAGE]#
#2026 09 29 09:24:24.113#Z#DEBUG#7af2fbb9-bbe7-11f1-96da-eeee0a9cddf2.OPERATION#flowable-async-job-executor-thread-5150#
Step "Determine Desired State Achieving Actions" finished#
#2026 09 29 09:24:23.846#Z#DEBUG#7af2fbb9-bbe7-11f1-96da-eeee0a9cddf2.OPERATION#flowable-async-job-executor-thread-6676#
[StartContentDeployStep] Executing task "startContentDeployTask" of process "8564c7f2-bbe7-11f1-96da-eeee0a9cddf2"...#
#2026 09 29 09:24:23.848#Z#DEBUG#7af2fbb9-bbe7-11f1-96da-eeee0a9cddf2.OPERATION#flowable-async-job-executor-thread-6676#
[StartContentDeployStep] Checking status of module content deployment "incident-management-app-deployer" in service "incident-management-html5-repo-host"...#
#2026 09 29 09:24:24.336#Z#DEBUG#7af2fbb9-bbe7-11f1-96da-eeee0a9cddf2.OPERATION#flowable-async-job-executor-thread-6676#
[StartContentDeployStep] Deleting content deployment resource "0127360c-7b18-40fd-a3d4-4b586c2f254b"...#
#2026 09 29 09:24:24.369#Z#DEBUG#7af2fbb9-bbe7-11f1-96da-eeee0a9cddf2.OPERATION#flowable-async-job-executor-thread-6676#
Step "Start Content Deploy" finished#
#2026 09 29 09:24:24.165#Z#DEBUG#7af2fbb9-bbe7-11f1-96da-eeee0a9cddf2.OPERATION#flowable-async-job-executor-thread-5150#
[StageAppStep] Executing task "stageAppTask" of process "8438a407-bbe7-11f1-96da-eeee0a9cddf2"...#
#2026 09 29 09:24:24.166#Z#DEBUG#7af2fbb9-bbe7-11f1-96da-eeee0a9cddf2.OPERATION#flowable-async-job-executor-thread-5150#
[StageAppStep] Application stage timeout is default one: 3,600 seconds#
#2026 09 29 09:24:24.170#Z#INFO#7af2fbb9-bbe7-11f1-96da-eeee0a9cddf2.OPERATION#flowable-async-job-executor-thread-5150#
[StageAppStep] Staging application "incident-management-db-deployer"...#
#2026 09 29 09:24:24.175#Z#DEBUG#7af2fbb9-bbe7-11f1-96da-eeee0a9cddf2.OPERATION#flowable-async-job-executor-thread-5150#
[StageAppStep] Creating build for package "6352c0bc-293d-47fe-8c50-1c24c68eb33a"...#
#2026 09 29 09:24:24.545#Z#DEBUG#7af2fbb9-bbe7-11f1-96da-eeee0a9cddf2.OPERATION#flowable-async-job-executor-thread-5150#
Step "Stage App" finished#
#2026 09 29 09:24:25.666#Z#DEBUG#7af2fbb9-bbe7-11f1-96da-eeee0a9cddf2.OPERATION#flowable-async-job-executor-thread-5145#
[DetermineVcapServicesPropertiesChangedStep] Executing task "determineVcapServicesPropertiesChangedTask" of process "902f3be5-bbe7-11f1-96da-eeee0a9cddf2"...#
#2026 09 29 09:24:25.667#Z#DEBUG#7af2fbb9-bbe7-11f1-96da-eeee0a9cddf2.OPERATION#flowable-async-job-executor-thread-5145#
[DetermineVcapServicesPropertiesChangedStep] VCAP_SERVICES properties for application "incident-management-srv" changed: true#
#2026 09 29 09:24:25.667#Z#DEBUG#7af2fbb9-bbe7-11f1-96da-eeee0a9cddf2.OPERATION#flowable-async-job-executor-thread-5145#
Step "Determine vcap services properties changed" finished#
#2026 09 29 09:24:25.695#Z#DEBUG#7af2fbb9-bbe7-11f1-96da-eeee0a9cddf2.OPERATION#flowable-async-job-executor-thread-5145#
[UploadAppStep] Executing task "uploadAppTask" of process "902f3be5-bbe7-11f1-96da-eeee0a9cddf2"...#
#2026 09 29 09:24:25.697#Z#DEBUG#7af2fbb9-bbe7-11f1-96da-eeee0a9cddf2.OPERATION#flowable-async-job-executor-thread-5145#
[UploadAppStep] Application upload timeout is default one: 3,600 seconds#
#2026 09 29 09:24:25.697#Z#INFO#7af2fbb9-bbe7-11f1-96da-eeee0a9cddf2.OPERATION#flowable-async-job-executor-thread-5145#
[UploadAppStep] Uploading application "incident-management-srv"...#
#2026 09 29 09:24:25.701#Z#DEBUG#7af2fbb9-bbe7-11f1-96da-eeee0a9cddf2.OPERATION#flowable-async-job-executor-thread-5145#
[UploadAppStep] Getting application "incident-management-srv"...#
#2026 09 29 09:24:25.730#Z#DEBUG#7af2fbb9-bbe7-11f1-96da-eeee0a9cddf2.OPERATION#flowable-async-job-executor-thread-5145#
[UploadAppStep] Getting environment of application "28a8f8e3-575e-4bf1-b16b-3f7b028fba51"...#
#2026 09 29 09:24:25.759#Z#INFO#7af2fbb9-bbe7-11f1-96da-eeee0a9cddf2.OPERATION#flowable-async-job-executor-thread-5145#
[UploadAppStep] Calculating application digest: "incident-management-srv"#
#2026 09 29 09:24:25.840#Z#DEBUG#7af2fbb9-bbe7-11f1-96da-eeee0a9cddf2.OPERATION#flowable-async-job-executor-thread-5145#
Step "Upload App" finished#
#2026 09 29 09:24:33.983#Z#DEBUG#7af2fbb9-bbe7-11f1-96da-eeee0a9cddf2.OPERATION#flowable-async-job-executor-thread-6686#
[StageAppStep] Executing task "stageAppTask" of process "8438a407-bbe7-11f1-96da-eeee0a9cddf2"...#
#2026 09 29 09:24:33.984#Z#DEBUG#7af2fbb9-bbe7-11f1-96da-eeee0a9cddf2.OPERATION#flowable-async-job-executor-thread-6686#
[StageAppStep] Application stage timeout is default one: 3,600 seconds#
#2026 09 29 09:24:33.985#Z#DEBUG#7af2fbb9-bbe7-11f1-96da-eeee0a9cddf2.OPERATION#flowable-async-job-executor-thread-6686#
[StageAppStep] Checking status of application "incident-management-db-deployer"...#
#2026 09 29 09:24:33.985#Z#DEBUG#7af2fbb9-bbe7-11f1-96da-eeee0a9cddf2.OPERATION#flowable-async-job-executor-thread-6686#
[StageAppStep] Getting build "fb73171a-07b8-4d28-af5f-0e8e6b189011"...#
#2026 09 29 09:24:34.013#Z#DEBUG#7af2fbb9-bbe7-11f1-96da-eeee0a9cddf2.OPERATION#flowable-async-job-executor-thread-6686#
[StageAppStep] Staging status of application "incident-management-db-deployer": PENDING#
#2026 09 29 09:24:34.014#Z#DEBUG#7af2fbb9-bbe7-11f1-96da-eeee0a9cddf2.OPERATION#flowable-async-job-executor-thread-6686#
[StageAppStep] Getting application guid "incident-management-db-deployer"...#
#2026 09 29 09:24:34.103#Z#DEBUG#7af2fbb9-bbe7-11f1-96da-eeee0a9cddf2.OPERATION#flowable-async-job-executor-thread-6686#
Step "Stage App" finished#
#2026 09 29 09:24:33.993#Z#DEBUG#7af2fbb9-bbe7-11f1-96da-eeee0a9cddf2.OPERATION#flowable-async-job-executor-thread-6683#
[UploadAppStep] Executing task "uploadAppTask" of process "902f3be5-bbe7-11f1-96da-eeee0a9cddf2"...#
#2026 09 29 09:24:33.994#Z#DEBUG#7af2fbb9-bbe7-11f1-96da-eeee0a9cddf2.OPERATION#flowable-async-job-executor-thread-6683#
[UploadAppStep] Application upload timeout is default one: 3,600 seconds#
#2026 09 29 09:24:33.996#Z#DEBUG#7af2fbb9-bbe7-11f1-96da-eeee0a9cddf2.OPERATION#pool-14-thread-4#
[UploadAppStep] Upload of application: incident-management-srv started on instance: 0#
#2026 09 29 09:24:33.996#Z#DEBUG#7af2fbb9-bbe7-11f1-96da-eeee0a9cddf2.OPERATION#pool-14-thread-4#
[UploadAppStep] Uploading file "incident-management-srv/data.zip" for application "incident-management-srv"#
#2026 09 29 09:24:34.121#Z#INFO#7af2fbb9-bbe7-11f1-96da-eeee0a9cddf2.OPERATION#pool-14-thread-4#
[UploadAppStep] Time elapsed for app binary download: 125 in millis#
#2026 09 29 09:24:34.121#Z#INFO#7af2fbb9-bbe7-11f1-96da-eeee0a9cddf2.OPERATION#pool-14-thread-4#
[UploadAppStep] Size of app incident-management-srv is 3,786,718 bytes#
#2026 09 29 09:24:34.121#Z#DEBUG#7af2fbb9-bbe7-11f1-96da-eeee0a9cddf2.OPERATION#pool-14-thread-4#
[UploadAppStep] Asynchronously uploading binaries for application "incident-management-srv"...#
#2026 09 29 09:24:34.333#Z#INFO#7af2fbb9-bbe7-11f1-96da-eeee0a9cddf2.OPERATION#pool-14-thread-4#
[UploadAppStep] Started async upload of application "incident-management-srv"#
#2026 09 29 09:24:34.337#Z#INFO#7af2fbb9-bbe7-11f1-96da-eeee0a9cddf2.OPERATION#flowable-async-job-executor-thread-6683#
[UploadAppStep] Time elapsed for upload: 342 in millis#
#2026 09 29 09:24:34.337#Z#DEBUG#7af2fbb9-bbe7-11f1-96da-eeee0a9cddf2.OPERATION#flowable-async-job-executor-thread-6683#
[UploadAppStep] Getting application "incident-management-srv"...#
#2026 09 29 09:24:34.365#Z#DEBUG#7af2fbb9-bbe7-11f1-96da-eeee0a9cddf2.OPERATION#flowable-async-job-executor-thread-6683#
[UploadAppStep] Getting environment of application "28a8f8e3-575e-4bf1-b16b-3f7b028fba51"...#
#2026 09 29 09:24:34.365#Z#DEBUG#7af2fbb9-bbe7-11f1-96da-eeee0a9cddf2.OPERATION#App upload monitor: 547886d5-7f1b-4bf4-b357-2e401ffbe095#
[UploadAppStep] Upload status: PROCESSING_UPLOAD#
#2026 09 29 09:24:34.399#Z#DEBUG#7af2fbb9-bbe7-11f1-96da-eeee0a9cddf2.OPERATION#flowable-async-job-executor-thread-6683#
[UploadAppStep] Updating environment of application "incident-management-srv"#
#2026 09 29 09:24:34.486#Z#DEBUG#7af2fbb9-bbe7-11f1-96da-eeee0a9cddf2.OPERATION#flowable-async-job-executor-thread-6683#
Step "Upload App" finished#
#2026 09 29 09:24:44.277#Z#DEBUG#7af2fbb9-bbe7-11f1-96da-eeee0a9cddf2.OPERATION#flowable-async-job-executor-thread-6689#
[StageAppStep] Executing task "stageAppTask" of process "8438a407-bbe7-11f1-96da-eeee0a9cddf2"...#
#2026 09 29 09:24:44.278#Z#DEBUG#7af2fbb9-bbe7-11f1-96da-eeee0a9cddf2.OPERATION#flowable-async-job-executor-thread-6689#
[StageAppStep] Application stage timeout is default one: 3,600 seconds#
#2026 09 29 09:24:44.279#Z#DEBUG#7af2fbb9-bbe7-11f1-96da-eeee0a9cddf2.OPERATION#flowable-async-job-executor-thread-6689#
[StageAppStep] Checking status of application "incident-management-db-deployer"...#
#2026 09 29 09:24:44.279#Z#DEBUG#7af2fbb9-bbe7-11f1-96da-eeee0a9cddf2.OPERATION#flowable-async-job-executor-thread-6689#
[StageAppStep] Getting build "fb73171a-07b8-4d28-af5f-0e8e6b189011"...#
#2026 09 29 09:24:44.324#Z#DEBUG#7af2fbb9-bbe7-11f1-96da-eeee0a9cddf2.OPERATION#flowable-async-job-executor-thread-6689#
[StageAppStep] Staging status of application "incident-management-db-deployer": PENDING#
#2026 09 29 09:24:44.326#Z#DEBUG#7af2fbb9-bbe7-11f1-96da-eeee0a9cddf2.OPERATION#flowable-async-job-executor-thread-6689#
[StageAppStep] Getting application guid "incident-management-db-deployer"...#
#2026 09 29 09:24:44.412#Z#DEBUG#7af2fbb9-bbe7-11f1-96da-eeee0a9cddf2.OPERATION#flowable-async-job-executor-thread-6689#
Step "Stage App" finished#
#2026 09 29 09:24:44.408#Z#DEBUG#7af2fbb9-bbe7-11f1-96da-eeee0a9cddf2.OPERATION#flowable-async-job-executor-thread-6691#
[UploadAppStep] Executing task "uploadAppTask" of process "902f3be5-bbe7-11f1-96da-eeee0a9cddf2"...#
#2026 09 29 09:24:44.411#Z#DEBUG#7af2fbb9-bbe7-11f1-96da-eeee0a9cddf2.OPERATION#flowable-async-job-executor-thread-6691#
[UploadAppStep] Application upload timeout is default one: 3,600 seconds#
#2026 09 29 09:24:44.411#Z#DEBUG#7af2fbb9-bbe7-11f1-96da-eeee0a9cddf2.OPERATION#flowable-async-job-executor-thread-6691#
[UploadAppStep] Checking upload status of application "incident-management-srv"...#
#2026 09 29 09:24:44.411#Z#DEBUG#7af2fbb9-bbe7-11f1-96da-eeee0a9cddf2.OPERATION#flowable-async-job-executor-thread-6691#
[UploadAppStep] Getting package "547886d5-7f1b-4bf4-b357-2e401ffbe095"...#
#2026 09 29 09:24:44.437#Z#DEBUG#7af2fbb9-bbe7-11f1-96da-eeee0a9cddf2.OPERATION#flowable-async-job-executor-thread-6691#
[UploadAppStep] Application "incident-management-srv" uploaded#
#2026 09 29 09:24:44.437#Z#DEBUG#7af2fbb9-bbe7-11f1-96da-eeee0a9cddf2.OPERATION#flowable-async-job-executor-thread-6691#
Step "Upload App" finished#
#2026 09 29 09:24:44.574#Z#DEBUG#7af2fbb9-bbe7-11f1-96da-eeee0a9cddf2.OPERATION#flowable-async-job-executor-thread-6688#
[ScaleAppStep] Executing task "scaleAppTask" of process "902f3be5-bbe7-11f1-96da-eeee0a9cddf2"...#
#2026 09 29 09:24:44.577#Z#DEBUG#7af2fbb9-bbe7-11f1-96da-eeee0a9cddf2.OPERATION#flowable-async-job-executor-thread-6688#
[ScaleAppStep] Scaling application "incident-management-srv"...#
#2026 09 29 09:24:44.577#Z#DEBUG#7af2fbb9-bbe7-11f1-96da-eeee0a9cddf2.OPERATION#flowable-async-job-executor-thread-6688#
[ScaleAppStep] Getting application guid "incident-management-srv"...#
#2026 09 29 09:24:44.602#Z#DEBUG#7af2fbb9-bbe7-11f1-96da-eeee0a9cddf2.OPERATION#flowable-async-job-executor-thread-6688#
[ScaleAppStep] Getting process for application "28a8f8e3-575e-4bf1-b16b-3f7b028fba51"...#
#2026 09 29 09:24:44.636#Z#DEBUG#7af2fbb9-bbe7-11f1-96da-eeee0a9cddf2.OPERATION#flowable-async-job-executor-thread-6688#
[ScaleAppStep] Application "incident-management-srv" scaled#
#2026 09 29 09:24:44.636#Z#DEBUG#7af2fbb9-bbe7-11f1-96da-eeee0a9cddf2.OPERATION#flowable-async-job-executor-thread-6688#
Step "Scale App" finished#
#2026 09 29 09:24:44.655#Z#DEBUG#7af2fbb9-bbe7-11f1-96da-eeee0a9cddf2.OPERATION#flowable-async-job-executor-thread-6688#
[DetermineDesiredStateAchievingActionsStep] Executing task "determineDesiredStateAchievingActionsTask" of process "902f3be5-bbe7-11f1-96da-eeee0a9cddf2"...#
#2026 09 29 09:24:44.657#Z#DEBUG#7af2fbb9-bbe7-11f1-96da-eeee0a9cddf2.OPERATION#flowable-async-job-executor-thread-6688#
[DetermineDesiredStateAchievingActionsStep] Getting application "incident-management-srv"...#
#2026 09 29 09:24:44.684#Z#DEBUG#7af2fbb9-bbe7-11f1-96da-eeee0a9cddf2.OPERATION#flowable-async-job-executor-thread-6688#
[DetermineDesiredStateAchievingActionsStep] Getting instances for application "incident-management-srv"...#
#2026 09 29 09:24:44.684#Z#DEBUG#7af2fbb9-bbe7-11f1-96da-eeee0a9cddf2.OPERATION#flowable-async-job-executor-thread-6688#
[DetermineDesiredStateAchievingActionsStep] Getting environment of application "28a8f8e3-575e-4bf1-b16b-3f7b028fba51"...#
#2026 09 29 09:24:44.711#Z#DEBUG#7af2fbb9-bbe7-11f1-96da-eeee0a9cddf2.OPERATION#flowable-async-job-executor-thread-6688#
[DetermineDesiredStateAchievingActionsStep] Current state of application incident-management-srv: STOPPED#
#2026 09 29 09:24:44.711#Z#DEBUG#7af2fbb9-bbe7-11f1-96da-eeee0a9cddf2.OPERATION#flowable-async-job-executor-thread-6688#
[DetermineDesiredStateAchievingActionsStep] Desired state of application incident-management-srv: STARTED#
#2026 09 29 09:24:44.711#Z#DEBUG#7af2fbb9-bbe7-11f1-96da-eeee0a9cddf2.OPERATION#flowable-async-job-executor-thread-6688#
[DetermineDesiredStateAchievingActionsStep] Actions that should be executed on application incident-management-srv: [STAGE, START]#
#2026 09 29 09:24:44.711#Z#DEBUG#7af2fbb9-bbe7-11f1-96da-eeee0a9cddf2.OPERATION#flowable-async-job-executor-thread-6688#
Step "Determine Desired State Achieving Actions" finished#
#2026 09 29 09:24:44.736#Z#DEBUG#7af2fbb9-bbe7-11f1-96da-eeee0a9cddf2.OPERATION#flowable-async-job-executor-thread-6688#
[StageAppStep] Executing task "stageAppTask" of process "902f3be5-bbe7-11f1-96da-eeee0a9cddf2"...#
#2026 09 29 09:24:44.738#Z#DEBUG#7af2fbb9-bbe7-11f1-96da-eeee0a9cddf2.OPERATION#flowable-async-job-executor-thread-6688#
[StageAppStep] Application stage timeout is default one: 3,600 seconds#
#2026 09 29 09:24:44.740#Z#INFO#7af2fbb9-bbe7-11f1-96da-eeee0a9cddf2.OPERATION#flowable-async-job-executor-thread-6688#
[StageAppStep] Staging application "incident-management-srv"...#
#2026 09 29 09:24:44.744#Z#DEBUG#7af2fbb9-bbe7-11f1-96da-eeee0a9cddf2.OPERATION#flowable-async-job-executor-thread-6688#
[StageAppStep] Creating build for package "547886d5-7f1b-4bf4-b357-2e401ffbe095"...#
#2026 09 29 09:24:45.212#Z#DEBUG#7af2fbb9-bbe7-11f1-96da-eeee0a9cddf2.OPERATION#flowable-async-job-executor-thread-6688#
Step "Stage App" finished#
#2026 09 29 09:24:54.231#Z#DEBUG#7af2fbb9-bbe7-11f1-96da-eeee0a9cddf2.OPERATION#flowable-async-job-executor-thread-5166#
[StageAppStep] Executing task "stageAppTask" of process "902f3be5-bbe7-11f1-96da-eeee0a9cddf2"...#
#2026 09 29 09:24:54.232#Z#DEBUG#7af2fbb9-bbe7-11f1-96da-eeee0a9cddf2.OPERATION#flowable-async-job-executor-thread-5166#
[StageAppStep] Application stage timeout is default one: 3,600 seconds#
#2026 09 29 09:24:54.233#Z#DEBUG#7af2fbb9-bbe7-11f1-96da-eeee0a9cddf2.OPERATION#flowable-async-job-executor-thread-5166#
[StageAppStep] Checking status of application "incident-management-srv"...#
#2026 09 29 09:24:54.233#Z#DEBUG#7af2fbb9-bbe7-11f1-96da-eeee0a9cddf2.OPERATION#flowable-async-job-executor-thread-5166#
[StageAppStep] Getting build "2155a2fb-85de-49dc-890c-b0396fd054ff"...#
#2026 09 29 09:24:54.266#Z#DEBUG#7af2fbb9-bbe7-11f1-96da-eeee0a9cddf2.OPERATION#flowable-async-job-executor-thread-5166#
[StageAppStep] Staging status of application "incident-management-srv": PENDING#
#2026 09 29 09:24:54.268#Z#DEBUG#7af2fbb9-bbe7-11f1-96da-eeee0a9cddf2.OPERATION#flowable-async-job-executor-thread-5166#
[StageAppStep] Getting application guid "incident-management-srv"...#
#2026 09 29 09:24:54.353#Z#DEBUG#7af2fbb9-bbe7-11f1-96da-eeee0a9cddf2.OPERATION#flowable-async-job-executor-thread-5166#
Step "Stage App" finished#
#2026 09 29 09:24:54.477#Z#DEBUG#7af2fbb9-bbe7-11f1-96da-eeee0a9cddf2.OPERATION#flowable-async-job-executor-thread-6707#
[StageAppStep] Executing task "stageAppTask" of process "8438a407-bbe7-11f1-96da-eeee0a9cddf2"...#
#2026 09 29 09:24:54.478#Z#DEBUG#7af2fbb9-bbe7-11f1-96da-eeee0a9cddf2.OPERATION#flowable-async-job-executor-thread-6707#
[StageAppStep] Application stage timeout is default one: 3,600 seconds#
#2026 09 29 09:24:54.479#Z#DEBUG#7af2fbb9-bbe7-11f1-96da-eeee0a9cddf2.OPERATION#flowable-async-job-executor-thread-6707#
[StageAppStep] Checking status of application "incident-management-db-deployer"...#
#2026 09 29 09:24:54.479#Z#DEBUG#7af2fbb9-bbe7-11f1-96da-eeee0a9cddf2.OPERATION#flowable-async-job-executor-thread-6707#
[StageAppStep] Getting build "fb73171a-07b8-4d28-af5f-0e8e6b189011"...#
#2026 09 29 09:24:54.512#Z#DEBUG#7af2fbb9-bbe7-11f1-96da-eeee0a9cddf2.OPERATION#flowable-async-job-executor-thread-6707#
[StageAppStep] Staging status of application "incident-management-db-deployer": STAGED#
#2026 09 29 09:24:54.513#Z#DEBUG#7af2fbb9-bbe7-11f1-96da-eeee0a9cddf2.OPERATION#flowable-async-job-executor-thread-6707#
[StageAppStep] Getting application guid "incident-management-db-deployer"...#
#2026 09 29 09:24:54.602#Z#DEBUG#7af2fbb9-bbe7-11f1-96da-eeee0a9cddf2.OPERATION#flowable-async-job-executor-thread-6707#
[StageAppStep] Getting build "fb73171a-07b8-4d28-af5f-0e8e6b189011"...#
#2026 09 29 09:24:54.634#Z#DEBUG#7af2fbb9-bbe7-11f1-96da-eeee0a9cddf2.OPERATION#flowable-async-job-executor-thread-6707#
[StageAppStep] Binding droplet "228c5766-3b33-4257-b5a8-8babaca45de2" to application "5417dcc0-8ec9-404c-9f48-6c83c38b999b"...#
#2026 09 29 09:24:54.678#Z#INFO#7af2fbb9-bbe7-11f1-96da-eeee0a9cddf2.OPERATION#flowable-async-job-executor-thread-6707#
[StageAppStep] Application "incident-management-db-deployer" staged#
#2026 09 29 09:24:54.684#Z#DEBUG#7af2fbb9-bbe7-11f1-96da-eeee0a9cddf2.OPERATION#flowable-async-job-executor-thread-6707#
Step "Stage App" finished#
#2026 09 29 09:24:54.750#Z#DEBUG#7af2fbb9-bbe7-11f1-96da-eeee0a9cddf2.OPERATION#flowable-async-job-executor-thread-6707#
[PrepareToExecuteTasksStep] Executing task "prepareToExecuteTasksTask" of process "a1895fca-bbe7-11f1-8bc6-eeee0a95f271"...#
#2026 09 29 09:24:54.752#Z#DEBUG#7af2fbb9-bbe7-11f1-96da-eeee0a9cddf2.OPERATION#flowable-async-job-executor-thread-6707#
Step "Prepare To Execute Tasks" finished#
#2026 09 29 09:24:54.775#Z#DEBUG#7af2fbb9-bbe7-11f1-96da-eeee0a9cddf2.OPERATION#flowable-async-job-executor-thread-6707#
[ExecuteTaskStep] Executing task "executeTaskTask" of process "a1895fca-bbe7-11f1-8bc6-eeee0a95f271"...#
#2026 09 29 09:24:54.777#Z#DEBUG#7af2fbb9-bbe7-11f1-96da-eeee0a9cddf2.OPERATION#flowable-async-job-executor-thread-6707#
[ExecuteTaskStep] Application task execution timeout is default one: 43,200 seconds#
#2026 09 29 09:24:54.780#Z#INFO#7af2fbb9-bbe7-11f1-96da-eeee0a9cddf2.OPERATION#flowable-async-job-executor-thread-6707#
[ExecuteTaskStep] Executing task "deploy" on application "incident-management-db-deployer"...#
#2026 09 29 09:24:54.784#Z#DEBUG#7af2fbb9-bbe7-11f1-96da-eeee0a9cddf2.OPERATION#flowable-async-job-executor-thread-6707#
[ExecuteTaskStep] Running task on application "incident-management-db-deployer": {
  "name" : "deploy",
  "command" : "npm start",
  "limits" : {
    "memory" : 256
  }
}#
#2026 09 29 09:24:55.032#Z#DEBUG#7af2fbb9-bbe7-11f1-96da-eeee0a9cddf2.OPERATION#flowable-async-job-executor-thread-6707#
Step "Execute Task" finished#
#2026 09 29 09:25:04.335#Z#DEBUG#7af2fbb9-bbe7-11f1-96da-eeee0a9cddf2.OPERATION#flowable-async-job-executor-thread-4497#
[ExecuteTaskStep] Executing task "executeTaskTask" of process "a1895fca-bbe7-11f1-8bc6-eeee0a95f271"...#
#2026 09 29 09:25:04.338#Z#DEBUG#7af2fbb9-bbe7-11f1-96da-eeee0a9cddf2.OPERATION#flowable-async-job-executor-thread-4497#
[ExecuteTaskStep] Application task execution timeout is default one: 43,200 seconds#
#2026 09 29 09:25:04.340#Z#DEBUG#7af2fbb9-bbe7-11f1-96da-eeee0a9cddf2.OPERATION#flowable-async-job-executor-thread-4497#
[ExecuteTaskStep] Getting task "bc5750ad-d6d6-4d4b-ae9d-5ae55b7ba1f7"...#
#2026 09 29 09:25:04.369#Z#DEBUG#7af2fbb9-bbe7-11f1-96da-eeee0a9cddf2.OPERATION#flowable-async-job-executor-thread-4497#
[ExecuteTaskStep] Task execution status: running#
#2026 09 29 09:25:04.371#Z#DEBUG#7af2fbb9-bbe7-11f1-96da-eeee0a9cddf2.OPERATION#flowable-async-job-executor-thread-4497#
[ExecuteTaskStep] Getting application guid "incident-management-db-deployer"...#
#2026 09 29 09:25:04.462#Z#DEBUG#7af2fbb9-bbe7-11f1-96da-eeee0a9cddf2.OPERATION#flowable-async-job-executor-thread-4497#
Step "Execute Task" finished#
#2026 09 29 09:25:04.455#Z#DEBUG#7af2fbb9-bbe7-11f1-96da-eeee0a9cddf2.OPERATION#flowable-async-job-executor-thread-6713#
[StageAppStep] Executing task "stageAppTask" of process "902f3be5-bbe7-11f1-96da-eeee0a9cddf2"...#
#2026 09 29 09:25:04.457#Z#DEBUG#7af2fbb9-bbe7-11f1-96da-eeee0a9cddf2.OPERATION#flowable-async-job-executor-thread-6713#
[StageAppStep] Application stage timeout is default one: 3,600 seconds#
#2026 09 29 09:25:04.458#Z#DEBUG#7af2fbb9-bbe7-11f1-96da-eeee0a9cddf2.OPERATION#flowable-async-job-executor-thread-6713#
[StageAppStep] Checking status of application "incident-management-srv"...#
#2026 09 29 09:25:04.458#Z#DEBUG#7af2fbb9-bbe7-11f1-96da-eeee0a9cddf2.OPERATION#flowable-async-job-executor-thread-6713#
[StageAppStep] Getting build "2155a2fb-85de-49dc-890c-b0396fd054ff"...#
#2026 09 29 09:25:04.487#Z#DEBUG#7af2fbb9-bbe7-11f1-96da-eeee0a9cddf2.OPERATION#flowable-async-job-executor-thread-6713#
[StageAppStep] Staging status of application "incident-management-srv": PENDING#
#2026 09 29 09:25:04.488#Z#DEBUG#7af2fbb9-bbe7-11f1-96da-eeee0a9cddf2.OPERATION#flowable-async-job-executor-thread-6713#
[StageAppStep] Getting application guid "incident-management-srv"...#
#2026 09 29 09:25:04.567#Z#DEBUG#7af2fbb9-bbe7-11f1-96da-eeee0a9cddf2.OPERATION#flowable-async-job-executor-thread-6713#
Step "Stage App" finished#
#2026 09 29 09:25:14.403#Z#DEBUG#7af2fbb9-bbe7-11f1-96da-eeee0a9cddf2.OPERATION#flowable-async-job-executor-thread-6719#
[ExecuteTaskStep] Executing task "executeTaskTask" of process "a1895fca-bbe7-11f1-8bc6-eeee0a95f271"...#
#2026 09 29 09:25:14.405#Z#DEBUG#7af2fbb9-bbe7-11f1-96da-eeee0a9cddf2.OPERATION#flowable-async-job-executor-thread-6719#
[ExecuteTaskStep] Application task execution timeout is default one: 43,200 seconds#
#2026 09 29 09:25:14.405#Z#DEBUG#7af2fbb9-bbe7-11f1-96da-eeee0a9cddf2.OPERATION#flowable-async-job-executor-thread-6719#
[ExecuteTaskStep] Getting task "bc5750ad-d6d6-4d4b-ae9d-5ae55b7ba1f7"...#
#2026 09 29 09:25:14.452#Z#DEBUG#7af2fbb9-bbe7-11f1-96da-eeee0a9cddf2.OPERATION#flowable-async-job-executor-thread-6719#
[ExecuteTaskStep] Task execution status: failed#
#2026 09 29 09:25:14.453#Z#DEBUG#7af2fbb9-bbe7-11f1-96da-eeee0a9cddf2.OPERATION#flowable-async-job-executor-thread-6719#
[ExecuteTaskStep] Getting application guid "incident-management-db-deployer"...#
#2026 09 29 09:25:14.538#Z#ERROR#7af2fbb9-bbe7-11f1-96da-eeee0a9cddf2.OPERATION#flowable-async-job-executor-thread-6719#
[ExecuteTaskStep] Execution of task "deploy" on application "incident-management-db-deployer" failed.#
#2026 09 29 09:25:14.542#Z#INFO#7af2fbb9-bbe7-11f1-96da-eeee0a9cddf2.OPERATION#flowable-async-job-executor-thread-6719#
[ExecuteTaskStep] Download the MTA operation logs for more details.#
#2026 09 29 09:25:14.545#Z#DEBUG#7af2fbb9-bbe7-11f1-96da-eeee0a9cddf2.OPERATION#flowable-async-job-executor-thread-6719#
Step "Execute Task" finished#
#2026 09 29 09:25:14.477#Z#DEBUG#7af2fbb9-bbe7-11f1-96da-eeee0a9cddf2.OPERATION#flowable-async-job-executor-thread-6717#
[StageAppStep] Executing task "stageAppTask" of process "902f3be5-bbe7-11f1-96da-eeee0a9cddf2"...#
#2026 09 29 09:25:14.478#Z#DEBUG#7af2fbb9-bbe7-11f1-96da-eeee0a9cddf2.OPERATION#flowable-async-job-executor-thread-6717#
[StageAppStep] Application stage timeout is default one: 3,600 seconds#
#2026 09 29 09:25:14.480#Z#DEBUG#7af2fbb9-bbe7-11f1-96da-eeee0a9cddf2.OPERATION#flowable-async-job-executor-thread-6717#
[StageAppStep] Checking status of application "incident-management-srv"...#
#2026 09 29 09:25:14.480#Z#DEBUG#7af2fbb9-bbe7-11f1-96da-eeee0a9cddf2.OPERATION#flowable-async-job-executor-thread-6717#
[StageAppStep] Getting build "2155a2fb-85de-49dc-890c-b0396fd054ff"...#
#2026 09 29 09:25:14.508#Z#DEBUG#7af2fbb9-bbe7-11f1-96da-eeee0a9cddf2.OPERATION#flowable-async-job-executor-thread-6717#
[StageAppStep] Staging status of application "incident-management-srv": STAGED#
#2026 09 29 09:25:14.510#Z#DEBUG#7af2fbb9-bbe7-11f1-96da-eeee0a9cddf2.OPERATION#flowable-async-job-executor-thread-6717#
[StageAppStep] Getting application guid "incident-management-srv"...#
#2026 09 29 09:25:14.587#Z#DEBUG#7af2fbb9-bbe7-11f1-96da-eeee0a9cddf2.OPERATION#flowable-async-job-executor-thread-6717#
[StageAppStep] Getting build "2155a2fb-85de-49dc-890c-b0396fd054ff"...#
#2026 09 29 09:25:14.626#Z#DEBUG#7af2fbb9-bbe7-11f1-96da-eeee0a9cddf2.OPERATION#flowable-async-job-executor-thread-6717#
[StageAppStep] Binding droplet "49e3f411-2c84-4a22-b6da-68133647dd35" to application "28a8f8e3-575e-4bf1-b16b-3f7b028fba51"...#
#2026 09 29 09:25:14.682#Z#INFO#7af2fbb9-bbe7-11f1-96da-eeee0a9cddf2.OPERATION#flowable-async-job-executor-thread-6717#
[StageAppStep] Application "incident-management-srv" staged#
#2026 09 29 09:25:14.688#Z#DEBUG#7af2fbb9-bbe7-11f1-96da-eeee0a9cddf2.OPERATION#flowable-async-job-executor-thread-6717#
Step "Stage App" finished#
#2026 09 29 09:25:14.714#Z#DEBUG#7af2fbb9-bbe7-11f1-96da-eeee0a9cddf2.OPERATION#flowable-async-job-executor-thread-6717#
[RestartAppStep] Executing task "startAppTask" of process "902f3be5-bbe7-11f1-96da-eeee0a9cddf2"...#
#2026 09 29 09:25:14.716#Z#DEBUG#7af2fbb9-bbe7-11f1-96da-eeee0a9cddf2.OPERATION#flowable-async-job-executor-thread-6717#
[RestartAppStep] Application start timeout is default one: 3,600 seconds#
#2026 09 29 09:25:14.769#Z#DEBUG#7af2fbb9-bbe7-11f1-96da-eeee0a9cddf2.OPERATION#flowable-async-job-executor-thread-6717#
[RestartAppStep] Getting application "incident-management-srv"...#
#2026 09 29 09:25:14.816#Z#INFO#7af2fbb9-bbe7-11f1-96da-eeee0a9cddf2.OPERATION#flowable-async-job-executor-thread-6717#
[RestartAppStep] Starting application "incident-management-srv"...#
#2026 09 29 09:25:14.820#Z#DEBUG#7af2fbb9-bbe7-11f1-96da-eeee0a9cddf2.OPERATION#flowable-async-job-executor-thread-6717#
[RestartAppStep] Starting application "incident-management-srv"...#
#2026 09 29 09:25:15.079#Z#DEBUG#7af2fbb9-bbe7-11f1-96da-eeee0a9cddf2.OPERATION#flowable-async-job-executor-thread-6717#
Step "Start App" finished#
#2026 09 29 09:25:24.456#Z#DEBUG#7af2fbb9-bbe7-11f1-96da-eeee0a9cddf2.OPERATION#flowable-async-job-executor-thread-6724#
[RestartAppStep] Executing task "startAppTask" of process "adad2127-bbe7-11f1-8bc6-eeee0a95f271"...#
#2026 09 29 09:25:24.458#Z#DEBUG#7af2fbb9-bbe7-11f1-96da-eeee0a9cddf2.OPERATION#flowable-async-job-executor-thread-6724#
[RestartAppStep] Application start timeout is default one: 3,600 seconds#
#2026 09 29 09:25:24.459#Z#DEBUG#7af2fbb9-bbe7-11f1-96da-eeee0a9cddf2.OPERATION#flowable-async-job-executor-thread-6724#
[RestartAppStep] Checking status of application "incident-management-srv"...#
#2026 09 29 09:25:24.459#Z#DEBUG#7af2fbb9-bbe7-11f1-96da-eeee0a9cddf2.OPERATION#flowable-async-job-executor-thread-6724#
[RestartAppStep] Getting application "incident-management-srv"...#
#2026 09 29 09:25:24.486#Z#DEBUG#7af2fbb9-bbe7-11f1-96da-eeee0a9cddf2.OPERATION#flowable-async-job-executor-thread-6724#
[RestartAppStep] Getting instances for application "incident-management-srv"...#
#2026 09 29 09:25:24.564#Z#DEBUG#7af2fbb9-bbe7-11f1-96da-eeee0a9cddf2.OPERATION#flowable-async-job-executor-thread-6724#
[RestartAppStep] Application "incident-management-srv": 0 of 1 instances running (1 starting)#
#2026 09 29 09:25:24.618#Z#DEBUG#7af2fbb9-bbe7-11f1-96da-eeee0a9cddf2.OPERATION#flowable-async-job-executor-thread-6724#
Step "Start App" finished#
#2026 09 29 09:25:34.590#Z#DEBUG#7af2fbb9-bbe7-11f1-96da-eeee0a9cddf2.OPERATION#flowable-async-job-executor-thread-5184#
[RestartAppStep] Executing task "startAppTask" of process "b35c352a-bbe7-11f1-8bc6-eeee0a95f271"...#
#2026 09 29 09:25:34.592#Z#DEBUG#7af2fbb9-bbe7-11f1-96da-eeee0a9cddf2.OPERATION#flowable-async-job-executor-thread-5184#
[RestartAppStep] Application start timeout is default one: 3,600 seconds#
#2026 09 29 09:25:34.592#Z#DEBUG#7af2fbb9-bbe7-11f1-96da-eeee0a9cddf2.OPERATION#flowable-async-job-executor-thread-5184#
[RestartAppStep] Checking status of application "incident-management-srv"...#
#2026 09 29 09:25:34.593#Z#DEBUG#7af2fbb9-bbe7-11f1-96da-eeee0a9cddf2.OPERATION#flowable-async-job-executor-thread-5184#
[RestartAppStep] Getting instances for application "incident-management-srv"...#
#2026 09 29 09:25:34.622#Z#DEBUG#7af2fbb9-bbe7-11f1-96da-eeee0a9cddf2.OPERATION#flowable-async-job-executor-thread-5184#
[RestartAppStep] Application "incident-management-srv": 1 of 1 instances running (1 running)#
#2026 09 29 09:25:34.676#Z#DEBUG#7af2fbb9-bbe7-11f1-96da-eeee0a9cddf2.OPERATION#flowable-async-job-executor-thread-5184#
[RestartAppStep] Getting routes for application "28a8f8e3-575e-4bf1-b16b-3f7b028fba51"...#
#2026 09 29 09:25:34.706#Z#INFO#7af2fbb9-bbe7-11f1-96da-eeee0a9cddf2.OPERATION#flowable-async-job-executor-thread-5184#
[RestartAppStep] Application "incident-management-srv" started and available at "277e0127trial-dev-incident-management-srv.cfapps.us10-001.hana.ondemand.com"#
#2026 09 29 09:25:34.711#Z#DEBUG#7af2fbb9-bbe7-11f1-96da-eeee0a9cddf2.OPERATION#flowable-async-job-executor-thread-5184#
Step "Start App" finished#
#2026 09 29 09:25:44.664#Z#DEBUG#7af2fbb9-bbe7-11f1-96da-eeee0a9cddf2.OPERATION#flowable-async-job-executor-thread-4517#
[RestartAppStep] Executing task "startAppTask" of process "b96094e7-bbe7-11f1-96da-eeee0a9cddf2"...#
#2026 09 29 09:25:44.667#Z#DEBUG#7af2fbb9-bbe7-11f1-96da-eeee0a9cddf2.OPERATION#flowable-async-job-executor-thread-4517#
[RestartAppStep] Application start timeout is default one: 3,600 seconds#
#2026 09 29 09:25:44.669#Z#DEBUG#7af2fbb9-bbe7-11f1-96da-eeee0a9cddf2.OPERATION#flowable-async-job-executor-thread-4517#
Step "Start App" finished#
#2026 09 29 09:25:44.758#Z#DEBUG#7af2fbb9-bbe7-11f1-96da-eeee0a9cddf2.OPERATION#flowable-async-job-executor-thread-4520#
[PrepareToExecuteTasksStep] Executing task "prepareToExecuteTasksTask" of process "bf55da81-bbe7-11f1-abd8-eeee0a85e26d"...#
#2026 09 29 09:25:44.760#Z#DEBUG#7af2fbb9-bbe7-11f1-96da-eeee0a9cddf2.OPERATION#flowable-async-job-executor-thread-4520#
Step "Prepare To Execute Tasks" finished#
#2026 09 29 09:25:44.818#Z#DEBUG#7af2fbb9-bbe7-11f1-96da-eeee0a9cddf2.OPERATION#flowable-async-job-executor-thread-4520#
[PublishConfigurationEntriesStep] Executing task "publishProvidedDependenciesTask" of process "bf500dfd-bbe7-11f1-abd8-eeee0a85e26d"...#
#2026 09 29 09:25:44.819#Z#DEBUG#7af2fbb9-bbe7-11f1-96da-eeee0a9cddf2.OPERATION#flowable-async-job-executor-thread-4520#
[PublishConfigurationEntriesStep] Publishing public provided dependencies for application "incident-management-srv"...#
#2026 09 29 09:25:44.820#Z#DEBUG#7af2fbb9-bbe7-11f1-96da-eeee0a9cddf2.OPERATION#flowable-async-job-executor-thread-4520#
[PublishConfigurationEntriesStep] No public provided dependencies for publishing#
#2026 09 29 09:25:44.820#Z#DEBUG#7af2fbb9-bbe7-11f1-96da-eeee0a9cddf2.OPERATION#flowable-async-job-executor-thread-4520#
Step "Publish Provided Dependencies" finished#
#2026 09 29 09:25:44.864#Z#DEBUG#7af2fbb9-bbe7-11f1-96da-eeee0a9cddf2.OPERATION#flowable-async-job-executor-thread-4520#
[CreateOrUpdateServiceBrokerStep] Executing task "createOrUpdateServiceBrokerTask" of process "bf500dfd-bbe7-11f1-abd8-eeee0a85e26d"...#
#2026 09 29 09:25:44.866#Z#DEBUG#7af2fbb9-bbe7-11f1-96da-eeee0a9cddf2.OPERATION#flowable-async-job-executor-thread-4520#
[CreateOrUpdateServiceBrokerStep] Creating service brokers...#
#2026 09 29 09:25:44.867#Z#DEBUG#7af2fbb9-bbe7-11f1-96da-eeee0a9cddf2.OPERATION#flowable-async-job-executor-thread-4520#
Step "Create Or Update Service Broker " finished#
